review_rank,source_index,date,model_partition,pca_reconstruction_error,anomaly_score_ratio,is_final_pca_anomaly,anomaly_score_margin,anomaly_score_excess_pct,anomaly_direction,anomaly_severity,track_id,artist,country,streams,position,severity_rank,is_high_priority_review,priority_score
1,5032126,2022-08-18,Test,12.251286917873044,128.72213802528375,True,12.156110694840867,12772.213802528375,Positive,Extreme,7MXVkk9YMctZqd1Srtv4MB,"['The Weeknd', 'Daft Punk']",in,895899,88,4,True,386.16641407585126
2,2966983,2015-07-23,Training,11.939791679382324,125.44931180286251,True,11.844615456350148,12444.93118028625,Positive,Extreme,4WjH9Bzt3kx7z8kl0awxh4,"['Major Lazer', 'MØ', 'DJ Snake']",ni,11067,1,4,True,376.34793540858755
3,511975,2013-09-22,Training,11.690001487731934,122.82480976136058,True,11.594825264699757,12182.480976136058,Negative,Extreme,0nrRP2bk19rLc0orkWPQk2,['Avicii'],lu,1214,1,4,True,368.47442928408174
4,2966982,2015-07-16,Training,11.65617561340332,122.46940719072929,True,11.560999390371144,12146.940719072929,Negative,Extreme,4WjH9Bzt3kx7z8kl0awxh4,"['Major Lazer', 'MØ', 'DJ Snake']",ni,4966,1,4,True,367.40822157218787
5,511976,2013-09-29,Training,11.62905216217041,122.18442581230518,True,11.533875939138234,12118.442581230518,Negative,Extreme,0nrRP2bk19rLc0orkWPQk2,['Avicii'],lu,1141,1,4,True,366.55327743691555
6,2966984,2015-07-30,Training,11.628202438354492,122.17549791215484,True,11.533026215322316,12117.549791215484,Negative,Extreme,4WjH9Bzt3kx7z8kl0awxh4,"['Major Lazer', 'MØ', 'DJ Snake']",ni,6581,1,4,True,366.52649373646454
7,4201053,2022-08-18,Test,6.056146367281645,63.630875173878366,True,5.960970144249468,6263.087517387837,Negative,Extreme,6JIC3hbC28JZKZ8AlAqX8h,"['Elton John', 'Dua Lipa', 'PNAU']",nl,461545,39,4,True,190.8926255216351
8,2963307,2015-07-02,Training,6.051588535308838,63.58298682710854,True,5.956412312276661,6258.298682710854,Positive,Extreme,4WjH9Bzt3kx7z8kl0awxh4,"['Major Lazer', 'MØ', 'DJ Snake']",bg,10594,1,4,True,190.74896048132564
9,2117926,2022-08-18,Test,5.807989968875154,61.023539113457105,True,5.712813745842977,6002.35391134571,Negative,Extreme,3CsYuAe0Oi7t9w1jxWfHob,['Kaho Hung'],hk,70818,42,4,True,183.0706173403713
10,4200061,2022-08-18,Test,5.523021892354063,58.02942916201734,True,5.4278456693218855,5702.942916201734,Positive,Extreme,6JIC3hbC28JZKZ8AlAqX8h,"['Elton John', 'Dua Lipa', 'PNAU']",hu,77615,35,4,True,174.08828748605202
11,4199027,2022-08-18,Test,4.785288442883685,50.27819228827663,True,4.690112219851508,4927.819228827663,Negative,Extreme,6JIC3hbC28JZKZ8AlAqX8h,"['Elton John', 'Dua Lipa', 'PNAU']",de,850308,54,4,True,150.8345768648299
12,2963309,2015-07-16,Training,4.499161243438721,47.27190363414258,True,4.403985020406544,4627.190363414258,Negative,Extreme,4WjH9Bzt3kx7z8kl0awxh4,"['Major Lazer', 'MØ', 'DJ Snake']",bg,3852,1,4,True,141.81571090242775
13,4199563,2022-08-18,Test,4.1501409706454915,43.604808411470906,True,4.054964747613314,4260.48084114709,Negative,Extreme,6JIC3hbC28JZKZ8AlAqX8h,"['Elton John', 'Dua Lipa', 'PNAU']",fr,678226,44,4,True,130.8144252344127
14,3618103,2022-08-18,Test,3.8289413614600702,40.23002005622349,True,3.7337651384278936,3923.002005622349,Positive,Extreme,5UV2oqgMXvlkOvvtK3aT7f,['mor ve ötesi'],tr,794362,54,4,True,120.69006016867047
15,4201139,2022-08-18,Test,3.6122802493589417,37.953599483956395,True,3.517104026326765,3695.3599483956395,Negative,Extreme,6JIC3hbC28JZKZ8AlAqX8h,"['Elton John', 'Dua Lipa', 'PNAU']",no,200775,43,4,True,113.86079845186919
16,2613425,2022-08-18,Test,3.5822578109298715,37.638158951934855,True,3.487081587897695,3663.8158951934856,Negative,Extreme,3w75Uvn1cojNlBhQoxpVP3,['Fabio Asher'],id,2241481,5,4,True,112.91447685580457
17,4198164,2022-08-18,Test,3.482957165780143,36.59482436703378,True,3.387780942747966,3559.482436703378,Negative,Extreme,6JIC3hbC28JZKZ8AlAqX8h,"['Elton John', 'Dua Lipa', 'PNAU']",be,160730,28,4,True,109.78447310110134
18,133855,2022-08-18,Test,3.43617340315977,36.10327552079982,True,3.3409971801275935,3510.327552079982,Positive,Extreme,0BWEkqsmPe3qOzrRVztHU3,"['Paulo e Nathan', 'Hugo & Guilherme']",br,2648027,28,4,True,108.30982656239945
19,5034021,2022-08-18,Test,3.389167187801949,35.609389402394704,True,3.2939909647697725,3460.9389402394704,Positive,Extreme,7MXVkk9YMctZqd1Srtv4MB,"['The Weeknd', 'Daft Punk']",sa,35710,41,4,True,106.82816820718412
20,2963308,2015-07-09,Training,3.269824504852295,34.355476616747524,True,3.1746482818201183,3335.5476616747524,Negative,Extreme,4WjH9Bzt3kx7z8kl0awxh4,"['Major Lazer', 'MØ', 'DJ Snake']",bg,6998,1,4,True,103.06642985024257
21,4201571,2022-08-18,Test,3.1299918141463032,32.88627888803835,True,3.0348155911141266,3188.6278888038346,Negative,Extreme,6JIC3hbC28JZKZ8AlAqX8h,"['Elton John', 'Dua Lipa', 'PNAU']",pt,132157,28,4,True,98.65883666411504
22,4199506,2022-08-18,Test,3.0887819594706505,32.453294121856565,True,2.993605736438474,3145.3294121856566,Negative,Extreme,6JIC3hbC28JZKZ8AlAqX8h,"['Elton John', 'Dua Lipa', 'PNAU']",fi,52274,135,4,True,97.35988236556969
23,3159033,2016-11-10,Training,3.0281524658203125,31.81627059099171,True,2.932976242788136,3081.627059099171,Negative,Extreme,4pdPtRcBmOSQDlJ3Fk945m,"['DJ Snake', 'Justin Bieber']",ad,1108,1,4,True,95.44881177297513
24,4197994,2022-08-18,Test,2.9946560163900062,31.464329230395986,True,2.8994797933578296,3046.432923039599,Negative,Extreme,6JIC3hbC28JZKZ8AlAqX8h,"['Elton John', 'Dua Lipa', 'PNAU']",at,83899,32,4,True,94.39298769118795
25,4200638,2022-08-18,Test,2.7368479815847104,28.755585107211594,True,2.6416717585525338,2775.5585107211596,Negative,Extreme,6JIC3hbC28JZKZ8AlAqX8h,"['Elton John', 'Dua Lipa', 'PNAU']",lu,11134,13,4,True,86.26675532163478
26,2963310,2015-07-23,Training,2.3749070167541504,24.952734423504626,True,2.2797307937219737,2395.2734423504626,Positive,Extreme,4WjH9Bzt3kx7z8kl0awxh4,"['Major Lazer', 'MØ', 'DJ Snake']",bg,9261,1,4,True,74.85820327051388
27,3159034,2016-11-17,Training,2.363884687423706,24.836924728821554,True,2.2687084643915294,2383.6924728821555,Negative,Extreme,4pdPtRcBmOSQDlJ3Fk945m,"['DJ Snake', 'Justin Bieber']",ad,1069,2,4,True,74.51077418646466
28,4198942,2022-08-18,Test,2.239608877474636,23.531180436919414,True,2.1444326544424595,2253.1180436919412,Negative,Extreme,6JIC3hbC28JZKZ8AlAqX8h,"['Elton John', 'Dua Lipa', 'PNAU']",cz,77891,33,4,True,70.59354131075824
29,158175,2016-01-07,Training,2.2213141918182373,23.338961360835526,True,2.1261379687860607,2233.896136083553,Negative,Extreme,0ENSn4fwAbCGeFGVUbXEU3,['Adele'],ad,1033,2,4,True,70.01688408250658
30,4198532,2022-08-18,Test,1.8386449776989784,19.318322571776964,True,1.7434687546668017,1831.8322571776964,Negative,Extreme,6JIC3hbC28JZKZ8AlAqX8h,"['Elton John', 'Dua Lipa', 'PNAU']",ch,117827,25,4,True,57.954967715330895
31,1198138,2022-08-18,Test,1.7599166778581556,18.49113803626323,True,1.664740454825979,1749.113803626323,Negative,Extreme,1w3eUC89GPspKpi62tPwjt,['Hoàng Dũng'],vn,102931,56,4,True,55.47341410878969
32,2963311,2015-07-30,Training,1.7506977319717407,18.394276177358634,True,1.655521508939564,1739.4276177358634,Negative,Extreme,4WjH9Bzt3kx7z8kl0awxh4,"['Major Lazer', 'MØ', 'DJ Snake']",bg,5058,1,4,True,55.1828285320759
33,1984632,2015-03-22,Training,1.5561645030975342,16.350349420479034,True,1.4609882800653575,1535.0349420479033,Negative,Extreme,32OlwWuMpZ6b0aN2RZOeMS,"['Mark Ronson', 'Bruno Mars']",bg,2059,1,4,True,49.0510482614371
34,4200552,2022-08-18,Test,1.5049782382648256,15.812544250217089,True,1.409802015232649,1481.2544250217088,Negative,Extreme,6JIC3hbC28JZKZ8AlAqX8h,"['Elton John', 'Dua Lipa', 'PNAU']",lt,30507,13,4,True,47.43763275065127
35,4199333,2022-08-18,Test,1.4721873080151051,15.468015656782207,True,1.3770110849829285,1446.8015656782206,Positive,Extreme,6JIC3hbC28JZKZ8AlAqX8h,"['Elton John', 'Dua Lipa', 'PNAU']",ee,12276,37,4,True,46.40404697034662
36,2963435,2015-07-09,Training,1.4284673929214478,15.008658122927594,True,1.333291169889271,1400.8658122927593,Negative,Extreme,4WjH9Bzt3kx7z8kl0awxh4,"['Major Lazer', 'MØ', 'DJ Snake']",bo,8004,1,4,True,45.025974368782784
37,1164419,2022-08-18,Test,1.2610135110876257,13.249249349402193,True,1.165837288055449,1224.9249349402194,Negative,Extreme,1sbNEFiURUYfy024cJX8JG,['Feid'],co,988999,8,4,True,39.74774804820658
38,2613472,2022-08-18,Test,1.2411728969553149,13.040787472052813,True,1.1459966739231382,1204.0787472052812,Negative,Extreme,3w75Uvn1cojNlBhQoxpVP3,['Fabio Asher'],my,392886,4,4,True,39.12236241615844
39,1934432,2022-08-18,Test,1.2328919820434874,12.953781341235583,True,1.1377157590113107,1195.3781341235583,Negative,Extreme,2wqnUV5B4g6u3somiH9JkX,['Lomepal'],fr,403280,109,4,True,38.86134402370675
40,5239468,2022-08-18,Test,1.1552796542668355,12.138322129848165,True,1.0601034312346589,1113.8322129848166,Negative,Extreme,7oBUoEbCDF748UkHnLusUB,['Thịnh Suy'],vn,89387,73,4,True,36.414966389544496
41,1984718,2015-03-22,Training,1.069688320159912,11.239028888531086,True,0.9745120971277353,1023.9028888531086,Negative,Extreme,32OlwWuMpZ6b0aN2RZOeMS,"['Mark Ronson', 'Bruno Mars']",bo,7712,2,4,True,33.71708666559326
42,4201933,2022-08-18,Test,1.0499884243779412,11.032045514381947,True,0.9548122013457644,1003.2045514381947,Negative,Extreme,6JIC3hbC28JZKZ8AlAqX8h,"['Elton John', 'Dua Lipa', 'PNAU']",sk,32162,25,4,True,33.09613654314584
43,4064844,2016-02-04,Training,1.0229501724243164,10.747959309947424,True,0.9277739493921396,974.7959309947424,Negative,Extreme,69bp2EbF7Q2rqc5N3ylezZ,['Justin Bieber'],ad,1080,2,4,True,32.24387792984227
44,2616247,2019-08-15,Validation,1.0015723705291748,10.523346468482657,True,0.906396147496998,952.3346468482657,Negative,Extreme,3wjl3uPGckJUAeI5cRG0bZ,"['Mente Fuerte', 'Hawk', 'Baghdad']",gr,145226,2,4,True,31.57003940544797
45,2966668,2015-07-23,Training,0.9883685111999512,10.3846158180264,True,0.8931922881677744,938.46158180264,Positive,Extreme,4WjH9Bzt3kx7z8kl0awxh4,"['Major Lazer', 'MØ', 'DJ Snake']",mt,7486,1,4,True,31.1538474540792
46,1188993,2022-08-18,Test,0.9704524744957064,10.196375140539253,True,0.8752762514635296,919.6375140539253,Positive,Extreme,1v7L65Lzy0j0vdpRjJewt1,['Eminem'],de,414706,176,4,True,30.58912542161776
47,3045825,2015-07-30,Training,0.9575773477554321,10.061098426144719,True,0.8624011247232554,906.1098426144719,Negative,Extreme,4fTHdMTq0Znl3djLI1Typn,"['OMI', 'Felix Jaehn']",mt,3575,1,4,True,30.18329527843416
48,3492260,2022-03-17,Test,0.9499755098223209,9.981227238878324,True,0.8547992867901442,898.1227238878324,Positive,Extreme,5KawlOMHjWeUjQtnuRs22c,"['BTS', 'Halsey']",vn,99695,44,4,True,29.94368171663497
49,2222344,2015-07-23,Training,0.9368362426757812,9.843175247236486,True,0.8416600196436045,884.3175247236486,Positive,Extreme,3O2MsMZHCgSbRGEca5ML1N,['Loïc Nottet'],se,62964,193,4,True,29.529525741709456
50,1219287,2016-08-18,Training,0.9225360751152039,9.692925877120771,True,0.8273598520830271,869.2925877120772,Negative,Extreme,1xznGGDReH1oQq0xzbwXa3,"['Drake', 'Wizkid', 'Kyla']",ad,1126,2,4,True,29.078777631362314
51,4199191,2022-08-18,Test,0.9183673103941072,9.649125392206727,True,0.8231910873619305,864.9125392206727,Positive,Extreme,6JIC3hbC28JZKZ8AlAqX8h,"['Elton John', 'Dua Lipa', 'PNAU']",do,21432,117,4,True,28.947376176620182
52,1164985,2022-09-22,Test,0.912000637985806,9.582231873999465,True,0.8168244149536292,858.2231873999465,Positive,Extreme,1sbNEFiURUYfy024cJX8JG,['Feid'],ve,83904,17,4,True,28.746695621998395
53,3217005,2015-09-10,Training,0.9014988541603088,9.471891460281359,True,0.8063226311281321,847.189146028136,Negative,Extreme,4ttjtLeCx3rwltZR3w7gWV,['JVG'],fi,345519,3,4,True,28.415674380844077
54,3045824,2015-07-23,Training,0.8816931843757629,9.263796737108219,True,0.7865169613435862,826.3796737108219,Positive,Extreme,4fTHdMTq0Znl3djLI1Typn,"['OMI', 'Felix Jaehn']",mt,7366,2,4,True,27.791390211324657
55,4198446,2022-08-18,Test,0.8724894834782746,9.167095054647287,True,0.7773132604460978,816.7095054647287,Negative,Extreme,6JIC3hbC28JZKZ8AlAqX8h,"['Elton John', 'Dua Lipa', 'PNAU']",ca,673159,16,4,True,27.501285163941862
56,1987498,2015-03-22,Training,0.8306768536567688,8.727777034984225,True,0.735500630624592,772.7777034984225,Negative,Extreme,32OlwWuMpZ6b0aN2RZOeMS,"['Mark Ronson', 'Bruno Mars']",mt,6488,2,4,True,26.183331104952675
57,1164540,2022-08-18,Test,0.8264199418002609,8.683050403469663,True,0.7312437187680841,768.3050403469663,Negative,Extreme,1sbNEFiURUYfy024cJX8JG,['Feid'],ec,220520,25,4,True,26.049151210408986
58,192525,2022-01-27,Test,0.8224854790786859,8.641711688859766,True,0.7273092560465091,764.1711688859766,Negative,Extreme,0HUabBApCqvyOWksm6Rk8N,"['Bossikan', 'Light']",gr,264219,15,4,True,25.9251350665793
59,4200335,2022-08-18,Test,0.8147989060938288,8.560950205161696,True,0.719622683061652,756.0950205161696,Positive,Extreme,6JIC3hbC28JZKZ8AlAqX8h,"['Elton John', 'Dua Lipa', 'PNAU']",is,11679,36,4,True,25.682850615485087
60,3331747,2022-08-18,Test,0.8098141962871227,8.508576727333931,True,0.7146379732549459,750.8576727333932,Negative,Extreme,54H0xbH1zRSpIooA56rHva,"['Calin', 'STEIN27']",cz,50629,95,4,True,25.525730182001794
61,4200168,2022-08-18,Test,0.8041079200648936,8.448621876842545,True,0.7089316970327169,744.8621876842544,Negative,Extreme,6JIC3hbC28JZKZ8AlAqX8h,"['Elton John', 'Dua Lipa', 'PNAU']",ie,135702,19,4,True,25.345865630527634
62,4064841,2016-01-14,Training,0.7980195879936218,8.384652832082137,True,0.7028433649614451,738.4652832082137,Positive,Extreme,69bp2EbF7Q2rqc5N3ylezZ,['Justin Bieber'],ad,1275,1,4,True,25.15395849624641
63,5059807,2014-07-13,Training,0.7845585942268372,8.24322051487163,True,0.6893823711946604,724.3220514871631,Negative,Extreme,7b71WsDLb8gG0cSyDTFAEW,['Calvin Harris'],cy,1319,1,4,True,24.729661544614892
64,3306984,2022-08-18,Test,0.7828069395815379,8.224816184572592,True,0.6876307165493611,722.4816184572593,Positive,Extreme,51oc6MEsXTpnPn6GOw5VuP,['Fujii Kaze'],jp,843628,24,4,True,24.674448553717777
65,1792556,2022-08-18,Test,0.781519535038101,8.211289649242422,True,0.6863433120059242,721.1289649242423,Positive,Extreme,2jbf9EytR7fzpSrPWAYCf9,['Adie'],ph,1437134,8,4,True,24.633868947727265
66,4064847,2016-02-25,Training,0.7801899313926697,8.197319735296773,True,0.6850137083604929,719.7319735296774,Negative,Extreme,69bp2EbF7Q2rqc5N3ylezZ,['Justin Bieber'],ad,1024,3,4,True,24.59195920589032
67,4064845,2016-02-11,Training,0.7754467725753784,8.147484191647518,True,0.6802705495432017,714.7484191647518,Positive,Extreme,69bp2EbF7Q2rqc5N3ylezZ,['Justin Bieber'],ad,1174,1,4,True,24.442452574942553
68,158179,2016-02-04,Training,0.7743598222732544,8.136063794120748,True,0.6791835992410776,713.6063794120748,Negative,Extreme,0ENSn4fwAbCGeFGVUbXEU3,['Adele'],ad,1004,3,4,True,24.408191382362244
69,4200350,2022-12-01,Test,0.7580536818296963,7.964738016273424,True,0.6628774587975196,696.4738016273424,Positive,Extreme,6JIC3hbC28JZKZ8AlAqX8h,"['Elton John', 'Dua Lipa', 'PNAU']",is,7131,141,4,True,23.894214048820274
70,1255787,2015-07-23,Training,0.757388174533844,7.957745647017215,True,0.6622119515016672,695.7745647017215,Positive,Extreme,21BYhl07wWqGRQaj7sUxdV,['Måns Zelmerlöw'],no,197530,41,4,True,23.873236941051644
71,1447020,2021-05-06,Validation,0.7502689361572266,7.882945049243855,True,0.6550927131250498,688.2945049243855,Negative,Extreme,2FkCxMgyjqvKwV0wqKb3vF,"['ElGrandeToto', 'Hamza']",ma,53218,10,4,True,23.648835147731564
72,2966669,2015-07-30,Training,0.7460560202598572,7.838680675609853,True,0.6508797972276804,683.8680675609853,Negative,Extreme,4WjH9Bzt3kx7z8kl0awxh4,"['Major Lazer', 'MØ', 'DJ Snake']",mt,3531,2,4,True,23.51604202682956
73,3614676,2015-09-17,Training,0.7456870675086975,7.834804153308323,True,0.6505108444765207,683.4804153308322,Positive,Extreme,5UE8e9VTMmv5fjGXLETjCf,['Anitta'],br,240930,32,4,True,23.504412459924968
74,4785151,2018-12-13,Training,0.7431513071060181,7.808161360372295,True,0.6479750840738413,680.8161360372295,Negative,Extreme,75JFxkI2RXiU7L9VXzMkle,['Coldplay'],py,12307,146,4,True,23.424484081116884
75,2672123,2021-05-06,Validation,0.7395001649856567,7.769799445977699,True,0.64432394195348,676.9799445977699,Negative,Extreme,42ZwLbocS9q28SQgrM9C8s,"['ElGrandeToto', 'Smallx']",ma,54823,8,4,True,23.309398337933096
76,2438551,2019-08-08,Validation,0.731150209903717,7.6820679221167785,True,0.6359739868715403,668.2067922116778,Negative,Extreme,3fV9z98dnQLSIPIMMJXCm7,"['Gemitaiz', 'MadMan']",it,1004955,34,4,True,23.046203766350335
77,836389,2021-05-06,Validation,0.7287197113037109,7.656531096609589,True,0.6335434882715342,665.6531096609589,Negative,Extreme,1KZXzp8MHucI0ynGk3DgRx,"['ElGrandeToto', '3robi']",ma,28096,43,4,True,22.969593289828765
78,4064843,2016-01-28,Training,0.7263315320014954,7.631438912594174,True,0.6311553089693186,663.1438912594174,Negative,Extreme,69bp2EbF7Q2rqc5N3ylezZ,['Justin Bieber'],ad,1169,1,4,True,22.89431673778252
79,4199638,2022-08-18,Test,0.7246252317839179,7.613511113368514,True,0.6294490087517411,661.3511113368513,Negative,Extreme,6JIC3hbC28JZKZ8AlAqX8h,"['Elton John', 'Dua Lipa', 'PNAU']",gb,843780,37,4,True,22.84053334010554
80,1373652,2021-05-06,Validation,0.7191266417503357,7.555738385491686,True,0.6239504187181589,655.5738385491686,Negative,Extreme,29PQ2G9LWUWBcy9N6lRO0B,['ElGrandeToto'],ma,19206,91,4,True,22.66721515647506
81,3492259,2022-03-10,Test,0.7188598315547303,7.552935057232745,True,0.6236836085225536,655.2935057232745,Negative,Extreme,5KawlOMHjWeUjQtnuRs22c,"['BTS', 'Halsey']",vn,55935,106,4,True,22.658805171698237
82,4198861,2022-08-18,Test,0.7164015908197517,7.527106749944826,True,0.621225367787575,652.7106749944826,Negative,Extreme,6JIC3hbC28JZKZ8AlAqX8h,"['Elton John', 'Dua Lipa', 'PNAU']",cy,9275,37,4,True,22.581320249834476
83,1164984,2022-09-15,Test,0.7138449355694902,7.5002444184841925,True,0.6186687125373135,650.0244418484192,Positive,Extreme,1sbNEFiURUYfy024cJX8JG,['Feid'],ve,79911,17,4,True,22.500733255452577
84,89253,2021-05-06,Validation,0.7074194550514221,7.432733013709328,True,0.6122432320192454,643.2733013709328,Negative,Extreme,07gqbz5UFQhWtCfT31zGyo,['ElGrandeToto'],ma,37578,22,4,True,22.298199041127983
85,4825346,2021-05-06,Validation,0.7069228291511536,7.427515051865006,True,0.6117466061189768,642.7515051865006,Negative,Extreme,78UMhbpEdGKXSc9nk25ow0,"['ElGrandeToto', 'Damso']",ma,43043,15,4,True,22.282545155595017
86,1060695,2022-04-14,Test,0.7026790621861605,7.382926531436344,True,0.6075028391539837,638.2926531436344,Negative,Extreme,1kaJpz5JMjmhByqAnvN90b,['Light'],gr,202632,7,4,True,22.148779594309033
87,3617024,2022-03-17,Test,0.7019726036772814,7.375503894916714,True,0.6067963806451047,637.5503894916715,Negative,Extreme,5ULjMFUY8wZUj3LZAsy8rD,"['SNIK', 'SALVA']",gr,52765,86,4,True,22.12651168475014
88,125649,2020-12-03,Validation,0.6927688121795654,7.278801260534969,True,0.5975925891473887,627.880126053497,Negative,Extreme,0Az2D1ByNU09je0ZtzDcHm,"['Mad Clip', 'Hawk', 'Light', 'Sapranov']",gr,173054,3,4,True,21.836403781604908
89,357409,2021-05-06,Validation,0.6904708743095398,7.254657227531593,True,0.595294651277363,625.4657227531593,Negative,Extreme,0Z8y3vH8mt5uMxQ21Eb43g,['ElGrandeToto'],ma,30530,36,4,True,21.76397168259478
90,5297147,2022-06-30,Test,0.6875230532655426,7.223684985199592,True,0.5923468302333659,622.3684985199592,Negative,Extreme,7rjtRM1AgmmraeTTX8tofW,['Sơn Tùng M-TP'],vn,133375,30,4,True,21.671054955598777
91,1062659,2021-05-06,Validation,0.6823638677597046,7.169478321586833,True,0.5871876447275278,616.9478321586834,Negative,Extreme,1ktSlQqcgod7b4amYARarW,['ElGrandeToto'],ma,51528,11,4,True,21.5084349647605
92,1164463,2022-08-18,Test,0.6775764472978714,7.119177728546755,True,0.5824002242656946,611.9177728546755,Negative,Extreme,1sbNEFiURUYfy024cJX8JG,['Feid'],cr,129798,18,4,True,21.357533185640264
93,943314,2022-07-14,Test,0.6752420101971848,7.094650204483341,True,0.580065787165008,609.4650204483341,Negative,Extreme,1XUf5lpeTQbrohZWdx6Sbz,"['Davido', 'Sunday Service Choir']",ng,60961,40,4,True,21.283950613450024
94,1219288,2016-08-25,Training,0.6726894378662109,7.067830771544603,True,0.5775132148340342,606.7830771544603,Negative,Extreme,1xznGGDReH1oQq0xzbwXa3,"['Drake', 'Wizkid', 'Kyla']",ad,1047,3,4,True,21.20349231463381
95,2438926,2022-08-18,Test,0.6706443950426191,7.046343862751212,True,0.5754681720104423,604.6343862751212,Negative,Extreme,3fd8cxZvehZNFD8KUri30T,['Bolaget'],se,323398,33,4,True,21.139031588253637
96,1271837,2021-05-06,Validation,0.666372537612915,7.001460200701922,True,0.5711963145807383,600.1460200701922,Negative,Extreme,22YGEzwGJwqoFKJ0URX1cl,['ElGrandeToto'],ma,81049,4,4,True,21.00438060210577
97,3980769,2021-05-06,Validation,0.6636760830879211,6.973129022608394,True,0.5684998600557444,597.3129022608395,Negative,Extreme,60pu49evZxVC6owa2DBtS9,['ElGrandeToto'],ma,31275,32,4,True,20.919387067825184
98,5148546,2022-03-17,Test,0.661394583347789,6.949157702173029,True,0.5662183603156122,594.9157702173029,Negative,Extreme,7hVXZVcmpcHq1DJ05dnFZK,"['SNIK', 'Rack']",gr,263144,4,4,True,20.847473106519086
99,5419156,2022-03-17,Test,0.6608878976359525,6.943834043640527,True,0.5657116746037757,594.3834043640527,Negative,Extreme,7zbGFFbyAcwP28PTcS60qj,"['SNIK', 'SALVA']",gr,61127,66,4,True,20.831502130921578
100,4064846,2016-02-18,Training,0.6514440774917603,6.844609470072405,True,0.5562678544595835,584.4609470072405,Negative,Extreme,69bp2EbF7Q2rqc5N3ylezZ,['Justin Bieber'],ad,1167,2,4,True,20.533828410217215
101,1969173,2022-02-17,Test,0.6499182639803818,6.828578013236147,True,0.554742040948205,582.8578013236147,Positive,Extreme,30K8l6FPIUB9iH1txpmWtD,"['SNIK', 'FLY LO', 'Mike G']",gr,329855,7,4,True,20.48573403970844
102,1069230,2020-07-23,Validation,0.6463456153869629,6.791040816659108,True,0.5511693923547861,579.1040816659108,Negative,Extreme,1lbrmucxyaFko2m90S2NIU,['SNIK'],gr,28675,104,4,True,20.373122449977323
103,4619571,2015-07-09,Training,0.6462122201919556,6.789639256576583,True,0.5510359971597788,578.9639256576584,Negative,Extreme,6qC8Jj1XOxknPm8N7EbzKX,['Jessie J'],tw,44738,4,4,True,20.368917769729748
104,3018061,2020-07-23,Validation,0.6452144384384155,6.779155737460651,True,0.5500382154062388,577.9155737460651,Negative,Extreme,4bj3XvWwPxRaONwpeTDQLb,['SNIK'],gr,36109,79,4,True,20.337467212381952
105,3194017,2022-03-17,Test,0.6451701049795366,6.778689933529097,True,0.5499938819473599,577.8689933529097,Negative,Extreme,4sFnFmeRYIXj12G9pzEMK4,['SNIK'],gr,43543,124,4,True,20.33606980058729
106,2963436,2015-07-16,Training,0.6426569223403931,6.7522843612225145,True,0.5474806993082163,575.2284361222514,Negative,Extreme,4WjH9Bzt3kx7z8kl0awxh4,"['Major Lazer', 'MØ', 'DJ Snake']",bo,5494,1,4,True,20.256853083667544
107,2057556,2022-03-17,Test,0.6405834037360301,6.730498262359755,True,0.5454071807038533,573.0498262359755,Negative,Extreme,37lxdBzdwPcbpiLNnY5L8B,"['SNIK', 'GAMEBOY']",gr,53851,83,4,True,20.191494787079264
108,5378803,2015-09-10,Training,0.6400432586669922,6.724823052188248,True,0.5448670356348154,572.4823052188248,Negative,Extreme,7wqSzGeodspE3V6RBD5W8L,"['Wiz Khalifa', 'Charlie Puth']",sk,4066,31,4,True,20.174469156564744
109,5029197,2022-08-18,Test,0.6394109977178115,6.718179996506506,True,0.5442347746856347,571.8179996506506,Positive,Extreme,7MXVkk9YMctZqd1Srtv4MB,"['The Weeknd', 'Daft Punk']",ae,25213,23,4,True,20.154539989519517
110,239921,2016-07-21,Training,0.639243483543396,6.716419954249324,True,0.5440672605112192,571.6419954249324,Negative,Extreme,0NmeI6UpRE27dxxgosD5n9,['Meghan Trainor'],global,3001886,116,4,True,20.14925986274797
111,4505810,2020-07-23,Validation,0.6357225775718689,6.679426408389276,True,0.5405463545396921,567.9426408389276,Negative,Extreme,6htdPLrUVE4Kq3zzLOpVIh,['SNIK'],gr,52938,47,4,True,20.038279225167827
112,5208291,2022-03-17,Test,0.6336493024102215,6.657642867336733,True,0.5384730793780448,565.7642867336733,Negative,Extreme,7m84C5gTmnmeh3VUIwDcd2,"['SNIK', 'VLOSPA']",gr,99180,31,4,True,19.9729286020102
113,4199924,2022-08-18,Test,0.6332231425675622,6.653165280087706,True,0.5380469195353854,565.3165280087707,Negative,Extreme,6JIC3hbC28JZKZ8AlAqX8h,"['Elton John', 'Dua Lipa', 'PNAU']",hk,25195,186,4,True,19.95949584026312
114,3732008,2021-07-01,Test,0.6327425849344936,6.6481161447284896,True,0.5375663619023169,564.811614472849,Negative,Extreme,5fFLotKS1286huYIMQHqz7,['Sơn Tùng M-TP'],vn,284353,2,4,True,19.944348434185468
115,3849511,2022-03-17,Test,0.6319586604359236,6.639879586546253,True,0.5367824374037469,563.9879586546253,Negative,Extreme,5pJs3IQxlt8OjtXmTeVlJu,"['SNIK', 'TOQUEL']",gr,93760,32,4,True,19.919638759638758
116,63019,2021-05-06,Validation,0.6302757263183594,6.622197290864113,True,0.5350995032861826,562.2197290864113,Negative,Extreme,05TZvIBb07gDxMw1PQdFhX,"['ElGrandeToto', 'Farid Bang']",ma,23308,65,4,True,19.866591872592338
117,2570469,2020-07-23,Validation,0.6278415322303772,6.5966216375083455,True,0.5326653091982004,559.6621637508346,Negative,Extreme,3sHPvvBwEDwg5kaDoIMy87,['SNIK'],gr,26425,115,4,True,19.789864912525037
118,4228774,2020-07-23,Validation,0.6228567361831665,6.544247253566618,True,0.5276805131509897,554.4247253566618,Negative,Extreme,6Lzhgx9O8YFJvkkoNY9S9r,['SNIK'],gr,62191,37,4,True,19.632741760699854
119,2963438,2015-07-30,Training,0.6201633810997009,6.515948640765446,True,0.5249871580675242,551.5948640765446,Negative,Extreme,4WjH9Bzt3kx7z8kl0awxh4,"['Major Lazer', 'MØ', 'DJ Snake']",bo,7415,1,4,True,19.54784592229634
120,1164983,2022-09-08,Test,0.6181842258364268,6.495154001093677,True,0.5230080028042501,549.5154001093676,Negative,Extreme,1sbNEFiURUYfy024cJX8JG,['Feid'],ve,62560,26,4,True,19.48546200328103
121,2575909,2022-08-18,Test,0.6177405204353479,6.490492065717979,True,0.5225642974031711,549.0492065717979,Positive,Extreme,3sqrvkNC6IPTIXvvbx9Arw,['Taylor Swift'],sg,99763,37,4,True,19.471476197153937
122,1468243,2021-02-25,Validation,0.6152474284172058,6.46429758206738,True,0.520071205385029,546.429758206738,Negative,Extreme,2GOnF9OwX7CSCHzinCr3VY,"['Light', 'Hawk']",gr,73267,16,4,True,19.39289274620214
123,1769334,2022-03-17,Test,0.6119149653043042,6.429283972504675,True,0.5167387422721275,542.9283972504675,Negative,Extreme,2hawmeQUQ9Rou71QGou6Bb,['SNIK'],gr,72101,54,4,True,19.287851917514026
124,4218446,2020-07-23,Validation,0.6114699244499207,6.424608005753682,True,0.5162937014177439,542.4608005753682,Negative,Extreme,6KdACBLgLbJbAMe9wtUFlV,"['SNIK', 'Capo Plaza']",gr,62680,36,4,True,19.273824017261045
125,3492261,2022-03-24,Test,0.6114181027366306,6.424063524037145,True,0.5162418797044538,542.4063524037144,Negative,Extreme,5KawlOMHjWeUjQtnuRs22c,"['BTS', 'Halsey']",vn,60756,103,4,True,19.272190572111434
126,3284422,2022-03-17,Test,0.6073496453666449,6.381316950992213,True,0.5121734223344682,538.1316950992212,Negative,Extreme,4zk4Q1nwAC0zB2maZ2zyW9,"['SNIK', 'Marseaux']",gr,169469,11,4,True,19.143950852976637
127,2023966,2021-07-15,Test,0.6071405065990615,6.379119566383741,True,0.5119642835668847,537.9119566383741,Negative,Extreme,34uOIsoy6ETS2sxOTWBRDF,"['Đen', 'MTV Band']",vn,133629,21,4,True,19.13735869915122
128,2354667,2022-06-30,Test,0.6071238438137387,6.378944493400259,True,0.511947620781562,537.8944493400259,Negative,Extreme,3ZLDKjQ2U71YZ1gwrTb693,"['Mad Clip', 'Skive']",gr,51924,159,4,True,19.136833480200778
129,4653029,2021-02-18,Validation,0.6033225059509277,6.339004498497059,True,0.508146282918751,533.9004498497059,Negative,Extreme,6tGl1mj5CyoB1hUtOKyhkQ,"['Light', 'Hawk']",gr,178072,2,4,True,19.017013495491177
130,4200724,2022-08-18,Test,0.5986512629381765,6.289924561681621,True,0.5034750399059997,528.9924561681621,Negative,Extreme,6JIC3hbC28JZKZ8AlAqX8h,"['Elton John', 'Dua Lipa', 'PNAU']",lv,17325,14,4,True,18.869773685044862
131,47270,2019-11-21,Validation,0.5984191298484802,6.287485579735281,True,0.5032429068163035,528.7485579735281,Negative,Extreme,04TshWXkhV1qkqHzf31Hn6,['Kenshi Yonezu'],tw,41858,164,4,True,18.862456739205843
132,3191790,2019-11-21,Validation,0.5984191298484802,6.287485579735281,True,0.5032429068163035,528.7485579735281,Negative,Extreme,4rvtqOGyTPZJwWtVTNdZbu,['Kenshi Yonezu'],tw,41858,164,4,True,18.862456739205843
133,2434008,2022-08-18,Test,0.5973083699302126,6.275815018718251,True,0.5021321468980359,527.581501871825,Negative,Extreme,3ewJNxY8tVHvX94CAUtg89,['Only Monday'],th,307540,25,4,True,18.82744505615475
134,3291447,2021-05-06,Validation,0.593795895576477,6.23891006239793,True,0.4986196725443003,523.891006239793,Negative,Extreme,50iU0bs4PSep1rxk9RkpqF,['ElGrandeToto'],ma,15321,120,4,True,18.71673018719379
135,2963437,2015-07-23,Training,0.5903946161270142,6.203173411571672,True,0.4952183930948374,520.3173411571672,Positive,Extreme,4WjH9Bzt3kx7z8kl0awxh4,"['Major Lazer', 'MØ', 'DJ Snake']",bo,13002,1,4,True,18.609520234715017
136,2966665,2015-07-02,Training,0.588735044002533,6.1857365762822525,True,0.4935588209703562,518.5736576282252,Negative,Extreme,4WjH9Bzt3kx7z8kl0awxh4,"['Major Lazer', 'MØ', 'DJ Snake']",mt,9739,1,4,True,18.557209728846757
137,2935744,2020-07-23,Validation,0.5861600041389465,6.158681080891183,True,0.49098378110676977,515.8681080891183,Negative,Extreme,4UG6A9OHIaRnHgj3nBCE09,['SNIK'],gr,21087,156,4,True,18.476043242673548
138,1219286,2016-08-11,Training,0.5814843773841858,6.109555084861901,True,0.486308154352009,510.95550848619007,Negative,Extreme,1xznGGDReH1oQq0xzbwXa3,"['Drake', 'Wizkid', 'Kyla']",ad,1159,2,4,True,18.3286652545857
139,1158011,2015-07-16,Training,0.5805373787879944,6.099605135536099,True,0.4853611557558176,509.9605135536099,Negative,Extreme,1sNSG13fsK6KPKKNIQXXrh,"['DJ Snake', 'AlunaGeorge']",hk,9163,23,4,True,18.2988154066083
140,4069960,2015-09-10,Training,0.5780792236328125,6.073777727420199,True,0.48290300060063573,507.37777274201994,Negative,Extreme,69uKYDeTWn1wFssqP6OZjb,['Luan Santana'],br,142327,58,4,True,18.221333182260597
141,3450260,2021-07-29,Test,0.5730841113920966,6.021294953029928,True,0.4779078883599198,502.1294953029928,Negative,Extreme,5Gk1WhWoRgy9feTvLT9RWK,['Light'],gr,87843,36,4,True,18.063884859089782
142,1164894,2022-08-18,Test,0.5686133030322056,5.974320948205429,True,0.4734370800000288,497.43209482054294,Positive,Extreme,1sbNEFiURUYfy024cJX8JG,['Feid'],sv,47967,58,4,True,17.922962844616286
143,1844657,2019-05-30,Training,0.5667835474014282,5.955096024453636,True,0.47160732436925146,495.50960244536356,Negative,Extreme,2qG5sZ7Si6sdK74qLxedYM,"['ROSALÍA', 'J Balvin', 'El Guincho']",es,2008688,4,4,True,17.865288073360908
144,617043,2020-07-23,Validation,0.5656176805496216,5.942846464483048,True,0.4704414575174448,494.2846464483048,Negative,Extreme,0wOsbCajTcYcXy4fpUlPIC,['SNIK'],gr,66582,30,4,True,17.828539393449145
145,3274892,2019-08-22,Validation,0.560156524181366,5.885467045608554,True,0.4649803011491892,488.54670456085535,Positive,Extreme,4ycKgmGOtvuJZVPyvBpVVU,['JVG'],fi,217828,9,4,True,17.65640113682566
146,4619570,2015-07-02,Training,0.5590150952339172,5.873474250443075,True,0.46383887220174047,487.3474250443075,Negative,Extreme,6qC8Jj1XOxknPm8N7EbzKX,['Jessie J'],tw,73202,3,4,True,17.620422751329226
147,333071,2021-02-25,Validation,0.5589510798454285,5.872801651904813,True,0.4637748568132517,487.2801651904813,Negative,Extreme,0Vo6x7xCIqQlnm2XbLZ6mF,"['Light', 'Hawk']",gr,113295,4,4,True,17.61840495571444
148,3793359,2022-03-17,Test,0.5585731518206245,5.868830827966189,True,0.46339692878844774,486.8830827966189,Negative,Extreme,5kkfi60K9OQkXtn3Q6XNHD,['SNIK'],gr,130179,19,4,True,17.606492483898567
149,4201499,2022-08-18,Test,0.5583307605818795,5.866284065434301,True,0.4631545375497027,486.6284065434301,Negative,Extreme,6JIC3hbC28JZKZ8AlAqX8h,"['Elton John', 'Dua Lipa', 'PNAU']",pl,302534,86,4,True,17.598852196302904
150,579406,2021-02-25,Validation,0.5582162737846375,5.865081172594108,True,0.4630400507524607,486.50811725941077,Negative,Extreme,0tWjoH3ZHahEJgfNbOU0zU,"['Light', 'Hawk']",gr,54358,35,4,True,17.595243517782322
151,4197910,2022-08-18,Test,0.5569507041955521,5.8517840533266465,True,0.4617744811633754,485.1784053326646,Positive,Extreme,6JIC3hbC28JZKZ8AlAqX8h,"['Elton John', 'Dua Lipa', 'PNAU']",ar,412032,91,4,True,17.55535215997994
152,3205611,2019-04-11,Training,0.5524937510490417,5.804955622816186,True,0.457317528016865,480.49556228161856,Negative,Extreme,4szQkW1CDHqbRZGltXJdd3,['Mahmood'],it,1609113,8,4,True,17.414866868448556
153,4381436,2022-06-30,Test,0.5519158617446492,5.798883840537148,True,0.4567396387124725,479.88838405371484,Negative,Extreme,6YWBMAu8EGTp4a27pKUSQf,"['Mad Clip', 'Skive', 'Justodd Beats']",gr,51575,163,4,True,17.396651521611446
154,2966666,2015-07-09,Training,0.5481649041175842,5.759473181996969,True,0.45298868108540746,475.94731819969695,Negative,Extreme,4WjH9Bzt3kx7z8kl0awxh4,"['Major Lazer', 'MØ', 'DJ Snake']",mt,6430,1,4,True,17.278419545990907
155,4199803,2022-08-18,Test,0.5467614438112238,5.744727268977434,True,0.45158522077904706,474.4727268977434,Negative,Extreme,6JIC3hbC28JZKZ8AlAqX8h,"['Elton John', 'Dua Lipa', 'PNAU']",gr,64918,101,4,True,17.234181806932302
156,3984815,2022-06-30,Test,0.5434351706425433,5.709778696080651,True,0.44825894761036655,470.9778696080651,Negative,Extreme,61BaxNqs8df4B4Vtndb9DE,"['Mad Clip', 'Light', 'Skive']",gr,479542,5,4,True,17.129336088241953
157,3045823,2015-07-16,Training,0.5432337522506714,5.707662428115238,True,0.4480575292184946,470.76624281152385,Negative,Extreme,4fTHdMTq0Znl3djLI1Typn,"['OMI', 'Felix Jaehn']",mt,3881,2,4,True,17.122987284345715
158,1164982,2022-09-01,Test,0.5429644929757654,5.704833367806605,True,0.44778826994358867,470.4833367806605,Positive,Extreme,1sbNEFiURUYfy024cJX8JG,['Feid'],ve,63745,25,4,True,17.114500103419815
159,3382688,2016-07-14,Training,0.5429350137710571,5.704523634936681,True,0.44775879073888036,470.4523634936681,Negative,Extreme,59YDuvEyFGZaId3dyFu8RN,['Justs Sirmais'],lt,1919,176,4,True,17.113570904810043
160,4078300,2021-07-22,Test,0.5397733466206518,5.671304548806982,True,0.44459712358847503,467.1304548806982,Negative,Extreme,6A8B1kJ9ZNHbl2uFPN6Wtm,['Blind Channel'],lt,9662,95,4,True,17.013913646420946
161,931423,2019-05-02,Training,0.5393700003623962,5.66706665991619,True,0.4441937773302195,466.70666599161905,Negative,Extreme,1WSGTYKLEpKfNQYYW5Oymt,"['benny blanco', 'Selena Gomez', 'J Balvin', 'Tainy']",in,117055,31,4,True,17.00119997974857
162,1434358,2022-06-30,Test,0.5392422872214584,5.665724800186217,True,0.44406606418928163,466.57248001862166,Negative,Extreme,2EmlqPUo3Dm6ELDVZSanLz,"['Mad Clip', 'FLY LO']",gr,56682,140,4,True,16.99717440055865
163,4446753,2015-07-09,Training,0.5381333827972412,5.65407373452203,True,0.44295715976506445,465.40737345220305,Positive,Extreme,6duMPgTahOTUu2zMMqcpQM,"['Jeremih', 'Flo Rida']",sg,1765,223,4,True,16.96222120356609
164,2754103,2015-09-10,Training,0.536581814289093,5.637771674420069,True,0.44140559125691625,463.7771674420069,Positive,Extreme,49zD0wr2S3d0lZPib0K4e1,['Future'],ca,39907,145,4,True,16.913315023260207
165,4201222,2022-08-18,Test,0.5351204687622433,5.6224175714698434,True,0.4399442457300665,462.24175714698436,Negative,Extreme,6JIC3hbC28JZKZ8AlAqX8h,"['Elton John', 'Dua Lipa', 'PNAU']",nz,131510,13,4,True,16.86725271440953
166,3527767,2015-09-10,Training,0.528451144695282,5.55234414499329,True,0.4332749216631052,455.234414499329,Negative,Extreme,5Nbe9vDQ1YJdreVIlhZEpP,"['Sam Smith', 'John Legend']",nz,13373,187,4,True,16.657032434979868
167,200354,2018-11-15,Training,0.5282778739929199,5.550523619899502,True,0.43310165096074316,455.05236198995016,Positive,Extreme,0IpMEZdKu7FB5KOpNEg8x3,['Ten2Five'],id,121640,182,4,True,16.651570859698506
168,4154513,2015-09-10,Training,0.5253766775131226,5.5200412537436545,True,0.4302004544809458,452.00412537436546,Positive,Extreme,6GRDI9suQHikFP6euIXnpq,['Family of the Year'],hk,8991,120,4,True,16.56012376123096
169,4810355,2021-07-22,Test,0.5241774741496333,5.507441432850533,True,0.4290012511174566,450.7441432850533,Negative,Extreme,776AftMmFFAWUIEAb3lHhw,['Måneskin'],fi,318625,6,4,True,16.5223242985516
170,3527768,2015-09-17,Training,0.5241279006004333,5.506920572202562,True,0.4289516775682566,450.6920572202562,Negative,Extreme,5Nbe9vDQ1YJdreVIlhZEpP,"['Sam Smith', 'John Legend']",nz,13348,183,4,True,16.520761716607687
171,1179787,2021-07-22,Test,0.5240069741215867,5.50565001874925,True,0.42883075108940993,450.56500187492503,Negative,Extreme,1uAOCTevGnyKIDbgZdOCnE,['Barbara Pravi'],lt,9051,110,4,True,16.51695005624775
172,1655407,2022-08-18,Test,0.5205213580591372,5.469027257817972,True,0.4253451350269605,446.9027257817972,Positive,Extreme,2YA5IfmQwAmVzHRP3SVnEd,['EggPlantEgg'],tw,64304,104,4,True,16.407081773453918
173,2966667,2015-07-16,Training,0.5180931687355042,5.443514695475462,True,0.4229169457033274,444.3514695475462,Negative,Extreme,4WjH9Bzt3kx7z8kl0awxh4,"['Major Lazer', 'MØ', 'DJ Snake']",mt,3907,1,4,True,16.330544086426386
174,824069,2019-07-18,Validation,0.5168541669845581,5.4304967198564125,True,0.42167794395238134,443.0496719856412,Negative,Extreme,1J14CdDAvBTE1AJYUOwl6C,['Duncan Laurence'],mt,2628,130,4,True,16.291490159569236
175,2005439,2015-07-30,Training,0.5159004926681519,5.4204766299009215,True,0.4207242696359751,442.04766299009214,Negative,Extreme,33okDqzPPYo8vwC3Mc1pOr,['Hilary Duff'],br,9536,229,4,True,16.261429889702764
176,4069961,2015-09-17,Training,0.5156806111335754,5.418166372910559,True,0.4205043881013987,441.8166372910559,Positive,Extreme,69uKYDeTWn1wFssqP6OZjb,['Luan Santana'],br,142391,63,4,True,16.254499118731676
177,158178,2016-01-28,Training,0.5152562856674194,5.413708059135988,True,0.42008006263524267,441.3708059135988,Negative,Extreme,0ENSn4fwAbCGeFGVUbXEU3,['Adele'],ad,1134,3,4,True,16.241124177407965
178,1187100,2022-08-18,Test,0.5131006434749197,5.3910591020348955,True,0.4179244204427429,439.10591020348954,Positive,Extreme,1v7L65Lzy0j0vdpRjJewt1,['Eminem'],at,37152,156,4,True,16.173177306104687
179,3045822,2015-07-09,Training,0.5120120048522949,5.3796209656186535,True,0.41683578182011816,437.96209656186534,Negative,Extreme,4fTHdMTq0Znl3djLI1Typn,"['OMI', 'Felix Jaehn']",mt,5509,2,4,True,16.13886289685596
180,4199721,2022-08-18,Test,0.5115575689138109,5.374846286355216,True,0.4163813458816341,437.4846286355216,Negative,Extreme,6JIC3hbC28JZKZ8AlAqX8h,"['Elton John', 'Dua Lipa', 'PNAU']",global,14896236,23,4,True,16.124538859065648
181,2184549,2022-08-18,Test,0.509747498774929,5.355828194638444,True,0.4145712757427522,435.5828194638444,Negative,Extreme,3Itdlob7CzXIQqydeVwutQ,['BE:FIRST'],jp,702562,42,4,True,16.06748458391533
182,4446752,2015-07-02,Training,0.5079940557479858,5.337405074124927,True,0.4128178327158091,433.7405074124927,Positive,Extreme,6duMPgTahOTUu2zMMqcpQM,"['Jeremih', 'Flo Rida']",sg,1671,234,4,True,16.01221522237478
183,4767489,2020-10-08,Validation,0.5078721642494202,5.33612438137749,True,0.4126959412172434,433.61243813774905,Negative,Extreme,73d7q3kVVIgfCUK07bVIVH,['SNIK'],gr,109142,4,4,True,16.00837314413247
184,823161,2019-07-18,Validation,0.5063334703445435,5.319957592489929,True,0.4111572473123667,431.9957592489929,Negative,Extreme,1J14CdDAvBTE1AJYUOwl6C,['Duncan Laurence'],ee,5301,129,4,True,15.959872777469787
185,4523682,2022-06-30,Test,0.5058927025739615,5.31532652228626,True,0.4107164795417847,431.53265222862603,Negative,Extreme,6jUHmbuKjYbHnNoPUaVPUz,"['Mad Clip', 'Fy', 'Thug Slime']",gr,91034,72,4,True,15.945979566858782
186,2613487,2022-12-01,Test,0.5051662665326535,5.307693985312584,True,0.40999004350047674,430.7693985312584,Positive,Extreme,3w75Uvn1cojNlBhQoxpVP3,['Fabio Asher'],my,386286,3,4,True,15.923081955937752
187,322184,2021-08-12,Test,0.5033945313557218,5.289078672364804,True,0.408218308323545,428.9078672364804,Negative,Extreme,0VcZUeaVzBil5tN3LCzkFm,"['Bsw', 'LMEN PRALA', 'T. Danny']",hu,51854,39,4,True,15.867236017094411
188,4895379,2020-11-05,Validation,0.5029193758964539,5.284086296704895,True,0.4077431528642771,428.40862967048946,Negative,Extreme,7CrzOLGSbr4PFi9F9PNcJ4,"['Staysman & Lazz', 'Staysman', 'Ringnes-Ronny']",no,110446,74,4,True,15.852258890114683
189,3942244,2020-02-20,Validation,0.5011614561080933,5.265616139638814,True,0.4059852330759165,426.56161396388137,Positive,Extreme,5wDZEkL4m9a6q9CJ1IJ7ut,['Nathan Goshen'],il,42887,44,4,True,15.796848418916442
190,1164986,2022-09-29,Test,0.49791894960679906,5.231547688527889,True,0.4027427265746223,423.1547688527889,Negative,Extreme,1sbNEFiURUYfy024cJX8JG,['Feid'],ve,72397,17,4,True,15.694643065583666
191,2608729,2015-09-17,Training,0.49789169430732727,5.2312613218429815,True,0.4027154712751505,423.12613218429817,Negative,Extreme,3voxukrHBXctzxdSbCycey,['Los Totora'],uy,6353,54,4,True,15.693783965528944
192,3159032,2016-11-03,Training,0.49780407547950745,5.23034072607832,True,0.4026278524473307,423.034072607832,Negative,Extreme,4pdPtRcBmOSQDlJ3Fk945m,"['DJ Snake', 'Justin Bieber']",ad,1219,1,4,True,15.69102217823496
193,18481,2020-07-23,Validation,0.4974479079246521,5.226598535607756,True,0.40227168489247533,422.65985356077556,Negative,Extreme,01Y0KGT7VzixtLyOj44x56,['SNIK'],gr,141810,8,4,True,15.679795606823266
194,2530403,2015-12-31,Training,0.4965708255767822,5.217383184126816,True,0.40139460254460546,421.73831841268156,Positive,Extreme,3pzjHKrQSvXGHQ98dx18HI,['Justin Bieber'],ad,1127,3,4,True,15.652149552380447
195,3632632,2017-10-12,Training,0.49532362818717957,5.204279098359711,True,0.4001474051550028,420.4279098359711,Negative,Extreme,5WEqjIUHkwZ5h3DSE7F9bM,"['Avicii', 'Vargas & Lagola']",se,128100,157,4,True,15.612837295079133
196,4448926,2015-07-16,Training,0.493857204914093,5.188871644414089,True,0.39868098188191625,418.8871644414089,Negative,Extreme,6eE5LWw0DpIbTOdKwDUoE8,"['Tiësto', 'KSHMR', 'VASSY']",tr,7076,83,4,True,15.566614933242267
197,4810445,2021-07-22,Test,0.4909424082749866,5.158246383752915,True,0.3957661852428098,415.8246383752915,Negative,Extreme,776AftMmFFAWUIEAb3lHhw,['Måneskin'],gr,121887,14,4,True,15.474739151258746
198,1451336,2015-07-02,Training,0.4891606867313385,5.13952614578922,True,0.39398446369916174,413.952614578922,Positive,Extreme,2Foc5Q5nqNiosCNqttzHof,"['Daft Punk', 'Pharrell Williams', 'Nile Rodgers']",ch,3835,205,4,True,15.41857843736766
199,1526496,2015-07-16,Training,0.48795264959335327,5.1268335099659135,True,0.3927764265611765,412.68335099659134,Negative,Extreme,2N3U8uTYhjX2KwGT0pf5x0,"['A$AP Rocky', 'Rod Stewart', 'Miguel', 'Mark Ronson']",au,28094,81,4,True,15.380500529897741
200,783878,2022-06-30,Test,0.4877775640342321,5.124993916488223,True,0.39260134100205535,412.4993916488223,Negative,Extreme,1Ee8D0q9OXRQcbiGg4BTXu,"['Mad Clip', 'Rack', 'Strat']",gr,53351,152,4,True,15.37498174946467
201,429199,2015-09-24,Training,0.4871600866317749,5.118506188957278,True,0.39198386359959814,411.85061889572785,Negative,Extreme,0fgZUSa7D7aVvv3GfO0A1n,"['Omarion', 'Chris Brown', 'Jhené Aiko']",ch,9350,163,4,True,15.355518566871835
202,4154514,2015-09-17,Training,0.48652249574661255,5.111807132566411,True,0.3913462727144358,411.18071325664107,Positive,Extreme,6GRDI9suQHikFP6euIXnpq,['Family of the Year'],hk,9225,114,4,True,15.335421397699232
203,3810774,2015-09-10,Training,0.48536378145217896,5.099632723270489,True,0.3901875584200022,409.96327232704897,Negative,Extreme,5lkpeJwmQKgY3bX2zChjxX,['Adele'],hk,7089,172,4,True,15.29889816981147
204,3340971,2022-06-30,Test,0.4850389612234125,5.096219893695853,True,0.38986273819123574,409.6219893695853,Negative,Extreme,55Iej8nAWkAD7QlgQfpiJp,"['Mad Clip', 'Light', 'MUNEYLXRD']",gr,108235,59,4,True,15.288659681087559
205,4078192,2021-07-22,Test,0.48389654129380405,5.084216686453407,True,0.38872031826162734,408.4216686453407,Negative,Extreme,6A8B1kJ9ZNHbl2uFPN6Wtm,['Blind Channel'],ee,6463,112,4,True,15.25265005936022
206,1164981,2022-08-25,Test,0.483656997582069,5.0816998423919015,True,0.38848077454989227,408.16998423919017,Positive,Extreme,1sbNEFiURUYfy024cJX8JG,['Feid'],ve,62444,24,4,True,15.245099527175704
207,4048364,2019-08-08,Validation,0.47853246331214905,5.027857253280255,True,0.3833562402799723,402.7857253280255,Negative,Extreme,67bPDXCsUNsxyNnNg3jYGO,['Nekfeu'],fr,282726,155,4,True,15.083571759840764
208,4198079,2022-08-18,Test,0.4776045933382746,5.018108285057795,True,0.3824283703060979,401.8108285057795,Negative,Extreme,6JIC3hbC28JZKZ8AlAqX8h,"['Elton John', 'Dua Lipa', 'PNAU']",au,680411,16,4,True,15.054324855173384
209,3514253,2015-09-10,Training,0.477210134267807,5.013963772301345,True,0.38203391123563024,401.3963772301345,Negative,Extreme,5MhsZlmKJG6X5kTHkdwC4B,"['AronChupa', 'Little Sis Nora']",co,16664,186,4,True,15.041891316904035
210,3285289,2021-01-14,Validation,0.4758980870246887,5.000178320417267,True,0.38072186399251196,400.0178320417267,Negative,Extreme,5008Rz0J8beglZBqnvSUCn,"['VLOSPA', 'Light']",gr,136741,10,4,True,15.000534961251802
211,869080,2020-08-27,Validation,0.47580504417419434,4.999200735390985,True,0.38062882114201757,399.92007353909844,Negative,Extreme,1ObRO6vf0rLZJ57iT2Y3df,"['Mad Clip', 'Josephine']",gr,148209,4,4,True,14.997602206172953
212,5378804,2015-09-17,Training,0.4754886031150818,4.995875944292629,True,0.380312380082905,399.5875944292629,Negative,Extreme,7wqSzGeodspE3V6RBD5W8L,"['Wiz Khalifa', 'Charlie Puth']",sk,3943,35,4,True,14.987627832877887
213,3703756,2022-06-30,Test,0.47291153898362115,4.968799180271541,True,0.3777353159514444,396.87991802715413,Negative,Extreme,5bdbXIxgXypX6Smwcn5vox,"['Mad Clip', 'Light', 'Red face']",gr,142934,38,4,True,14.906397540814623
214,2351388,2020-01-16,Validation,0.47208622097969055,4.96012770773736,True,0.3769099979475138,396.012770773736,Negative,Extreme,3ZCTVFBt2Brf31RLEnCkWJ,['Billie Eilish'],no,549019,8,4,True,14.88038312321208
215,4810277,2021-07-22,Test,0.4712357750736001,4.951192220711331,True,0.3760595520414234,395.1192220711331,Negative,Extreme,776AftMmFFAWUIEAb3lHhw,['Måneskin'],ee,28338,6,4,True,14.853576662133992
216,4197826,2022-08-18,Test,0.46899610194653046,4.9276603652151065,True,0.37381987891435375,392.76603652151067,Negative,Extreme,6JIC3hbC28JZKZ8AlAqX8h,"['Elton John', 'Dua Lipa', 'PNAU']",ae,22801,29,4,True,14.782981095645319
217,3716293,2019-08-08,Validation,0.46618497371673584,4.898124330476217,True,0.3710087506845591,389.8124330476217,Negative,Extreme,5dkSQ8ExtSaS5diqiQosOk,['Nekfeu'],fr,478456,62,4,True,14.69437299142865
218,3205680,2019-07-11,Validation,0.4628126323223114,4.862691726754547,True,0.36763640929013464,386.2691726754547,Negative,Extreme,4szQkW1CDHqbRZGltXJdd3,['Mahmood'],lt,18394,11,4,True,14.58807518026364
219,4810726,2021-07-22,Test,0.46182475813335394,4.852312304694234,True,0.36664853510117723,385.2312304694234,Negative,Extreme,776AftMmFFAWUIEAb3lHhw,['Måneskin'],lv,30884,6,4,True,14.556936914082701
220,5074362,2015-09-17,Training,0.45959633588790894,4.828898660251844,True,0.36442011285573217,382.8898660251844,Positive,Extreme,7cgu4JBW3hq1GwTM1ilkKQ,['Tove Lo'],lv,2073,144,4,True,14.486695980755531
221,4064842,2016-01-21,Training,0.4588879942893982,4.821456238437404,True,0.36371177125722143,382.14562384374034,Negative,Extreme,69bp2EbF7Q2rqc5N3ylezZ,['Justin Bieber'],ad,1183,1,4,True,14.464368715312212
222,655842,2018-12-13,Training,0.457836389541626,4.810407210494608,True,0.3626601665094492,381.0407210494608,Negative,Very High,116H0KvKr2Zl4RPuVBruDO,"['Bad Bunny', 'Drake']",py,168177,4,3,True,12.026018026236521
223,2865309,2021-07-22,Test,0.4540344671579826,4.770461074132819,True,0.3588582441258059,377.0461074132819,Negative,Very High,4O0LQKVT6hGmVGNwizmydg,['Daði Freyr'],lt,6674,194,3,True,11.926152685332047
224,1607309,2020-10-01,Validation,0.45368102192878723,4.766747486663857,True,0.35850479889661047,376.6747486663857,Negative,Very High,2U5WueTLIK5WJLD7mvDODv,['Juice WRLD'],au,582449,30,3,True,11.916868716659643
225,4610580,2015-09-17,Training,0.4531213045120239,4.760866633243418,True,0.35794508147984716,376.08666332434177,Negative,Very High,6pIZ0u32c2Lku8PmCWtnMy,['Years & Years'],do,5198,71,3,True,11.902166583108544
226,4202280,2022-05-26,Test,0.45169871158794767,4.74591969714158,True,0.35652248855577096,374.591969714158,Positive,Very High,6JIC3hbC28JZKZ8AlAqX8h,"['Elton John', 'Dua Lipa', 'PNAU']",ve,25332,86,3,True,11.86479924285395
227,651139,2022-06-30,Test,0.45144864214477626,4.7432922610529795,True,0.35627241911259955,374.32922610529795,Negative,Very High,10qewxzlAxbIdAdoDZPYbb,"['Mad Clip', 'Display']",gr,62474,123,3,True,11.858230652632448
228,3527858,2015-09-10,Training,0.4510287344455719,4.738880363986394,True,0.35585251141339513,373.8880363986394,Negative,Very High,5Nbe9vDQ1YJdreVIlhZEpP,"['Sam Smith', 'John Legend']",pt,11017,101,3,True,11.847200909965984
229,823862,2019-07-18,Validation,0.45063361525535583,4.73472891546671,True,0.35545739222317907,373.472891546671,Negative,Very High,1J14CdDAvBTE1AJYUOwl6C,['Duncan Laurence'],lt,6386,95,3,True,11.836822288666776
230,1696936,2017-11-02,Training,0.45027226209640503,4.730932240757012,True,0.35509603906422826,373.0932240757012,Positive,Very High,2bdD0eYH8XirjVAXq68JAN,['Yandel'],ec,15581,149,3,True,11.82733060189253
231,5335610,2022-08-18,Test,0.4500270153190121,4.728355475577856,True,0.35485079228683536,372.83554755778556,Negative,Very High,7vDAeo3f0EmI5ckfsMcI8b,['Mocci'],ma,30492,70,3,True,11.82088868894464
232,4610581,2015-09-24,Training,0.4487884044647217,4.715341607041891,True,0.3536121814325449,371.5341607041891,Negative,Very High,6pIZ0u32c2Lku8PmCWtnMy,['Years & Years'],do,5162,76,3,True,11.788354017604728
233,2903335,2022-02-24,Test,0.44810766335955743,4.7081891788042824,True,0.35293144032738066,370.8189178804282,Negative,Very High,4RVwu0g32PAqgUiJoXsdF8,['Billie Eilish'],lv,7914,114,3,True,11.770472947010706
234,998982,2021-06-24,Test,0.4454632406982743,4.680404690441164,True,0.3502870176660976,368.0404690441164,Positive,Very High,1dVnjNCdi74L1qqrGViEYH,['Light'],gr,153260,16,3,True,11.70101172610291
235,2089377,2018-09-13,Training,0.44372349977493286,4.662125535543902,True,0.3485472767427561,366.21255355439024,Positive,Very High,3AXtDUSO78KrGa9Rq8rWUS,['Capital Bra'],at,75698,42,3,True,11.655313838859755
236,4497022,2015-01-25,Training,0.4434245526790619,4.6589845504706675,True,0.3482483296468851,365.89845504706676,Negative,Very High,6gj08XDlv9Duc2fPOxUmVD,['Meghan Trainor'],au,137615,22,3,True,11.647461376176668
237,4610579,2015-09-10,Training,0.4429825246334076,4.654340238776297,True,0.3478063016012308,365.43402387762967,Negative,Very High,6pIZ0u32c2Lku8PmCWtnMy,['Years & Years'],do,5528,65,3,True,11.635850596940742
238,4200251,2022-08-18,Test,0.44276066927564367,4.652009243169454,True,0.34758444624346696,365.2009243169454,Positive,Very High,6JIC3hbC28JZKZ8AlAqX8h,"['Elton John', 'Dua Lipa', 'PNAU']",il,51600,71,3,True,11.630023107923634
239,4360680,2017-10-12,Training,0.44263705611228943,4.650710461189921,True,0.34746083308011266,365.0710461189921,Negative,Very High,6WbADFqMvR8N5u0BvtsWQE,"['Avicii', 'Sandro Cavazza']",se,1120676,7,3,True,11.626776152974802
240,1303793,2020-09-03,Validation,0.4426118731498718,4.650445868189533,True,0.34743565011769506,365.0445868189533,Positive,Very High,24Yi9hE78yPEbZ4kxyoXAI,"['SAINt JHN', 'Imanbek']",ni,6666,111,3,True,11.626114670473832
241,966410,2022-12-01,Test,0.44250865799037586,4.649361404484128,True,0.3473324349581991,364.9361404484128,Negative,Very High,1aOl53hkZGHkl2Snhr7opL,['Dean Lewis'],nl,923760,8,3,True,11.62340351121032
242,1691804,2015-09-10,Training,0.4421388506889343,4.64547590357161,True,0.34696262765675756,364.54759035716097,Negative,Very High,2bJvI42r8EF3wxjOuDav4r,"['Pitbull', 'Ne-Yo']",uy,4131,87,3,True,11.613689758929024
243,3214525,2015-03-15,Training,0.43951356410980225,4.617892474691011,True,0.3443373410776255,361.78924746910116,Negative,Very High,4th1RQAelzqgY7wL53UGQt,['Avicii'],ca,18828,130,3,True,11.544731186727528
244,3810775,2015-09-17,Training,0.43942856788635254,4.616999434173728,True,0.3442523448541758,361.69994341737276,Positive,Very High,5lkpeJwmQKgY3bX2zChjxX,['Adele'],hk,7754,145,3,True,11.54249858543432
245,3157103,2019-06-06,Training,0.4390172064304352,4.6126773309969895,True,0.3438409833982584,361.26773309969894,Negative,Very High,4pUCKHjJ4Ijewc37rRrvHn,['BLACKPINK'],sg,247883,6,3,True,11.531693327492473
246,1082261,2015-09-10,Training,0.43834516406059265,4.6056162988564795,True,0.3431689410284159,360.56162988564796,Negative,Very High,1mSzZKMIPZIkn3jFV7v62b,['Charly Black'],cr,39341,6,3,True,11.514040747141198
247,4810630,2021-07-22,Test,0.4381776447921275,4.603856203077006,True,0.34300142175995074,360.3856203077006,Negative,Very High,776AftMmFFAWUIEAb3lHhw,['Måneskin'],lt,63784,5,3,True,11.509640507692517
248,5074361,2015-09-10,Training,0.436481773853302,4.586037982466884,True,0.34130555082112524,358.60379824668837,Negative,Very High,7cgu4JBW3hq1GwTM1ilkKQ,['Tove Lo'],lv,2013,149,3,True,11.46509495616721
249,1096141,2015-07-02,Training,0.43513670563697815,4.571905584968098,True,0.3399604826048014,357.1905584968098,Positive,Very High,1mzGywacjpeik00PVLBPpF,"['John Legend', 'Jason Agel', 'Tiësto']",ch,2627,214,3,True,11.429763962420246
250,3156504,2019-06-06,Training,0.43493297696113586,4.569765043251357,True,0.3397567539289591,356.97650432513564,Negative,Very High,4pUCKHjJ4Ijewc37rRrvHn,['BLACKPINK'],id,849797,8,3,True,11.424412608128392
251,4198366,2022-08-18,Test,0.4333111072847083,4.552724341017572,True,0.3381348842525316,355.2724341017572,Positive,Very High,6JIC3hbC28JZKZ8AlAqX8h,"['Elton John', 'Dua Lipa', 'PNAU']",br,1030364,111,3,True,11.38181085254393
252,3725761,2015-03-22,Training,0.43268826603889465,4.54618025651862,True,0.3375120430067179,354.618025651862,Negative,Very High,5eWgDlp3k6Tb5RD8690s6I,['Maroon 5'],sv,13344,1,3,True,11.365450641296551
253,2590945,2019-06-27,Validation,0.4321560859680176,4.540588733195645,True,0.3369798629358408,354.0588733195645,Negative,Very High,3u1S1OmAUhx5DRlLrXqyp3,"['Jonas Blue', 'Jack & Jack']",hu,21131,74,3,True,11.351471832989112
254,924382,2017-05-04,Training,0.4319336712360382,4.538251860341338,True,0.33675744820386144,353.8251860341338,Negative,Very High,1WC5UN1U79gJlxGLYDGIO7,['Lorde'],nz,148803,24,3,True,11.345629650853347
255,158176,2016-01-14,Training,0.4315233826637268,4.533941029765799,True,0.33634715963155004,353.3941029765799,Positive,Very High,0ENSn4fwAbCGeFGVUbXEU3,['Adele'],ad,1085,3,3,True,11.334852574414498
256,3810776,2015-09-24,Training,0.4299459755420685,4.517367487851607,True,0.3347697525098917,351.7367487851607,Negative,Very High,5lkpeJwmQKgY3bX2zChjxX,['Adele'],hk,7603,153,3,True,11.293418719629019
257,4810196,2021-07-22,Test,0.429030774977319,4.507751634904384,True,0.33385455194514224,350.7751634904384,Negative,Very High,776AftMmFFAWUIEAb3lHhw,['Måneskin'],cy,13095,8,3,True,11.26937908726096
258,1378920,2021-11-04,Test,0.4288608774449908,4.505966551120688,True,0.33368465441281403,350.5966551120688,Negative,Very High,2AHnmlkyZbnxqSA66B7jK3,['ABBA'],se,233787,67,3,True,11.264916377801718
259,2450410,2016-06-02,Training,0.42810317873954773,4.498005542779488,True,0.33292695570737096,349.8005542779488,Negative,Very High,3hB5DgAiMAQ4DzYbsMq1IT,['Justin Bieber'],ca,306385,39,3,True,11.24501385694872
260,3205428,2019-07-18,Validation,0.42711418867111206,4.487614396367833,True,0.3319379656389353,348.76143963678334,Negative,Very High,4szQkW1CDHqbRZGltXJdd3,['Mahmood'],ee,5563,118,3,True,11.219035990919583
261,4174102,2017-08-10,Training,0.424555242061615,4.460727989994763,True,0.3293790190294382,346.0727989994763,Negative,Very High,6HUnnBwYZqcED1eQztxMBN,['Martin Jensen'],ie,87807,44,3,True,11.151819974986907
262,4448720,2015-07-16,Training,0.42406341433525085,4.4555604417280295,True,0.3288871913030741,345.55604417280296,Negative,Very High,6eE5LWw0DpIbTOdKwDUoE8,"['Tiësto', 'KSHMR', 'VASSY']",my,1190,236,3,True,11.138901104320073
263,2490525,2015-10-01,Training,0.42322638630867004,4.44676593402522,True,0.3280501632764933,344.676593402522,Negative,Very High,3keUgTGEoZJt0QkzTB6kHg,"['Nicki Minaj', 'Drake', 'Lil Wayne']",us,708007,145,3,True,11.11691483506305
264,19071,2019-08-08,Validation,0.42065945267677307,4.419795609398773,True,0.3254832296445963,341.9795609398773,Negative,Very High,01dqWNKgM2ujxu7HacaQwI,['Nekfeu'],fr,308315,132,3,True,11.049489023496932
265,5230696,2017-10-19,Training,0.4202929437160492,4.415944763577753,True,0.32511672068387243,341.59447635777525,Negative,Very High,7nZmah2llfvLDiUjm0kiyz,"['Justin Bieber', 'BloodPop®']",dk,352524,14,3,True,11.039861908944381
266,4431855,2015-09-17,Training,0.42000311613082886,4.412899595614717,True,0.3248268930986521,341.2899595614717,Negative,Very High,6cJLfIqwh0tCKRjYM3WpZ5,['Prince Royce'],ec,5493,198,3,True,11.032248989036793
267,814848,2020-02-13,Validation,0.41875338554382324,4.399768893983669,True,0.3235771625116465,339.9768893983669,Negative,Very High,1Hy1CBFRXYvFL7eJT5MLlG,['Andmesh'],id,709655,41,3,True,10.999422234959173
268,3992599,2020-10-15,Validation,0.41831445693969727,4.395157147581655,True,0.3231382339075205,339.5157147581655,Negative,Very High,62aP9fBQKYKxi7PDXwcUAS,"['Surf Mesa', 'Emilee']",ee,5482,111,3,True,10.987892868954138
269,162228,2017-02-23,Training,0.41615450382232666,4.372462896343713,True,0.3209782807901499,337.24628963437124,Negative,Very High,0EPxmvsG1BY5td4aTOkWBF,['MC G15'],br,1531326,6,3,True,10.931157240859282
270,1691805,2015-09-17,Training,0.4159090220928192,4.369883662563607,True,0.32073279906064245,336.98836625636073,Negative,Very High,2bJvI42r8EF3wxjOuDav4r,"['Pitbull', 'Ne-Yo']",uy,4066,96,3,True,10.924709156409019
271,3205493,2019-07-18,Validation,0.41557252407073975,4.366348136448375,True,0.320396301038563,336.6348136448375,Negative,Very High,4szQkW1CDHqbRZGltXJdd3,['Mahmood'],gr,18277,93,3,True,10.915870341120936
272,4885584,2019-08-08,Validation,0.4143669009208679,4.353680863977767,True,0.31919067788869115,335.3680863977767,Negative,Very High,7C7GtWZmyicqjBDbAWPsCp,"['Nekfeu', 'Damso']",fr,1183509,7,3,True,10.884202159944419
273,1153883,2015-08-13,Training,0.41244685649871826,4.333507291619254,True,0.3172706334665415,333.3507291619254,Negative,Very High,1s2Ym0NmxhEwXNQrVYwBbf,"['Marama', 'Fer Vazquez']",uy,7664,35,3,True,10.833768229048136
274,4431854,2015-09-10,Training,0.41242268681526184,4.333253344964445,True,0.3172464637830851,333.32533449644444,Negative,Very High,6cJLfIqwh0tCKRjYM3WpZ5,['Prince Royce'],ec,5610,192,3,True,10.833133362411111
275,4356874,2014-12-28,Training,0.4123157262802124,4.332129529250374,True,0.31713950324803564,333.2129529250374,Negative,Very High,6WNqOfvfqmbyCk23ejRBwO,"['Sam Smith', 'A$AP Rocky']",sg,40231,12,3,True,10.830323823125935
276,628770,2020-03-12,Validation,0.4121975600719452,4.3308879774793265,True,0.3170213370397684,333.08879774793263,Negative,Very High,0xsAtU9TemtJgyVnlDNWo3,"['Secreto ""El Famoso Biberon""', 'Black Jonas Point', 'Liro Shaq']",do,21919,82,3,True,10.827219943698317
277,5059808,2014-07-20,Training,0.41123855113983154,4.320811837645647,True,0.3160623281076548,332.0811837645647,Positive,Very High,7b71WsDLb8gG0cSyDTFAEW,['Calvin Harris'],cy,1388,2,3,True,10.802029594114117
278,1560298,2015-09-10,Training,0.4096406400203705,4.304022863797411,True,0.3144644169881937,330.4022863797411,Positive,Very High,2QBlGKAp4PquIGtA6iNAuJ,['Farruko'],ar,38405,168,3,True,10.760057159493527
279,145300,2018-03-08,Training,0.4050256907939911,4.255534395991548,True,0.3098494677618143,325.5534395991548,Negative,Very High,0D8wUCg5XGHfWQIEzMmJAl,['Piruka'],pt,53546,53,3,True,10.638835989978869
280,1321395,2020-03-19,Validation,0.403367280960083,4.2381097726867605,True,0.30819105792790624,323.810977268676,Negative,Very High,25sgk305KZfyuqVBQIahim,['Ava Max'],sg,64345,113,3,True,10.595274431716902
281,1164987,2022-10-06,Test,0.402759151158329,4.231720258768474,True,0.3075829281261523,323.17202587684744,Negative,Very High,1sbNEFiURUYfy024cJX8JG,['Feid'],ve,68673,17,3,True,10.579300646921187
282,5117708,2015-09-10,Training,0.4018584191799164,4.222256424738119,True,0.3066821961477396,322.2256424738119,Negative,Very High,7fEGUogfVroN6IQL6Q7atH,['Zion & Lennox'],do,4920,76,3,True,10.555641061845298
283,1672827,2020-04-09,Validation,0.40185490250587463,4.222219475656408,True,0.30667867947369787,322.22194756564085,Positive,Very High,2ZwcnFDvQueNemTt89qCom,['Diodato'],it,838614,20,3,True,10.555548689141022
284,5119581,2019-06-13,Training,0.4010182321071625,4.213428725487332,True,0.3058420090749857,321.34287254873317,Positive,Very High,7fODjB7BrQTGqh0hogW6XD,"['Sech', 'Justin Quiles', 'Maluma', 'Nicky Jam', 'Farruko', 'Dalex', 'Lenny Tavárez']",py,202606,6,3,True,10.53357181371833
285,795308,2016-07-14,Training,0.4007164537906647,4.210257993272041,True,0.3055402307584879,321.0257993272041,Positive,Very High,1G5qDCiqei7ozj5ku43TuR,['Poli Genova'],bg,2790,66,3,True,10.525644983180102
286,2754104,2015-09-17,Training,0.4006716012954712,4.209786735916322,True,0.3054953782632944,320.9786735916322,Positive,Very High,49zD0wr2S3d0lZPib0K4e1,['Future'],ca,45548,123,3,True,10.524466839790804
287,5029212,2022-12-01,Test,0.4004648431513286,4.207614364103746,True,0.3052886201191518,320.7614364103746,Positive,Very High,7MXVkk9YMctZqd1Srtv4MB,"['The Weeknd', 'Daft Punk']",ae,32825,20,3,True,10.519035910259365
288,4497021,2015-01-18,Training,0.40025222301483154,4.205380401358395,True,0.3050759999826548,320.53804013583954,Positive,Very High,6gj08XDlv9Duc2fPOxUmVD,['Meghan Trainor'],au,167656,9,3,True,10.51345100339599
289,654929,2018-12-13,Training,0.39951902627944946,4.197676830949489,True,0.3043428032472727,319.7676830949489,Negative,Very High,116H0KvKr2Zl4RPuVBruDO,"['Bad Bunny', 'Drake']",hn,56983,1,3,True,10.494192077373723
290,654204,2018-12-13,Training,0.3994063138961792,4.196492581567875,True,0.30423009086400243,319.6492581567875,Negative,Very High,116H0KvKr2Zl4RPuVBruDO,"['Bad Bunny', 'Drake']",co,417831,4,3,True,10.491231453919687
291,1385996,2019-07-25,Validation,0.39913827180862427,4.19367631003476,True,0.3039620487764475,319.36763100347594,Negative,Very High,2AiZm17zqkV7llT3SHz4Nu,"['Đen', 'MIN']",vn,98640,5,3,True,10.4841907750869
292,1187585,2022-08-18,Test,0.39910405723063036,4.193316823422412,True,0.3039278341984536,319.3316823422412,Positive,Very High,1v7L65Lzy0j0vdpRjJewt1,['Eminem'],be,58495,169,3,True,10.483292058556032
293,4293151,2017-04-27,Training,0.3986425995826721,4.188468368280394,True,0.30346637655049535,318.8468368280394,Positive,Very High,6RUKPb4LETWmmr3iAEQktW,"['The Chainsmokers', 'Coldplay']",no,606694,11,3,True,10.471170920700985
294,2471287,2015-09-17,Training,0.3973025977611542,4.174389202509496,True,0.3021263747289774,317.4389202509496,Positive,Very High,3ip2477VESffCtFkPFT0ov,"['Gente De Zona', 'Marc Anthony']",do,9693,40,3,True,10.43597300627374
295,613778,2019-08-08,Validation,0.3957386016845703,4.157956568110302,True,0.30056237865239355,315.79565681103026,Negative,Very High,0vrmHPfoBadXVr2n0m1aqZ,['Avicii'],se,286070,53,3,True,10.394891420275755
296,3527860,2015-09-24,Training,0.3956133723258972,4.156640805048022,True,0.30043714929372045,315.66408050480226,Negative,Very High,5Nbe9vDQ1YJdreVIlhZEpP,"['Sam Smith', 'John Legend']",pt,10483,104,3,True,10.391602012620055
297,2706679,2022-03-24,Test,0.39542134652236915,4.154623223372575,True,0.3002451234901924,315.46232233725743,Negative,Very High,45bE4HXI0AwGZXfZtMp8JR,['Tate McRae'],sg,56265,91,3,True,10.386558058431437
298,700528,2022-07-07,Test,0.39271090110483314,4.1261450454076884,True,0.29753467807265643,312.61450454076885,Negative,Very High,15HNdxGKNCIO9pgaY4n7FU,['Official HIGE DANdism'],jp,676640,49,3,True,10.315362613519222
299,5239862,2015-07-09,Training,0.3926331102848053,4.1253277108093025,True,0.29745688725262853,312.5327710809303,Negative,Very High,7oDjaRDdf9zNQ8N3yRjQwF,['Avicii'],se,12605,229,3,True,10.313319277023256
300,1360715,2015-10-22,Training,0.3925631046295166,4.124592173581007,True,0.29738688159733984,312.4592173581007,Negative,Very High,285HeuLxsngjFn4GGegGNm,"['David Guetta', 'Afrojack', 'Bebe Rexha', 'Nicki Minaj']",no,67052,114,3,True,10.311480433952518
301,3262056,2015-09-24,Training,0.39249104261398315,4.123835030533746,True,0.2973148195818064,312.38350305337457,Positive,Very High,4xkOaSrkexMciUUogZKVTS,"['Eminem', 'Nate Dogg']",ca,39129,168,3,True,10.309587576334366
302,4713664,2015-09-24,Training,0.39249104261398315,4.123835030533746,True,0.2973148195818064,312.38350305337457,Positive,Very High,6yr8GiTHWvFfi4o6Q5ebdT,"['Eminem', 'Nate Dogg']",ca,39129,168,3,True,10.309587576334366
303,1819050,2020-01-23,Validation,0.3919995427131653,4.118670926672935,True,0.2968233196809885,311.8670926672935,Positive,Very High,2n7ohqg1s68ToAHh4u9mcW,['Bad Bunny'],gt,227000,4,3,True,10.296677316682336
304,1219282,2016-07-14,Training,0.3910795748233795,4.109004984271809,True,0.29590335179120275,310.9004984271809,Negative,Very High,1xznGGDReH1oQq0xzbwXa3,"['Drake', 'Wizkid', 'Kyla']",ad,1338,1,3,True,10.272512460679522
305,5332788,2018-08-09,Training,0.39085888862609863,4.1066862728305455,True,0.29568266559392187,310.66862728305455,Negative,Very High,7uzmGiiJyRfuViKKK3lVmR,['Bazzi'],sv,8323,110,3,True,10.266715682076363
306,3157381,2019-06-06,Training,0.38764631748199463,4.072932347304231,True,0.29247009444981786,307.29323473042314,Negative,Very High,4pUCKHjJ4Ijewc37rRrvHn,['BLACKPINK'],vn,54920,7,3,True,10.182330868260578
307,2958521,2015-09-17,Training,0.3873400092124939,4.069714019661652,True,0.29216378618031713,306.9714019661652,Negative,Very High,4WGyY671Z37inSpCTBJoIm,['The Weeknd'],gt,5931,56,3,True,10.17428504915413
308,3527516,2015-07-23,Training,0.3872270882129669,4.06852757838536,True,0.29205086518079015,306.852757838536,Negative,Very High,5Nbe9vDQ1YJdreVIlhZEpP,"['Sam Smith', 'John Legend']",ch,2270,220,3,True,10.1713189459634
309,4323204,2019-10-31,Validation,0.3871797025203705,4.068029705165697,True,0.2920034794881937,306.80297051656964,Negative,Very High,6TqXcAFInzjp0bODyvrWEq,"['Khalid', 'Disclosure']",nz,88618,58,3,True,10.170074262914241
310,4403389,2015-07-16,Training,0.38588109612464905,4.054385473924429,True,0.2907048730924723,305.43854739244296,Negative,Very High,6ZixfeFT8V0Nle1rMZAekY,['Otto Knows'],ch,4944,125,3,True,10.135963684811074
311,4497020,2015-01-11,Training,0.3857465386390686,4.052971701857271,True,0.29057031560689184,305.2971701857271,Positive,Very High,6gj08XDlv9Duc2fPOxUmVD,['Meghan Trainor'],au,163163,9,3,True,10.132429254643178
312,674236,2015-09-10,Training,0.3852709233760834,4.047974495119782,True,0.2900947003439066,304.79744951197813,Negative,Very High,13HVjjWUZFaWilh2QUJKsP,['James Bay'],ch,9332,171,3,True,10.119936237799454
313,3205771,2019-07-11,Validation,0.38502246141433716,4.045363948558565,True,0.2898462383821604,304.5363948558565,Negative,Very High,4szQkW1CDHqbRZGltXJdd3,['Mahmood'],mt,6031,38,3,True,10.113409871396414
314,3205681,2019-07-18,Validation,0.38477495312690735,4.0427634220873045,True,0.2895987300947306,304.27634220873045,Negative,Very High,4szQkW1CDHqbRZGltXJdd3,['Mahmood'],lt,16827,17,3,True,10.106908555218261
315,1691806,2015-09-24,Training,0.3845895230770111,4.0408151408465836,True,0.28941330004483434,304.08151408465835,Negative,Very High,2bJvI42r8EF3wxjOuDav4r,"['Pitbull', 'Ne-Yo']",uy,3399,124,3,True,10.102037852116458
316,5375118,2019-06-06,Training,0.3840952217578888,4.035621602971529,True,0.28891899872571203,303.56216029715284,Positive,Very High,7woh2lJvyILYxSQ1kXTI3d,['Palmy'],th,112289,15,3,True,10.089054007428821
317,4373784,2015-09-10,Training,0.383681058883667,4.031270065780546,True,0.2885048358514902,303.12700657805453,Negative,Very High,6XpfrI2hjCWLyOFAuLJ83z,['Imagine Dragons'],be,8399,198,3,True,10.078175164451364
318,78453,2015-09-17,Training,0.38348889350891113,4.029251017654514,True,0.28831267047673437,302.92510176545136,Positive,Very High,06Y4G78xvsbwnwAbsLC01K,['Mike Bahía'],ec,7199,141,3,True,10.073127544136284
319,3156932,2019-06-06,Training,0.38168156147003174,4.010261694677615,True,0.286505338437855,301.02616946776146,Negative,Very High,4pUCKHjJ4Ijewc37rRrvHn,['BLACKPINK'],ph,1210017,3,3,True,10.025654236694038
320,5242255,2015-07-16,Training,0.38034307956695557,3.996198498425084,True,0.2851668565347788,299.6198498425084,Negative,Very High,7oGZAicScQt96OAW4AruYy,['Jason Derulo'],mt,3562,3,3,True,9.99049624606271
321,179380,2021-09-09,Test,0.37991654877846914,3.991717013712855,True,0.2847403257462924,299.1717013712855,Negative,Very High,0G2zPzWqVjR68iNPmx2TBe,"['Mora', 'Bad Bunny', 'Sech']",do,134778,4,3,True,9.979292534282138
322,1819205,2020-01-23,Validation,0.3798906207084656,3.9914445919968258,True,0.2847143976762888,299.14445919968256,Positive,Very High,2n7ohqg1s68ToAHh4u9mcW,['Bad Bunny'],hn,97506,3,3,True,9.978611479992065
323,4764706,2015-07-02,Training,0.37982097268104553,3.990712812302264,True,0.28464474964886877,299.0712812302264,Negative,Very High,73DhXPWV5NsxRSe0qy26TR,['Gülşen'],tr,62270,6,3,True,9.97678203075566
324,3205770,2019-07-04,Validation,0.3796674311161041,3.98909957781943,True,0.28449120808392736,298.909957781943,Negative,Very High,4szQkW1CDHqbRZGltXJdd3,['Mahmood'],mt,6843,33,3,True,9.972748944548576
325,52124,2020-04-09,Validation,0.3791707158088684,3.9838806765916748,True,0.28399449277669164,298.38806765916746,Positive,Very High,04ldF8QeASSyJLMtZJJfqA,['Francesco Gabbani'],it,780656,23,3,True,9.959701691479188
326,1820151,2020-01-23,Validation,0.37872758507728577,3.9792247791682938,True,0.283551362045109,297.9224779168294,Positive,Very High,2n7ohqg1s68ToAHh4u9mcW,['Bad Bunny'],sv,102947,3,3,True,9.948061947920735
327,3205769,2019-06-27,Validation,0.3783324658870697,3.97507333064861,True,0.28315624285489294,297.507333064861,Negative,Very High,4szQkW1CDHqbRZGltXJdd3,['Mahmood'],mt,7883,22,3,True,9.937683326621524
328,1164980,2022-08-18,Test,0.37811639272278086,3.9728030875416125,True,0.2829401696906041,297.28030875416124,Negative,Very High,1sbNEFiURUYfy024cJX8JG,['Feid'],ve,62394,25,3,True,9.932007718854031
329,3527769,2015-09-24,Training,0.3778097331523895,3.9695810688417565,True,0.28263351012021276,296.95810688417566,Negative,Very High,5Nbe9vDQ1YJdreVIlhZEpP,"['Sam Smith', 'John Legend']",nz,12542,199,3,True,9.923952672104392
330,4522912,2021-11-18,Test,0.37743252634726654,3.9656178226327166,True,0.2822563033150898,296.56178226327165,Negative,Very High,6jMCb4UpIBjmiKf6EwVK8u,['Omer Adam'],il,135988,7,3,True,9.914044556581791
331,2403847,2015-09-17,Training,0.37733277678489685,3.9645697713527666,True,0.2821565537527201,296.45697713527665,Negative,Very High,3dYD57lRAUcMHufyqn9GcI,['Hozier'],gt,3790,123,3,True,9.911424428381917
332,5087312,2015-09-17,Training,0.37733277678489685,3.9645697713527666,True,0.2821565537527201,296.45697713527665,Negative,Very High,7dS5EaCoMnN7DzlpT6aRn2,['Hozier'],gt,3790,123,3,True,9.911424428381917
333,1978750,2021-04-29,Validation,0.377261757850647,3.9638235877788937,True,0.2820855348184702,296.38235877788935,Negative,Very High,31rRD6pW8qFwnlqy1dxIVz,['ElGrandeToto'],ma,21906,63,3,True,9.909558969447234
334,347609,2021-03-25,Validation,0.3760881721973419,3.951492927705229,True,0.28091194916516515,295.1492927705229,Negative,Very High,0XoWm70Lf67NbGfGDeyisN,['Inkonnu'],ma,24735,97,3,True,9.878732319263072
335,4858488,2015-07-23,Training,0.3755604922771454,3.945948686681732,True,0.2803842692449686,294.5948686681732,Positive,Very High,7ArzaDlzVKmTrPhRyY1Tq6,['Juju'],fi,66680,63,3,True,9.86487171670433
336,4592545,2021-04-29,Validation,0.3750115633010864,3.9401811855289135,True,0.27983534026890966,294.01811855289134,Negative,Very High,6oJ47Df5ScLAlZdgWHUAqX,['ElGrandeToto'],ma,24370,52,3,True,9.850452963822283
337,4201237,2022-12-01,Test,0.37491949276693215,3.939213816461083,True,0.2797432697347554,293.9213816461083,Positive,Very High,6JIC3hbC28JZKZ8AlAqX8h,"['Elton John', 'Dua Lipa', 'PNAU']",nz,127459,17,3,True,9.848034541152707
338,2837969,2015-07-09,Training,0.3747694492340088,3.9376373351914635,True,0.279593226201832,293.76373351914634,Negative,Very High,4Ld3RS6KBXGsvtfmnjxlVl,"['Nicky Jam', 'Enrique Iglesias']",bo,4534,2,3,True,9.84409333797866
339,4293769,2017-04-27,Training,0.3747222125530243,3.9371410276108554,True,0.2795459895208475,293.71410276108554,Positive,Very High,6RUKPb4LETWmmr3iAEQktW,"['The Chainsmokers', 'Coldplay']",se,1218359,4,3,True,9.842852569027139
340,1082054,2015-09-10,Training,0.37444692850112915,3.934248666019641,True,0.2792707054689524,293.4248666019641,Negative,Very High,1mSzZKMIPZIkn3jFV7v62b,['Charly Black'],cl,232638,4,3,True,9.835621665049102
341,5074363,2015-09-24,Training,0.3734094202518463,3.9233477475315004,True,0.27823319721966955,292.33477475315004,Negative,Very High,7cgu4JBW3hq1GwTM1ilkKQ,['Tove Lo'],lv,2015,155,3,True,9.808369368828751
342,4360713,2018-05-31,Training,0.3733411431312561,3.9226303717162496,True,0.27816492009907934,292.26303717162494,Negative,Very High,6WbADFqMvR8N5u0BvtsWQE,"['Avicii', 'Sandro Cavazza']",se,1081712,6,3,True,9.806575929290624
343,3302998,2015-09-24,Training,0.37270820140838623,3.9159801632639146,True,0.27753197837620946,291.5980163263915,Positive,Very High,51ODNNDZm21HU7wI7cccRr,"['Disclosure', 'Sam Smith']",pl,16485,125,3,True,9.789950408159786
344,653942,2018-12-13,Training,0.37248650193214417,3.9136508054770744,True,0.2773102788999674,291.36508054770746,Negative,Very High,116H0KvKr2Zl4RPuVBruDO,"['Bad Bunny', 'Drake']",bo,80333,3,3,True,9.784127013692686
345,2921343,2019-04-04,Training,0.37179994583129883,3.9064372800925544,True,0.27662372279912206,290.6437280092554,Positive,Very High,4SSnFejRGlZikf02HLewEF,['Billie Eilish'],au,1456234,3,3,True,9.766093200231387
346,1533686,2018-06-14,Training,0.37172940373420715,3.905696106563659,True,0.2765531807020304,290.5696106563659,Negative,Very High,2OALaHcDdKkjYEpAr0Qzab,"['Avicii', 'Rita Ora']",se,283399,57,3,True,9.764240266409148
347,3156760,2019-06-06,Training,0.3710966110229492,3.8990474637503802,True,0.27592038799077245,289.90474637503803,Negative,Very High,4pUCKHjJ4Ijewc37rRrvHn,['BLACKPINK'],my,265412,4,3,True,9.74761865937595
348,3831654,2015-07-16,Training,0.3707595765590668,3.8955063013345477,True,0.27558335352689,289.5506301334548,Negative,Very High,5ntbENj4mD1JanFRqWztSr,"['Don Omar', 'Natti Natasha']",ar,12994,161,3,True,9.73876575333637
349,4404812,2015-09-17,Training,0.3706423044204712,3.8942741433978334,True,0.2754660813882944,289.42741433978335,Negative,Very High,6Zo3wgDE076K2AuiGZF3CS,"['Pitbull', 'Chris Brown']",gt,3605,136,3,True,9.735685358494583
350,2555116,2021-09-16,Test,0.3705651187605342,3.893463167111131,True,0.27538889572835745,289.3463167111131,Negative,Very High,3rmo8F54jFF8OgYsqTxm5d,['Ed Sheeran'],ua,52930,33,3,True,9.733657917777826
351,1164763,2022-08-18,Test,0.3703695226265124,3.8914080725949756,True,0.2751932995943357,289.14080725949754,Positive,Very High,1sbNEFiURUYfy024cJX8JG,['Feid'],pa,32925,63,3,True,9.72852018148744
352,795306,2016-06-30,Training,0.3686481714248657,3.8733221353009024,True,0.27347194839268896,287.33221353009026,Negative,Very High,1G5qDCiqei7ozj5ku43TuR,['Poli Genova'],bg,3502,53,3,True,9.683305338252255
353,2608730,2015-09-24,Training,0.3686140775680542,3.8729639170849937,True,0.27343785453587743,287.29639170849936,Positive,Very High,3voxukrHBXctzxdSbCycey,['Los Totora'],uy,6565,53,3,True,9.682409792712484
354,2098867,2017-12-21,Training,0.3677881956100464,3.8642865191835387,True,0.2726119725778696,286.42865191835386,Negative,Very High,3B54sVLJ402zGa6Xm4YGNe,"['French Montana', 'Swae Lee']",py,9200,142,3,True,9.660716297958846
355,1164979,2022-08-11,Test,0.36757525792247053,3.862049219984306,True,0.2723990348902938,286.2049219984306,Positive,Very High,1sbNEFiURUYfy024cJX8JG,['Feid'],ve,63003,23,3,True,9.655123049960766
356,966422,2023-02-23,Test,0.3674877713792627,3.861130014111026,True,0.27231154834708593,286.1130014111026,Negative,Very High,1aOl53hkZGHkl2Snhr7opL,['Dean Lewis'],nl,547144,36,3,True,9.652825035277564
357,2415750,2017-06-08,Training,0.36716994643211365,3.8577906827420807,True,0.2719937233999369,285.77906827420804,Negative,Very High,3eR23VReFzcdmS7TYCrhCe,"['Kygo', 'Selena Gomez']",cy,3619,15,3,True,9.644476706855201
358,5069063,2015-12-03,Training,0.36715167760849,3.857598735393871,True,0.2719754545763132,285.7598735393871,Negative,Very High,7br84ZQ7X2IGahwaC2FlZs,['Avicii'],se,793064,14,3,True,9.643996838484677
359,1533687,2018-06-21,Training,0.36678317189216614,3.8537269100095073,True,0.27160694885998937,285.37269100095074,Negative,Very High,2OALaHcDdKkjYEpAr0Qzab,"['Avicii', 'Rita Ora']",se,234141,71,3,True,9.634317275023768
360,3200859,2022-03-24,Test,0.36610301471036666,3.8465806169529992,True,0.2709267916781899,284.6580616952999,Positive,Very High,4saklk6nie3yiGePpBwUoc,['BTS'],vn,354674,4,3,True,9.616451542382498
361,3008356,2015-07-23,Training,0.36609938740730286,3.84654250551142,True,0.2709231643751261,284.654250551142,Positive,Very High,4amvcCLMlTiU6mQfwFGRl8,['Hunter Hayes'],ca,44359,91,3,True,9.61635626377855
362,3134391,2021-03-25,Validation,0.3645413815975189,3.8301728098022596,True,0.26936515856534216,283.01728098022596,Negative,Very High,4nAQS0ARxHcjd6mmjNJhoP,"['Inkonnu', 'Iguidr']",ma,12835,197,3,True,9.575432024505648
363,2462549,2015-09-10,Training,0.3644331097602844,3.8290352164645003,True,0.26925688672810766,282.90352164645003,Negative,Very High,3hi5omgmpSIzVUW8nIWzhZ,['Tungevaag'],fr,44513,167,3,True,9.57258804116125
364,5360663,2018-05-17,Training,0.36359918117523193,3.820273274054046,True,0.26842295814305517,282.0273274054046,Positive,Very High,7vuTcvFnvlqWlWb4u60nvY,['Netta'],il,59377,1,3,True,9.550683185135115
365,2111329,2019-04-11,Training,0.36347877979278564,3.8190082376971652,True,0.2683025567606089,281.9008237697165,Negative,Very High,3CRDbSIZ4r5MsZ0YwxuEkn,['Twenty One Pilots'],cr,19539,190,3,True,9.547520594242913
366,1164628,2022-08-18,Test,0.3633993150501614,3.818173315485581,True,0.26822309201798467,281.8173315485581,Negative,Very High,1sbNEFiURUYfy024cJX8JG,['Feid'],gt,86886,79,3,True,9.545433288713953
367,3933940,2020-09-17,Validation,0.3629888594150543,3.8138607296103433,True,0.26781263638287756,281.3860729610343,Positive,Very High,5vsXtB67Zc2Hd5cTUXOLWq,['Miyagi & Andy Panda'],ru,90778,99,3,True,9.534651824025858
368,671468,2015-09-10,Training,0.36264747381210327,3.8102738505340885,True,0.2674712507799265,281.02738505340886,Positive,Very High,12vVEfSkp4BykGojhxX39Z,['Agir'],pt,7665,183,3,True,9.525684626335222
369,5056562,2019-09-19,Validation,0.36202532052993774,3.8037369943493755,True,0.266849097497761,280.3736994349376,Negative,Very High,7anSoGdgtmJTAPZBzcPhO6,"['Dalex', 'Nicky Jam', 'Justin Quiles', 'Sech', 'Lenny Tavárez', 'Feid', 'Rafa Pabön']",cl,858109,18,3,True,9.50934248587344
370,4357147,2019-10-24,Validation,0.36192941665649414,3.8027293490532266,True,0.2667531936243174,280.27293490532264,Negative,Very High,6WSAPEkvEfcEUgSTAo1D3S,"['Sebastian Yatra', 'Beret']",bo,12028,157,3,True,9.506823372633066
371,1976471,2021-03-25,Validation,0.3613111674785614,3.7962335126117686,True,0.26613494444638464,279.6233512611769,Negative,Very High,31hmV6Py54PvB4BivQEMYI,['Inkonnu'],ma,20489,120,3,True,9.490583781529422
372,429198,2015-09-17,Training,0.36063525080680847,3.7891317738558143,True,0.2654590277746317,278.91317738558143,Negative,Very High,0fgZUSa7D7aVvv3GfO0A1n,"['Omarion', 'Chris Brown', 'Jhené Aiko']",ch,14425,89,3,True,9.472829434639536
373,822920,2019-07-18,Validation,0.3602898418903351,3.78550262252506,True,0.2651136188581583,278.550262252506,Negative,Very High,1J14CdDAvBTE1AJYUOwl6C,['Duncan Laurence'],cy,1405,196,3,True,9.46375655631265
374,3595208,2021-04-29,Validation,0.36020395159721375,3.7846001881734437,True,0.265027728565037,278.46001881734435,Positive,Very High,5SkiVFWCP3NPEgNk3PaL2I,"['C. Tangana', 'Jorge Drexler']",es,273153,200,3,True,9.46150047043361
375,1164672,2022-08-18,Test,0.3599170461960076,3.781585723088933,True,0.26474082316383085,278.15857230889327,Negative,Very High,1sbNEFiURUYfy024cJX8JG,['Feid'],hn,28135,75,3,True,9.453964307722332
376,2112522,2016-09-01,Training,0.3594973683357239,3.7771762408998586,True,0.2643211453035471,277.71762408998586,Negative,Very High,3CRDbSIZ4r5MsZ0YwxuEkn,['Twenty One Pilots'],gt,17552,40,3,True,9.442940602249646
377,4431856,2015-09-24,Training,0.35922014713287354,3.774263526000922,True,0.26404392410069677,277.4263526000922,Positive,Very High,6cJLfIqwh0tCKRjYM3WpZ5,['Prince Royce'],ec,5564,192,3,True,9.435658815002304
378,1819524,2020-01-23,Validation,0.3591405749320984,3.7734274747452607,True,0.2639643518999216,277.34274747452605,Positive,Very High,2n7ohqg1s68ToAHh4u9mcW,['Bad Bunny'],ni,45144,2,3,True,9.433568686863152
379,3810771,2015-08-20,Training,0.35900968313217163,3.7720522173988695,True,0.26383346009999487,277.20522173988695,Positive,Very High,5lkpeJwmQKgY3bX2zChjxX,['Adele'],hk,7154,127,3,True,9.430130543497175
380,655634,2018-12-13,Training,0.3589705228805542,3.7716407674550725,True,0.26379429984837743,277.16407674550726,Negative,Very High,116H0KvKr2Zl4RPuVBruDO,"['Bad Bunny', 'Drake']",pa,88877,1,3,True,9.42910191863768
381,4201799,2022-08-18,Test,0.35885095435809755,3.770384481813056,True,0.2636747313259208,277.0384481813056,Negative,Very High,6JIC3hbC28JZKZ8AlAqX8h,"['Elton John', 'Dua Lipa', 'PNAU']",se,256444,49,3,True,9.42596120453264
382,3514254,2015-09-17,Training,0.3584565222263336,3.766240252096874,True,0.26328029919415685,276.6240252096874,Negative,Very High,5MhsZlmKJG6X5kTHkdwC4B,"['AronChupa', 'Little Sis Nora']",co,15974,190,3,True,9.415600630242185
383,1918122,2022-07-07,Test,0.35815819903755375,3.7631058223067884,True,0.262981976005377,276.31058223067885,Negative,Very High,2vHzOWRKYPLu8umRPIFuOq,"['KALUSH', 'Kalush Orchestra']",lt,22148,16,3,True,9.40776455576697
384,4404813,2015-09-24,Training,0.356417715549469,3.7448188654110903,True,0.26124149251729223,274.481886541109,Negative,Very High,6Zo3wgDE076K2AuiGZF3CS,"['Pitbull', 'Chris Brown']",gt,3482,144,3,True,9.362047163527725
385,5117788,2015-09-17,Training,0.3563714325428009,3.744332577920438,True,0.26119520951062414,274.43325779204383,Negative,Very High,7fEGUogfVroN6IQL6Q7atH,['Zion & Lennox'],gt,4853,82,3,True,9.360831444801095
386,4083959,2020-08-20,Validation,0.3563672602176666,3.744288740026883,True,0.26119103718548986,274.4288740026883,Negative,Very High,6B1Io9VDzMAmwFjrplDJw8,['Bich Phuong'],vn,128816,7,3,True,9.360721850067208
387,3121434,2020-10-01,Validation,0.35619381070137024,3.742466336166228,True,0.2610175876691935,274.24663361662283,Negative,Very High,4lRQP4PC7ZHQnkPuq8N52N,"['SNIK', 'Light', 'Mad Clip']",gr,93962,6,3,True,9.35616584041557
388,5242264,2015-09-17,Training,0.35584625601768494,3.7388146396330737,True,0.26067003298550817,273.8814639633074,Negative,Very High,7oGZAicScQt96OAW4AruYy,['Jason Derulo'],mt,3855,29,3,True,9.347036599082685
389,1818523,2020-01-23,Validation,0.3558201491832733,3.7385403396705423,True,0.26064392615109655,273.85403396705425,Positive,Very High,2n7ohqg1s68ToAHh4u9mcW,['Bad Bunny'],cr,175114,5,3,True,9.346350849176355
390,5197540,2015-09-10,Training,0.3557974100112915,3.738301423150666,True,0.26062118697911474,273.8301423150666,Negative,Very High,7lN5pxJTTELBhPhINLHyuh,['Wellhello'],hu,7179,61,3,True,9.345753557876664
391,2958522,2015-09-24,Training,0.35552671551704407,3.7354572832423623,True,0.2603504924848673,273.5457283242362,Positive,Very High,4WGyY671Z37inSpCTBJoIm,['The Weeknd'],gt,6002,62,3,True,9.338643208105905
392,3610223,2016-10-20,Training,0.3553430736064911,3.7335277896703083,True,0.2601668505743143,273.3527789670308,Negative,Very High,5TqQuklqBP9QIE9FrduMWM,['Portion Boys'],fi,49899,159,3,True,9.33381947417577
393,2252162,2021-03-25,Validation,0.35495415329933167,3.729441471735335,True,0.2597779302671549,272.94414717353345,Negative,Very High,3QlCq1JeyTePnQpSoCFTi2,['Inkonnu'],ma,29824,75,3,True,9.323603679338337
394,465733,2015-07-02,Training,0.3547401428222656,3.72719290092376,True,0.25956391979008886,272.719290092376,Positive,Very High,0k4FG9l3OrxLt5NQU3uEkR,"['Jolin Tsai', 'Namie Amuro']",tw,17332,87,3,True,9.3179822523094
395,1345129,2017-03-16,Training,0.3546006381511688,3.7257271496399587,True,0.25942441511899206,272.57271496399585,Positive,Very High,27SdWb2rFzO6GWiYDBTD9j,['Sia'],de,255137,141,3,True,9.314317874099897
396,3895891,2018-12-20,Training,0.3544158935546875,3.7237860703388934,True,0.25923967052251073,272.37860703388935,Negative,Very High,5tAa8Uaqr4VvA3693mbIhU,['Zara Larsson'],se,472723,36,3,True,9.309465175847233
397,2422783,2017-08-24,Training,0.35394829511642456,3.718873094982592,True,0.2587720720842478,271.8873094982592,Negative,Very High,3ebXMykcMXOcLeJ9xZ17XH,"['Martin Garrix', 'Dua Lipa']",tw,29354,101,3,True,9.29718273745648
398,2490228,2021-07-01,Test,0.35383818790831495,3.717716217722687,True,0.25866196487613824,271.7716217722687,Positive,Very High,3ke6it1vTmHtz2ApcIVUz5,"['Bizarrap', 'Snow Tha Product']",uy,40450,48,3,True,9.294290544306717
399,3205772,2019-07-18,Validation,0.3535170555114746,3.7143421355558437,True,0.25834083247929784,271.4342135555844,Negative,Very High,4szQkW1CDHqbRZGltXJdd3,['Mahmood'],mt,5086,53,3,True,9.28585533888961
400,2101456,2020-05-07,Validation,0.35242030024528503,3.702818718979218,True,0.25724407721310827,270.2818718979218,Negative,Very High,3BWifvJjBCHbNTUOtNXc4t,"['Nerieš', 'Kontrafakt']",sk,18935,71,3,True,9.257046797448044
401,636365,2020-08-27,Validation,0.3521288335323334,3.6997563289865716,True,0.2569526105001566,269.9756328986572,Negative,Very High,0yqEQgjQ8NGsrJpfPnevBE,"['Nane', 'Ian']",ro,22112,86,3,True,9.24939082246643
402,3527859,2015-09-17,Training,0.3507748246192932,3.6855299931444523,True,0.25559860158711645,268.55299931444523,Positive,Very High,5Nbe9vDQ1YJdreVIlhZEpP,"['Sam Smith', 'John Legend']",pt,11859,87,3,True,9.21382498286113
403,644944,2017-09-21,Training,0.3498426377773285,3.6757356683407716,True,0.2546664147451517,267.57356683407716,Negative,Very High,104buTcnP2AsxqB7U1FIZ4,"['Linkin Park', 'Kiiara']",my,58065,74,3,True,9.189339170851929
404,4103594,2017-08-24,Training,0.349714457988739,3.6743889056251913,True,0.25453823495656225,267.43889056251913,Negative,Very High,6DG2g1UhROp5pnM8fx7zH2,"['Hailee Steinfeld', 'Grey', 'Zedd']",gb,292155,148,3,True,9.185972264062979
405,3977874,2017-09-07,Training,0.34967315196990967,3.673954910478994,True,0.2544969289377329,267.39549104789944,Negative,Very High,60a0Rd6pjrkxjPbaKzXjfq,['Linkin Park'],hu,9815,90,3,True,9.184887276197486
406,4202281,2022-06-02,Test,0.3496091149687607,3.6732820848602747,True,0.2544328919365839,267.32820848602745,Positive,Very High,6JIC3hbC28JZKZ8AlAqX8h,"['Elton John', 'Dua Lipa', 'PNAU']",ve,25799,69,3,True,9.183205212150687
407,4448909,2015-07-02,Training,0.348599910736084,3.662678551745334,True,0.2534236877039072,266.2678551745334,Negative,Very High,6eE5LWw0DpIbTOdKwDUoE8,"['Tiësto', 'KSHMR', 'VASSY']",sg,15618,111,3,True,9.156696379363336
408,78454,2015-09-24,Training,0.34858331084251404,3.6625041395545463,True,0.2534070878103373,266.25041395545463,Positive,Very High,06Y4G78xvsbwnwAbsLC01K,['Mike Bahía'],ec,7575,133,3,True,9.156260348886367
409,1762176,2015-09-17,Training,0.3484124541282654,3.660708977813458,True,0.2532362310960886,266.07089778134576,Negative,Very High,2gpytjWqJVE3LICibhEUaK,['Michael Calfan'],at,5668,147,3,True,9.151772444533645
410,2558678,2016-08-18,Training,0.3482567071914673,3.659072571872602,True,0.2530804841592905,265.9072571872602,Negative,Very High,3rq5w4bQGigXOfdN30ATJt,['Arctic Monkeys'],ie,16467,148,3,True,9.147681429681505
411,793616,2019-07-18,Validation,0.34818777441978455,3.6583483072455065,True,0.2530115513876078,265.83483072455067,Negative,Very High,1FuJKBi6XdFyf8Yzmck468,['Kontra K'],de,894633,73,3,True,9.145870768113767
412,2967924,2015-07-09,Training,0.34685811400413513,3.6443777968250637,True,0.25168189097195837,264.43777968250635,Negative,Very High,4WjH9Bzt3kx7z8kl0awxh4,"['Major Lazer', 'MØ', 'DJ Snake']",py,12939,1,3,True,9.110944492062659
413,4202290,2022-08-04,Test,0.3466978604494623,3.6426940406350474,True,0.2515216374172856,264.26940406350474,Negative,Very High,6JIC3hbC28JZKZ8AlAqX8h,"['Elton John', 'Dua Lipa', 'PNAU']",ve,23751,82,3,True,9.106735101587619
414,1544540,2015-09-10,Training,0.3463948667049408,3.639510538129184,True,0.25121864367276403,263.9510538129184,Negative,Very High,2OlWBmSjf1aUPGLNf0UI5A,['Ariana Grande'],hu,2726,193,3,True,9.09877634532296
415,1450762,2022-08-18,Test,0.3462503915637776,3.6379925629820264,True,0.2510741685316009,263.79925629820264,Negative,Very High,2FntmtxOqyNgZkxaZchEn0,['Wegz'],eg,47675,32,3,True,9.094981407455066
416,5102195,2021-10-21,Test,0.3460867946819976,3.6362736790363512,True,0.2509105716498209,263.6273679036351,Negative,Very High,7eJMfftS33KTjuF7lTsMCx,"['Powfu', 'beabadoobee']",my,47593,194,3,True,9.090684197590878
417,1691061,2015-09-10,Training,0.34567320346832275,3.6319281481831776,True,0.250496980436146,263.19281481831774,Negative,Very High,2bJvI42r8EF3wxjOuDav4r,"['Pitbull', 'Ne-Yo']",pa,4364,62,3,True,9.079820370457943
418,4042660,2022-02-17,Test,0.34508316996703225,3.6257287689423032,True,0.24990694693485552,262.5728768942303,Negative,Very High,67BtfxlNbhBmCDR2L2l8qd,['Lil Nas X'],ie,55597,95,3,True,9.064321922355758
419,4078284,2021-07-22,Test,0.344780327947357,3.6225468605829767,True,0.24960410491518029,262.2546860582977,Negative,Very High,6A8B1kJ9ZNHbl2uFPN6Wtm,['Blind Channel'],is,15656,30,3,True,9.056367151457442
420,3262055,2015-09-17,Training,0.34477341175079346,3.6224741933101723,True,0.24959718871861672,262.2474193310172,Positive,Very High,4xkOaSrkexMciUUogZKVTS,"['Eminem', 'Nate Dogg']",ca,37624,167,3,True,9.056185483275431
421,4713663,2015-09-17,Training,0.34477341175079346,3.6224741933101723,True,0.24959718871861672,262.2474193310172,Positive,Very High,6yr8GiTHWvFfi4o6Q5ebdT,"['Eminem', 'Nate Dogg']",ca,37624,167,3,True,9.056185483275431
422,3977476,2017-09-21,Training,0.34467458724975586,3.6214358614885342,True,0.24949836421757912,262.14358614885344,Negative,Very High,60a0Rd6pjrkxjPbaKzXjfq,['Linkin Park'],de,331811,120,3,True,9.053589653721335
423,1219284,2016-07-28,Training,0.34466874599456787,3.621374488437557,True,0.24949252296239113,262.1374488437557,Negative,Very High,1xznGGDReH1oQq0xzbwXa3,"['Drake', 'Wizkid', 'Kyla']",ad,1272,1,3,True,9.053436221093893
424,671642,2020-08-27,Validation,0.34440430998802185,3.618596105369586,True,0.2492280869558451,261.8596105369586,Negative,Very High,131QzZD2qg9fE0nxJSWZAT,"['Nane', 'Oscar', 'Super Ed']",ro,33244,29,3,True,9.046490263423966
425,795307,2016-07-07,Training,0.3443153202533722,3.6176611057256145,True,0.24913909722119545,261.76611057256144,Negative,Very High,1G5qDCiqei7ozj5ku43TuR,['Poli Genova'],bg,2753,63,3,True,9.044152764314036
426,5198223,2015-09-24,Training,0.3438985049724579,3.613281700159443,True,0.24872228194028115,261.3281700159443,Negative,Very High,7lOzUJzsELALh5FQsPKTEn,['Chayanne'],ec,6904,144,3,True,9.033204250398608
427,4262093,2022-12-08,Test,0.34364554266817876,3.6106238692829895,True,0.24846931963600202,261.06238692829896,Positive,Very High,6OzUIp8KjuwxJnCWkXp1uL,"['Wisin & Yandel', 'ROSALÍA']",ar,1990759,10,3,True,9.026559673207474
428,1033264,2015-09-10,Training,0.3434497117996216,3.6085663084519513,True,0.24827348876744484,260.8566308451951,Negative,Very High,1i1rNVtxbE7rdFfpHuNq2j,['Jess Glynne'],cz,3719,154,3,True,9.021415771129877
429,4735946,2020-03-12,Validation,0.34315499663352966,3.6054697875278934,True,0.24797877360135293,260.54697875278936,Negative,Very High,70eFcWOvlMObDhURTqT4Fv,"['Ed Sheeran', 'Khalid']",no,98349,119,3,True,9.013674468819733
430,2403846,2015-09-10,Training,0.3425126075744629,3.598720317559437,True,0.24733638454228615,259.87203175594374,Negative,Very High,3dYD57lRAUcMHufyqn9GcI,['Hozier'],gt,3803,122,3,True,8.996800793898593
431,5087311,2015-09-10,Training,0.3425126075744629,3.598720317559437,True,0.24733638454228615,259.87203175594374,Negative,Very High,7dS5EaCoMnN7DzlpT6aRn2,['Hozier'],gt,3803,122,3,True,8.996800793898593
432,3882879,2022-03-17,Test,0.3423268344031394,3.5967684312016366,True,0.24715061137096264,259.67684312016365,Negative,Very High,5rcH7HIJH3l3eojjKmZWWi,"['SB Maffija', 'Bedoes 2115', 'White 2115', 'Kuqe 2115', 'flexxy2115', 'Blacha 2115', 'Lanek']",pl,588473,16,3,True,8.991921078004092
433,2490100,2021-07-01,Test,0.34206259141648315,3.593992076160032,True,0.24688636838430641,259.3992076160032,Negative,Very High,3ke6it1vTmHtz2ApcIVUz5,"['Bizarrap', 'Snow Tha Product']",ar,699748,36,3,True,8.98498019040008
434,5117787,2015-09-10,Training,0.34187641739845276,3.5920359781756916,True,0.24670019436627602,259.2035978175692,Negative,Very High,7fEGUogfVroN6IQL6Q7atH,['Zion & Lennox'],gt,4915,73,3,True,8.980089945439229
435,373968,2016-08-11,Training,0.34173116087913513,3.590509793224346,True,0.2465549378469584,259.0509793224346,Negative,Very High,0azC730Exh71aQlOt9Zj3y,"['Calvin Harris', 'Rihanna']",ad,1044,4,3,True,8.976274483060866
436,548451,2018-11-01,Training,0.34169498085975647,3.5901296560616593,True,0.24651875782757973,259.01296560616595,Negative,Very High,0qyGQFsJG06DkooGyCWD3U,"['Gazapizm', 'Cash Flow', 'Boykot', 'ZEZE']",tr,88309,186,3,True,8.975324140154148
437,3025440,2020-07-09,Validation,0.3413029611110687,3.5860107728343307,True,0.246126738078892,258.6010772834331,Positive,Very High,4cQSOn9oP0MiM7BgiRngFk,['Adamlar'],tr,210868,130,3,True,8.965026932085827
438,36212,2019-08-15,Validation,0.34127405285835266,3.5857070388575547,True,0.24609782982617592,258.57070388575545,Negative,Very High,032seT1B0E1OdURhzK5Mdj,"['Hawk', 'Sapranov']",gr,15050,105,3,True,8.964267597143888
439,5117709,2015-09-17,Training,0.3412684500217438,3.5856481708290664,True,0.24609222698956704,258.56481708290664,Negative,Very High,7fEGUogfVroN6IQL6Q7atH,['Zion & Lennox'],do,4489,89,3,True,8.964120427072666
440,4292143,2017-04-27,Training,0.3412202298641205,3.585141530030692,True,0.24604400683194375,258.51415300306917,Negative,Very High,6RUKPb4LETWmmr3iAEQktW,"['The Chainsmokers', 'Coldplay']",it,759855,3,3,True,8.96285382507673
441,1047809,2017-11-09,Training,0.3411934971809387,3.584860654384127,True,0.24601727414876198,258.4860654384127,Negative,Very High,1j4kHkkpqZRBwE0A4CN4Yv,"['ZAYN', 'Sia']",gr,35059,3,3,True,8.962151635960318
442,1918121,2022-06-30,Test,0.3409850837830009,3.5826708911081946,True,0.24580886075082417,258.2670891108195,Negative,Very High,2vHzOWRKYPLu8umRPIFuOq,"['KALUSH', 'Kalush Orchestra']",lt,26231,10,3,True,8.956677227770486
443,3710032,2022-07-14,Test,0.33990908535214986,3.571365562985568,True,0.24473286231997313,257.1365562985568,Negative,Very High,5cfpzLdRk0o8acJNU6aQSY,"['LEX', 'Dof Twogee']",gr,115610,62,3,True,8.92841390746392
444,2660744,2015-09-24,Training,0.33960476517677307,3.568168123901713,True,0.24442854214459633,256.81681239017126,Negative,Very High,41Fflg7qHiVOD6dEPvsCzO,"['Fifth Harmony', 'Kid Ink']",ee,3859,65,3,True,8.920420309754283
445,5231731,2017-10-19,Training,0.3390887975692749,3.5627469421079816,True,0.24391257453709816,256.27469421079815,Negative,Very High,7nZmah2llfvLDiUjm0kiyz,"['Justin Bieber', 'BloodPop®']",sk,16892,13,3,True,8.906867355269954
446,3977875,2017-09-14,Training,0.33893269300460815,3.561106778633392,True,0.24375646997243142,256.1106778633392,Positive,Very High,60a0Rd6pjrkxjPbaKzXjfq,['Linkin Park'],hu,10101,87,3,True,8.90276694658348
447,966043,2022-12-01,Test,0.3389315457220461,3.5610947243353173,True,0.24375532268986935,256.1094724335317,Negative,Very High,1aOl53hkZGHkl2Snhr7opL,['Dean Lewis'],au,692437,18,3,True,8.902736810838293
448,4236410,2019-08-29,Validation,0.33814939856529236,3.552876840374012,True,0.24297317553311562,255.28768403740122,Negative,Very High,6MWtB6iiXyIwun0YzU6DFP,['Post Malone'],no,76846,152,3,True,8.88219210093503
449,5378805,2015-09-24,Training,0.33797699213027954,3.551065395986746,True,0.2428007690981028,255.1065395986746,Negative,Very High,7wqSzGeodspE3V6RBD5W8L,"['Wiz Khalifa', 'Charlie Puth']",sk,3817,37,3,True,8.877663489966865
450,2782652,2022-07-21,Test,0.3376575308009305,3.54770887143501,True,0.2424813077687538,254.770887143501,Positive,Very High,4Dvkj6JhhA12EX05fT7y2e,['Harry Styles'],at,192743,5,3,True,8.869272178587526
451,429197,2015-09-10,Training,0.33760908246040344,3.5471998331586043,True,0.2424328594282267,254.71998331586042,Positive,Very High,0fgZUSa7D7aVvv3GfO0A1n,"['Omarion', 'Chris Brown', 'Jhené Aiko']",ch,14965,92,3,True,8.86799958289651
452,1158789,2015-07-16,Training,0.33742555975914,3.545271592097795,True,0.24224933672696328,254.52715920977948,Negative,Very High,1sNSG13fsK6KPKKNIQXXrh,"['DJ Snake', 'AlunaGeorge']",tw,17333,30,3,True,8.863178980244488
453,5132569,2019-04-11,Training,0.3373010456562042,3.543963344102981,True,0.24212482262402749,254.3963344102981,Negative,Very High,7g8YaUQABMal0zWe7a2ijz,"['Dalex', 'Rafa Pabön', 'KHEA', 'Sech', 'Feid', 'Cazzu', 'Lenny Tavárez']",pa,141106,1,3,True,8.859908360257453
454,1132922,2021-03-25,Validation,0.3371548056602478,3.5424268259338687,True,0.24197858262807106,254.24268259338686,Negative,Very High,1r97EiufIGKQofWtxCMgkb,['Inkonnu'],ma,30747,71,3,True,8.856067064834672
455,5069669,2017-03-30,Training,0.3367367684841156,3.5380345821274415,True,0.24156054545193886,253.80345821274415,Negative,Very High,7c5Ny3skYBWh5ByNpaUcZZ,"['Molo', 'Benny Jamz', 'Gilli', 'MellemFingaMuzik']",dk,165599,55,3,True,8.845086455318604
456,3391849,2015-07-02,Training,0.3364946246147156,3.5354904186621803,True,0.24131840158253884,253.54904186621803,Negative,Very High,5AETvTqEdtf9GcgBDxXJvj,"['Giorgio Moroder', 'Sia']",co,2168,234,3,True,8.83872604665545
457,1729529,2020-05-07,Validation,0.336421936750412,3.5347266999308853,True,0.24124571371823525,253.47266999308852,Negative,Very High,2eLTkjdcbBCTew9qvn6hzz,"['Nerieš', 'Separ']",sk,46307,23,3,True,8.836816749827213
458,4069959,2015-09-03,Training,0.33612513542175293,3.53160826006005,True,0.2409489123895762,253.16082600600498,Negative,Very High,69uKYDeTWn1wFssqP6OZjb,['Luan Santana'],br,152696,55,3,True,8.829020650150124
459,179896,2021-09-09,Test,0.33610879234918933,3.531436546242849,True,0.2409325693170126,253.1436546242849,Negative,Very High,0G2zPzWqVjR68iNPmx2TBe,"['Mora', 'Bad Bunny', 'Sech']",pa,119981,3,3,True,8.828591365607123
460,3959019,2020-04-09,Validation,0.33590787649154663,3.5293255583170646,True,0.2407316534593699,252.93255583170645,Negative,Very High,5yfE6GXTuJaAlepKoE0wJE,['Pinguini Tattici Nucleari'],it,1045461,12,3,True,8.823313895792662
461,3099203,2021-05-06,Validation,0.3357860743999481,3.5280458049530616,True,0.24060985136777138,252.80458049530617,Negative,Very High,4jmvkbDw0cuWD2Fi9VswFQ,['Willie Peyote'],it,449322,97,3,True,8.820114512382654
462,5264673,2020-05-28,Validation,0.3356369137763977,3.5264786002584607,True,0.24046069074422097,252.64786002584606,Negative,Very High,7qEHsqek33rTcFNT9PFqLf,['Lewis Capaldi'],at,61611,49,3,True,8.816196500646152
463,1918073,2022-07-14,Test,0.335587857771937,3.5259631773629323,True,0.24041163473976027,252.59631773629323,Negative,Very High,2vHzOWRKYPLu8umRPIFuOq,"['KALUSH', 'Kalush Orchestra']",ee,5517,169,3,True,8.81490794340733
464,4200971,2022-08-18,Test,0.33544358541168956,3.524447332799541,True,0.24026736237951282,252.4447332799541,Positive,Very High,6JIC3hbC28JZKZ8AlAqX8h,"['Elton John', 'Dua Lipa', 'PNAU']",ni,14596,89,3,True,8.811118331998852
465,2968449,2015-09-03,Training,0.3352363407611847,3.522269849349344,True,0.24006011772900795,252.2269849349344,Negative,Very High,4WjH9Bzt3kx7z8kl0awxh4,"['Major Lazer', 'MØ', 'DJ Snake']",tr,146526,1,3,True,8.80567462337336
466,3005018,2017-11-16,Training,0.3342564105987549,3.5119738937922658,True,0.23908018756657815,251.19738937922656,Positive,Very High,4aWmUDTfIPGksMNLV2rQP2,"['Luis Fonsi', 'Daddy Yankee']",global,5847909,89,3,True,8.779934734480664
467,1033265,2015-09-17,Training,0.3333197236061096,3.5021322866891076,True,0.23814350057393288,250.21322866891074,Positive,Very High,1i1rNVtxbE7rdFfpHuNq2j,['Jess Glynne'],cz,4088,131,3,True,8.755330716722769
468,3681428,2016-11-24,Training,0.3331972360610962,3.5008453313854493,True,0.23802101302891945,250.08453313854494,Negative,Very High,5aAx2yezTd8zXrkmtKl66Z,"['The Weeknd', 'Daft Punk']",be,165187,3,3,True,8.752113328463624
469,5029521,2016-11-24,Training,0.3331972360610962,3.5008453313854493,True,0.23802101302891945,250.08453313854494,Negative,Very High,7MXVkk9YMctZqd1Srtv4MB,"['The Weeknd', 'Daft Punk']",be,165187,3,3,True,8.752113328463624
470,3591667,2014-07-13,Training,0.33304929733276367,3.4992909649311037,True,0.23787307430058693,249.92909649311036,Negative,Very High,5Sf3GyLEAzJXxZ5mbCPXTu,"['Mr. Probz', 'Robin Schulz']",cy,1093,4,3,True,8.74822741232776
471,1533684,2018-05-31,Training,0.33303046226501465,3.4990930681544827,True,0.2378542392328379,249.90930681544828,Negative,Very High,2OALaHcDdKkjYEpAr0Qzab,"['Avicii', 'Rita Ora']",se,429742,40,3,True,8.747732670386206
472,1329213,2015-09-10,Training,0.33265221118927,3.4951188499758863,True,0.23747598815709328,249.51188499758862,Negative,Very High,26rdOwwjC2UnweK3xeS58u,"['Flo Rida', 'Sage The Gemini', 'Lookas']",do,3262,159,3,True,8.737797124939716
473,1188397,2022-08-18,Test,0.33236782860602554,3.4921308917003375,True,0.2371916055738488,249.21308917003375,Positive,Very High,1v7L65Lzy0j0vdpRjJewt1,['Eminem'],ch,52697,107,3,True,8.730327229250843
474,4791618,2022-04-07,Test,0.331958065128081,3.4878255781998635,True,0.23678184209590428,248.78255781998635,Negative,Very High,75mCCeBwjfoZtfAPE0SxwO,['Irama'],it,1118325,17,3,True,8.719563945499658
475,3205404,2019-07-18,Validation,0.33172598481178284,3.485387150734427,True,0.2365497617796061,248.5387150734427,Negative,Very High,4szQkW1CDHqbRZGltXJdd3,['Mahmood'],cy,1688,140,3,True,8.713467876836066
476,2933982,2018-06-28,Training,0.3311362862586975,3.479191290736012,True,0.23596006322652077,247.9191290736012,Negative,Very High,4TwWOcvjY1qt3QJvtveAGm,['Eleni Foureira'],cy,4071,17,3,True,8.69797822684003
477,664038,2022-08-18,Test,0.33106288227039327,3.4784200478145584,True,0.23588665923821653,247.84200478145584,Positive,Very High,11hcyWq7qSwBE3bvv5Ialn,['buitruonglinh'],vn,54796,139,3,True,8.696050119536396
478,3595805,2015-07-09,Training,0.3305014371871948,3.472521042103766,True,0.2353252141550181,247.25210421037661,Negative,Very High,5SqSckut3FcoQKmGkMWgp1,['The Weeknd'],ca,25444,131,3,True,8.681302605259415
479,4303502,2014-11-30,Training,0.3305012881755829,3.4725194764647105,True,0.23532506514340615,247.25194764647105,Negative,Very High,6RtPijgfPKROxEzTHNRiDp,['MAGIC!'],ch,27702,29,3,True,8.681298691161777
480,47413,2022-08-18,Test,0.330253533110969,3.469916357148554,True,0.23507731007879226,246.9916357148554,Negative,Very High,04TshWXkhV1qkqHzf31Hn6,['Kenshi Yonezu'],tw,54851,146,3,True,8.674790892871385
481,3139874,2016-06-23,Training,0.32898783683776855,3.456617906833158,True,0.23381161380559182,245.6617906833158,Positive,Very High,4nuN2uVpO4C3dF7BUxShQH,['Boef'],nl,268813,56,3,True,8.641544767082895
482,4592546,2021-05-06,Validation,0.3285687565803528,3.452214703553342,True,0.23339253354817605,245.2214703553342,Negative,Very High,6oJ47Df5ScLAlZdgWHUAqX,['ElGrandeToto'],ma,22031,68,3,True,8.630536758883355
483,1691062,2015-09-17,Training,0.3284447491168976,3.4509117787313173,True,0.23326852608472085,245.09117787313173,Positive,Very High,2bJvI42r8EF3wxjOuDav4r,"['Pitbull', 'Ne-Yo']",pa,4373,59,3,True,8.627279446828293
484,567182,2019-11-28,Validation,0.32824966311454773,3.4488620440797972,True,0.233073440082371,244.88620440797973,Negative,Very High,0snC0JRK2kq9AbB0AjWTm8,"['Calin', 'STEIN27']",cz,109812,2,3,True,8.622155110199493
485,3331613,2019-11-28,Validation,0.32824966311454773,3.4488620440797972,True,0.233073440082371,244.88620440797973,Negative,Very High,54H0xbH1zRSpIooA56rHva,"['Calin', 'STEIN27']",cz,109812,2,3,True,8.622155110199493
486,158177,2016-01-21,Training,0.32820451259613037,3.4483876554459667,True,0.23302828956395363,244.83876554459667,Positive,Very High,0ENSn4fwAbCGeFGVUbXEU3,['Adele'],ad,1155,3,3,True,8.620969138614917
487,2147678,2015-09-10,Training,0.3279038667678833,3.4452288220874983,True,0.23272764373570656,244.52288220874982,Positive,Very High,3FS2e59gXFXrcg7sN2mL5z,"['Vigiland', 'Tham Sway']",pl,12761,170,3,True,8.613072055218746
488,2660743,2015-09-17,Training,0.3278835713863373,3.445015582048133,True,0.23270734835416054,244.5015582048133,Negative,Very High,41Fflg7qHiVOD6dEPvsCzO,"['Fifth Harmony', 'Kid Ink']",ee,4256,58,3,True,8.612538955120332
489,4545234,2015-07-23,Training,0.32745692133903503,3.4405328443042955,True,0.2322806983068583,244.05328443042956,Positive,Very High,6kwAbEjseqBob48jCus7Sz,['Sia'],nz,31607,68,3,True,8.601332110760739
490,889693,2019-03-28,Training,0.32728323340415955,3.4387079354211516,True,0.2321070103719828,243.87079354211517,Negative,Very High,1RvL7eHoeUolnQbWm2Hnba,['Piso 21'],co,43465,180,3,True,8.596769838552879
491,1819679,2020-01-23,Validation,0.32699960470199585,3.4357278980428267,True,0.2318233816698191,243.57278980428268,Positive,Very High,2n7ohqg1s68ToAHh4u9mcW,['Bad Bunny'],pa,120230,3,3,True,8.589319745107067
492,5197541,2015-09-17,Training,0.3267573118209839,3.43318216893851,True,0.23158108878880715,243.31821689385097,Negative,Very High,7lN5pxJTTELBhPhINLHyuh,['Wellhello'],hu,6687,65,3,True,8.582955422346274
493,1845624,2020-05-07,Validation,0.32649123668670654,3.430386563840928,True,0.2313150136545298,243.0386563840928,Negative,Very High,2qG81jL9UIP54uS8gYyP4k,"['Lauv', 'BTS']",vn,42412,51,3,True,8.57596640960232
494,3369179,2020-01-30,Validation,0.3263830840587616,3.4292502230144133,True,0.23120686102658486,242.92502230144132,Negative,Very High,58cWbqYLz06X69SqJiYeky,"['Senidah', 'RAF Camora']",at,68072,57,3,True,8.573125557536033
495,4619572,2015-07-16,Training,0.3261187970638275,3.4264734055854977,True,0.23094257403165078,242.64734055854979,Negative,Very High,6qC8Jj1XOxknPm8N7EbzKX,['Jessie J'],tw,25714,12,3,True,8.566183513963745
496,2377034,2015-07-23,Training,0.3261086344718933,3.4263666290019095,True,0.23093241143971657,242.63666290019094,Negative,Very High,3bi8yEuK44vLcbjHkPH0u1,['Coleman Hell'],ph,5449,250,3,True,8.565916572504774
497,4202284,2022-06-23,Test,0.32587101329341794,3.423869984662545,True,0.2306947902612412,242.3869984662545,Negative,Very High,6JIC3hbC28JZKZ8AlAqX8h,"['Elton John', 'Dua Lipa', 'PNAU']",ve,25208,68,3,True,8.559674961656363
498,2923274,2019-04-04,Training,0.3258303701877594,3.423442954629584,True,0.23065414715558266,242.3442954629584,Positive,Very High,4SSnFejRGlZikf02HLewEF,['Billie Eilish'],se,893996,9,3,True,8.55860738657396
499,654841,2018-12-13,Training,0.3246307373046875,3.41083862084901,True,0.22945451427251076,241.083862084901,Negative,Very High,116H0KvKr2Zl4RPuVBruDO,"['Bad Bunny', 'Drake']",gt,110230,2,3,True,8.527096552122526
500,3119671,2018-10-25,Training,0.3240828216075897,3.4050817660417696,True,0.22890659857541298,240.50817660417695,Negative,Very High,4lESS6vuruP6a79KWRaQou,"['Maluma', 'Nego do Borel']",ec,22600,137,3,True,8.512704415104423
501,4430923,2019-01-31,Training,0.3238069713115692,3.402183455022144,True,0.22863074827939248,240.2183455022144,Negative,Very High,6cFZ4PLC19taNlpl9pbGMf,['Queen'],lt,7228,61,3,True,8.50545863755536
502,2471288,2015-09-24,Training,0.3235219419002533,3.3991887006366968,True,0.22834571886807656,239.9188700636697,Positive,Very High,3ip2477VESffCtFkPFT0ov,"['Gente De Zona', 'Marc Anthony']",do,10089,34,3,True,8.497971751591741
503,1329214,2015-09-17,Training,0.323295921087265,3.3968139393172456,True,0.22811969805508828,239.68139393172456,Negative,Very High,26rdOwwjC2UnweK3xeS58u,"['Flo Rida', 'Sage The Gemini', 'Lookas']",do,3119,161,3,True,8.492034848293114
504,1818678,2020-01-23,Validation,0.32325422763824463,3.3963758735095038,True,0.2280780046060679,239.63758735095038,Positive,Very High,2n7ohqg1s68ToAHh4u9mcW,['Bad Bunny'],do,134355,3,3,True,8.49093968377376
505,3157224,2019-06-06,Training,0.3228797912597656,3.3924417356907295,True,0.2277035682275889,239.24417356907296,Negative,Very High,4pUCKHjJ4Ijewc37rRrvHn,['BLACKPINK'],th,185598,1,3,True,8.481104339226825
506,2754102,2015-09-03,Training,0.32228684425354004,3.386211744760903,True,0.2271106212213633,238.6211744760903,Positive,Very High,49zD0wr2S3d0lZPib0K4e1,['Future'],ca,35843,165,3,True,8.465529361902258
507,2837972,2015-07-30,Training,0.3221636414527893,3.384917274389778,True,0.22698741842061257,238.49172743897782,Negative,Very High,4Ld3RS6KBXGsvtfmnjxlVl,"['Nicky Jam', 'Enrique Iglesias']",bo,5003,2,3,True,8.462293185974445
508,4012625,2019-08-08,Validation,0.32195696234703064,3.382745733019737,True,0.2267807393148539,238.27457330197367,Negative,Very High,63bmZnBN1CiJ9sA4qTEe8y,['Christian Nodal'],mx,616941,101,3,True,8.456864332549342
509,432163,2015-09-10,Training,0.3214600682258606,3.377524953025115,True,0.22628384519368386,237.7524953025115,Positive,Very High,0g1gWpGR4jcmR5b2ErsK46,['Maluma'],pe,13364,123,3,True,8.443812382562788
510,1762175,2015-09-10,Training,0.32131990790367126,3.376052312929469,True,0.22614368487149453,237.6052312929469,Negative,Very High,2gpytjWqJVE3LICibhEUaK,['Michael Calfan'],at,6335,133,3,True,8.440130782323672
511,955041,2022-06-30,Test,0.32126162595219304,3.375439954615371,True,0.2260854029200163,237.5439954615371,Negative,Very High,1ZMGp9MTXbtAPvcKa0U3zS,"['Mahmood', 'BLANCO']",lt,8914,137,3,True,8.438599886538427
512,3525586,2015-09-17,Training,0.3210900127887726,3.3736368449945733,True,0.22591378975659585,237.36368449945732,Positive,Very High,5NQbUaeTEOGdD6hHcre0dZ,"['Fetty Wap', 'Remy Boyz']",pl,50427,39,3,True,8.434092112486432
513,3504880,2015-09-17,Training,0.32075175642967224,3.3700828443384854,True,0.2255755333974955,237.00828443384853,Negative,Very High,5M9jOReAKGZ2AttVefFjTY,"['Martin Garrix', 'Usher']",hu,4576,96,3,True,8.425207110846213
514,4154515,2015-09-24,Training,0.3205338716506958,3.367793566911467,True,0.22535764861851906,236.7793566911467,Negative,Very High,6GRDI9suQHikFP6euIXnpq,['Family of the Year'],hk,8718,126,3,True,8.419483917278667
515,3595806,2015-07-16,Training,0.3204328417778015,3.366732063631807,True,0.22525661874562478,236.67320636318073,Negative,Very High,5SqSckut3FcoQKmGkMWgp1,['The Weeknd'],ca,16965,113,3,True,8.416830159079518
516,4551316,2021-09-16,Test,0.3204133986114068,3.366527777668619,True,0.22523717557923004,236.6527777668619,Negative,Very High,6lHwA7R2CNHSOFJXiSZprk,"['Mata', 'White 2115', 'Maurycy Żółtański']",pl,959778,11,3,True,8.416319444171547
517,5242263,2015-09-10,Training,0.32035574316978455,3.365922001984468,True,0.2251795201376078,236.5922001984468,Negative,Very High,7oGZAicScQt96OAW4AruYy,['Jason Derulo'],mt,3899,25,3,True,8.41480500496117
518,3977876,2017-09-21,Training,0.3198395371437073,3.3604983151682473,True,0.22466331411153054,236.04983151682472,Negative,Very High,60a0Rd6pjrkxjPbaKzXjfq,['Linkin Park'],hu,10021,86,3,True,8.401245787920619
519,4459557,2022-08-18,Test,0.3190009255123802,3.351687168806161,True,0.22382470248020345,235.1687168806161,Negative,Very High,6ewsOjbC1jWAZcjAhVxDs0,['Asake'],ng,133818,8,3,True,8.379217922015403
520,1613598,2022-04-07,Test,0.3187827410817135,3.349394742991019,True,0.22360651804953677,234.9394742991019,Negative,Very High,2UaTiaxdp9uaRb6fMy8qpR,['Matteo Romano'],it,801209,38,3,True,8.373486857477548
521,1745372,2021-09-09,Test,0.31821034075087634,3.343380632401196,True,0.2230341177186996,234.3380632401196,Negative,Very High,2faI6zbvghH5wDaS6g5mEN,"['SNIK', 'TOQUEL', 'MG', 'GAMEBOY']",gr,207210,9,3,True,8.35845158100299
522,2462550,2015-09-17,Training,0.31802210211753845,3.341402841863382,True,0.22284587908536171,234.14028418633822,Positive,Very High,3hi5omgmpSIzVUW8nIWzhZ,['Tungevaag'],fr,45157,169,3,True,8.353507104658455
523,1978751,2021-05-06,Validation,0.31793758273124695,3.3405148113910768,True,0.2227613596990702,234.05148113910766,Negative,Very High,31rRD6pW8qFwnlqy1dxIVz,['ElGrandeToto'],ma,19906,87,3,True,8.351287028477692
524,4286397,2015-09-17,Training,0.3179350793361664,3.3404885086549436,True,0.22275885630398964,234.04885086549436,Positive,Very High,6RB9YvNyP0RZfCUcMtZELH,['Pharrell Williams'],lt,2108,118,3,True,8.351221271637359
525,4542735,2015-09-17,Training,0.31791868805885315,3.3403162883588338,True,0.2227424650266764,234.03162883588337,Negative,Very High,6ksRossV4vKsXntCCZbhaM,"['Sam Feldt', 'Kimberly Anne']",global,1892317,128,3,True,8.350790720897084
526,5392796,2015-09-17,Training,0.3177506923675537,3.338551186887612,True,0.22257446933537697,233.8551186887612,Negative,Very High,7y2YUIyCuVhBidENVT0068,['Ellie Goulding'],lt,4535,53,3,True,8.34637796721903
527,4640559,2015-07-30,Training,0.31768983602523804,3.3379117798973272,True,0.2225136129930613,233.79117798973272,Positive,Very High,6sKAs2tdtTVTO2U0IgJAur,['Icona Pop'],br,20929,185,3,True,8.344779449743317
528,2872254,2020-05-07,Validation,0.31763550639152527,3.337340947897675,True,0.22245928335934853,233.7340947897675,Negative,Very High,4OhVw8lHCuy8S8Q0YyD57B,['Nerieš'],sk,27495,47,3,True,8.343352369744188
529,3837172,2021-11-18,Test,0.3173766650274895,3.3346213467642256,True,0.22220044199531278,233.46213467642255,Negative,Very High,5nujrmhLynf4yMoMtj8AQF,"['Dua Lipa', 'DaBaby']",sv,18448,160,3,True,8.336553366910564
530,5198221,2015-09-10,Training,0.3171738386154175,3.3324902849757847,True,0.22199761558324074,233.24902849757848,Positive,Very High,7lOzUJzsELALh5FQsPKTEn,['Chayanne'],ec,6476,149,3,True,8.331225712439462
531,4448374,2015-09-10,Training,0.3171088993549347,3.3318079794753777,True,0.22193267632275795,233.18079794753777,Positive,Very High,6eE5LWw0DpIbTOdKwDUoE8,"['Tiësto', 'KSHMR', 'VASSY']",at,5965,149,3,True,8.329519948688445
532,4446835,2021-03-25,Validation,0.3167656660079956,3.3282016864748347,True,0.22158944297581887,232.82016864748348,Negative,Very High,6dvS18w5nASjcxIHrfSOGW,"['Inkonnu', 'Asmae']",ma,45738,37,3,True,8.320504216187087
533,886802,2020-04-02,Validation,0.3162022829055786,3.3222823183336283,True,0.22102605987340188,232.22823183336283,Negative,Very High,1R4xkZXQUQ8QJtAdwHkSgC,['Samra'],de,625927,110,3,True,8.30570579583407
534,5198222,2015-09-17,Training,0.3160814046859741,3.32101227193177,True,0.22090518165379738,232.101227193177,Positive,Very High,7lOzUJzsELALh5FQsPKTEn,['Chayanne'],ec,7047,147,3,True,8.302530679829426
535,2453149,2016-03-03,Training,0.3160403072834015,3.3205804686802507,True,0.22086408425122475,232.05804686802506,Negative,Very High,3hB5DgAiMAQ4DzYbsMq1IT,['Justin Bieber'],mx,1109365,3,3,True,8.301451171700627
536,3504881,2015-09-24,Training,0.31597670912742615,3.319912253931344,True,0.2208004860952494,231.99122539313439,Negative,Very High,5M9jOReAKGZ2AttVefFjTY,"['Martin Garrix', 'Usher']",hu,4429,108,3,True,8.299780634828359
537,110716,2017-02-16,Training,0.3156842887401581,3.3168398438487414,True,0.22050806570798134,231.68398438487415,Negative,Very High,09S64DUkxIX9EwIaULu6yN,"['Maluma', 'Fifth Harmony']",ar,157722,79,3,True,8.292099609621854
538,4898644,2022-04-14,Test,0.31508407127669885,3.3105334634909465,True,0.21990784824452211,231.05334634909465,Negative,Very High,7DF8lvLdV3htIbuTWpc7lR,"['Juice WRLD', 'SUGA', 'BTS']",vn,38795,191,3,True,8.276333658727367
539,2475951,2015-10-01,Training,0.3150438964366913,3.3101113534436295,True,0.21986767340451455,231.01113534436294,Positive,Very High,3jEPu6FD1icy9cLllhB2XK,"['Disclosure', 'Sam Smith']",de,392548,46,3,True,8.275278383609074
540,2001139,2015-09-10,Training,0.31483614444732666,3.307928539472388,True,0.21965992141514992,230.7928539472388,Negative,Very High,33NHr7lu7tCMjK05jUj1v0,['Little Mix'],tw,37255,37,3,True,8.26982134868097
541,4876776,2021-10-14,Test,0.31471332109872274,3.3066380559388864,True,0.219537098066546,230.66380559388864,Negative,Very High,7Bk0uXKk1uPT0XuQbpFzvs,"['Los Legendarios', 'Wisin', 'Jhayco']",hn,32785,36,3,True,8.266595139847215
542,2213951,2016-04-14,Training,0.3146832585334778,3.3063221938013987,True,0.21950703550130105,230.63221938013987,Negative,Very High,3NLnwwAQbbFKcEcV8hDItk,['One Direction'],tw,14832,161,3,True,8.265805484503497
543,3004434,2017-08-17,Training,0.31420576572418213,3.3013052600118087,True,0.2190295426920054,230.13052600118087,Negative,Very High,4aWmUDTfIPGksMNLV2rQP2,"['Luis Fonsi', 'Daddy Yankee']",cz,40674,26,3,True,8.253263150029522
544,2403848,2015-09-24,Training,0.31416812539100647,3.300909779586378,True,0.21899190235882973,230.0909779586378,Negative,Very High,3dYD57lRAUcMHufyqn9GcI,['Hozier'],gt,3601,137,3,True,8.252274448965945
545,5087313,2015-09-24,Training,0.31416812539100647,3.300909779586378,True,0.21899190235882973,230.0909779586378,Negative,Very High,7dS5EaCoMnN7DzlpT6aRn2,['Hozier'],gt,3601,137,3,True,8.252274448965945
546,2350653,2020-01-16,Validation,0.3141506314277649,3.300725973561257,True,0.21897440839558815,230.0725973561257,Positive,Very High,3ZCTVFBt2Brf31RLEnCkWJ,['Billie Eilish'],ie,281061,7,3,True,8.251814933903143
547,4592544,2021-04-22,Validation,0.3140338063240051,3.2994985125417093,True,0.2188575832918284,229.94985125417094,Negative,Very High,6oJ47Df5ScLAlZdgWHUAqX,['ElGrandeToto'],ma,24987,41,3,True,8.248746281354274
548,644943,2017-09-14,Training,0.3139156699180603,3.298257273898473,True,0.21873944688588356,229.8257273898473,Positive,Very High,104buTcnP2AsxqB7U1FIZ4,"['Linkin Park', 'Kiiara']",my,58910,64,3,True,8.245643184746182
549,654278,2018-12-13,Training,0.31351304054260254,3.294026917170389,True,0.2183368175104258,229.40269171703892,Negative,Very High,116H0KvKr2Zl4RPuVBruDO,"['Bad Bunny', 'Drake']",cr,151847,4,3,True,8.235067292925972
550,4154886,2015-09-10,Training,0.31282949447631836,3.2868450176947914,True,0.21765327144414162,228.68450176947914,Negative,Very High,6GRDI9suQHikFP6euIXnpq,['Family of the Year'],tw,17583,97,3,True,8.21711254423698
551,4110646,2015-09-10,Training,0.3125663697719574,3.284080412250509,True,0.21739014673978066,228.4080412250509,Positive,Very High,6DUdDIRgLqCGq1DwkNWQTN,['Maluma'],mx,237317,57,3,True,8.210201030626273
552,1660429,2015-08-27,Training,0.3123951852321625,3.282281806103499,True,0.21721896219998574,228.22818061034988,Negative,Very High,2YlZnw2ikdb837oKMKjBkW,"['Meghan Trainor', 'John Legend']",nl,45044,179,3,True,8.205704515258747
553,1533685,2018-06-07,Training,0.31237494945526123,3.2820691923197556,True,0.2171987264230845,228.20691923197555,Negative,Very High,2OALaHcDdKkjYEpAr0Qzab,"['Avicii', 'Rita Ora']",se,392224,47,3,True,8.20517298079939
554,1329215,2015-09-24,Training,0.31211161613464355,3.279302394980796,True,0.21693539310246682,227.9302394980796,Negative,Very High,26rdOwwjC2UnweK3xeS58u,"['Flo Rida', 'Sage The Gemini', 'Lookas']",do,2993,173,3,True,8.19825598745199
555,3610177,2021-05-27,Test,0.3119526998117795,3.2776326888525085,True,0.21677647677960274,227.76326888525085,Negative,Very High,5TqGewrmzgeb21FYQC7mJZ,"['Richie Campbell', 'Gson']",pt,110874,41,3,True,8.194081722131271
556,785618,2020-07-02,Validation,0.3118238151073456,3.2762785197089155,True,0.21664759207516884,227.62785197089156,Negative,Very High,1Ej96GIBCTvgH7tNX1r3qr,"['Sech', 'Darell']",py,20421,163,3,True,8.19069629927229
557,504389,2020-05-14,Validation,0.3117821216583252,3.2758404539011736,True,0.21660589862614846,227.58404539011735,Negative,Very High,0nbXyq5TXYPCO7pr3N8S4I,['Roddy Ricch'],pa,27058,55,3,True,8.189601134752934
558,2818380,2016-06-02,Training,0.31157681345939636,3.2736833164104433,True,0.21640059042721962,227.36833164104434,Positive,Very High,4IcRwlfIwp7BDljw7m8cSe,"['Nathan Sykes', 'Ariana Grande']",id,12283,144,3,True,8.184208291026108
559,3504879,2015-09-10,Training,0.31141841411590576,3.2720190420943984,True,0.21624219108372902,227.20190420943985,Negative,Very High,5M9jOReAKGZ2AttVefFjTY,"['Martin Garrix', 'Usher']",hu,5022,87,3,True,8.180047605235996
560,2470453,2020-09-17,Validation,0.31135648488998413,3.2713683625029137,True,0.2161802618578074,227.13683625029137,Negative,Very High,3ikPLzwjrUqL5NwrRkASp7,['FILV'],ua,22290,46,3,True,8.178420906257283
561,1450777,2022-12-01,Test,0.3112007351359847,3.269731926962214,True,0.21602451210380794,226.9731926962214,Positive,Very High,2FntmtxOqyNgZkxaZchEn0,['Wegz'],eg,58578,49,3,True,8.174329817405535
562,465734,2015-07-09,Training,0.3106135129928589,3.2635620861719645,True,0.21543728996068215,226.35620861719644,Negative,Very High,0k4FG9l3OrxLt5NQU3uEkR,"['Jolin Tsai', 'Namie Amuro']",tw,11472,97,3,True,8.158905215429911
563,1153885,2015-08-27,Training,0.3104522228240967,3.2618674384582422,True,0.21527599979191994,226.18674384582422,Positive,Very High,1s2Ym0NmxhEwXNQrVYwBbf,"['Marama', 'Fer Vazquez']",uy,8519,33,3,True,8.154668596145605
564,3457374,2015-07-02,Training,0.3102779984474182,3.2600368932744983,True,0.21510177541524148,226.00368932744982,Negative,Very High,5HgYrY0MHqt5Iwd2aRR0xh,['Jason Mraz'],br,31664,195,3,True,8.150092233186246
565,3045821,2015-07-02,Training,0.31023433804512024,3.2595781610312238,True,0.2150581150129435,225.95781610312238,Positive,Very High,4fTHdMTq0Znl3djLI1Typn,"['OMI', 'Felix Jaehn']",mt,5789,2,3,True,8.14894540257806
566,1948105,2021-08-05,Test,0.3098338090293809,3.255369872416914,True,0.21465758599720416,225.53698724169138,Positive,Very High,2xdwCJLfKCkat14mlgR26M,['Billie Eilish'],ca,464801,43,3,True,8.138424681042284
567,2603956,2015-09-17,Training,0.3094744086265564,3.251593714975753,True,0.21429818559437966,225.1593714975753,Negative,Very High,3uwnnTQcHM1rDqSfA4gQNz,['Demi Lovato'],ec,20707,35,3,True,8.128984287439383
568,2024661,2015-09-17,Training,0.30913999676704407,3.248080107807298,True,0.21396377373486733,224.8080107807298,Negative,Very High,350ByQagEOTePjCZofT19C,"['Eva Simons', 'Konshens']",tr,49070,19,3,True,8.120200269518245
569,2092587,2015-09-10,Training,0.3091267943382263,3.2479413921869766,True,0.21395057130604958,224.79413921869767,Negative,Very High,3AvJ1o5voZhHGD1vGKd72H,['Cheer Chen'],tw,13273,148,3,True,8.119853480467441
570,2922019,2019-04-04,Training,0.30896100401878357,3.246199462173777,True,0.21378478098660683,224.61994621737767,Positive,Very High,4SSnFejRGlZikf02HLewEF,['Billie Eilish'],fi,262969,12,3,True,8.115498655434441
571,179700,2021-09-09,Test,0.3085702077532853,3.2420934338712444,True,0.21339398472110857,224.20934338712445,Negative,Very High,0G2zPzWqVjR68iNPmx2TBe,"['Mora', 'Bad Bunny', 'Sech']",hn,84643,5,3,True,8.10523358467811
572,3144082,2017-01-19,Training,0.3081520199775696,3.237699607741221,True,0.21297579694539284,223.7699607741221,Negative,Very High,4oeaIftdpT3JuZLcCkKmVE,['The Weeknd'],ca,125099,174,3,True,8.094249019353052
573,4239868,2015-07-16,Training,0.30743637681007385,3.2301804696130585,True,0.21226015377789711,223.01804696130586,Negative,Very High,6MzuROznsagl5Szc8w3Smj,['Hayden James'],it,17380,147,3,True,8.075451174032647
574,4802156,2022-07-14,Test,0.30689113881777436,3.2244517489837983,True,0.21171491578559762,222.44517489837983,Negative,Very High,76khqZ2S28TlJiZKPHFo7G,"['LEX', 'Beats Pliz']",gr,99312,75,3,True,8.061129372459495
575,3466834,2016-06-16,Training,0.3068121373653412,3.223621694481568,True,0.21163591433316445,222.36216944815678,Negative,Very High,5IhwzDlBc8o90GpCGzummj,['ABREU'],fi,40491,163,3,True,8.05905423620392
576,1215124,2021-04-01,Validation,0.3064890503883362,3.220227075881334,True,0.21131282735615944,222.02270758813341,Negative,Very High,1xXQCSt0xkfeGhe18ey2p8,"['Bizarrap', 'YSY A']",ar,383517,71,3,True,8.050567689703335
577,3363075,2022-07-14,Test,0.3062668226843526,3.2178921680976074,True,0.2110905996521759,221.78921680976075,Negative,Very High,5809RxXNGAC3D3Pmiayf22,"['LEX', 'Night Grind']",gr,107917,66,3,True,8.044730420244019
578,4291661,2017-04-27,Training,0.3062382936477661,3.217592418478662,True,0.21106207061558938,221.7592418478662,Positive,Very High,6RUKPb4LETWmmr3iAEQktW,"['The Chainsmokers', 'Coldplay']",hu,55278,5,3,True,8.043981046196656
579,1660427,2015-08-13,Training,0.30594825744628906,3.2145450586209487,True,0.21077203441411232,221.45450586209486,Positive,Very High,2YlZnw2ikdb837oKMKjBkW,"['Meghan Trainor', 'John Legend']",nl,41557,189,3,True,8.036362646552371
580,3144080,2017-01-05,Training,0.30593207478523254,3.2143750302195166,True,0.2107558517530558,221.43750302195167,Negative,Very High,4oeaIftdpT3JuZLcCkKmVE,['The Weeknd'],ca,135373,138,3,True,8.035937575548791
581,3900303,2016-09-08,Training,0.3057416081428528,3.212373830378718,True,0.21056538511067605,221.2373830378718,Negative,Very High,5tf1VVWniHgryyumXyJM7w,"['Robin Schulz', 'Francesco Yates']",lv,3139,98,3,True,8.030934575946794
582,2537312,2020-07-23,Validation,0.30556514859199524,3.2105198006091413,True,0.2103889255598185,221.05198006091413,Positive,Very High,3qM0vBxIe4VUbK0Z0smuVP,"['Jhayco', 'Anuel AA', 'J Balvin']",sv,16163,109,3,True,8.026299501522853
583,3554962,2022-07-07,Test,0.3054722162338695,3.2095433765069337,True,0.21029599320169276,220.95433765069336,Negative,Very High,5PjdY0CKGZdEuoNab3yDmX,"['The Kid LAROI', 'Justin Bieber']",jp,729954,40,3,True,8.023858441267334
584,5257077,2021-03-25,Validation,0.3052046597003937,3.206732206605966,True,0.21002843666821694,220.67322066059657,Negative,Very High,7pjIVRYtB0EjHEz8xDtt9i,"['Inkonnu', 'Smallx']",ma,60516,23,3,True,8.016830516514915
585,759778,2016-10-27,Training,0.30499884486198425,3.2045697459424467,True,0.20982262182980752,220.45697459424468,Negative,Very High,1CUVN2kn7mW5FjkqXTR2W1,"['Jonas Blue', 'JP Cooper']",global,12637878,20,3,True,8.011424364856117
586,5233885,2021-10-21,Test,0.3049236794929527,3.2037799965004443,True,0.20974745646077594,220.37799965004444,Negative,Very High,7ndTONDDRFGiPnnhOzOXxq,"['Manuel Turizo', 'Rauw Alejandro', 'Myke Towers']",gt,40239,165,3,True,8.009449991251111
587,1978749,2021-04-22,Validation,0.30431675910949707,3.197403189729593,True,0.20914053607732033,219.7403189729593,Negative,Very High,31rRD6pW8qFwnlqy1dxIVz,['ElGrandeToto'],ma,22320,55,3,True,7.9935079743239825
588,2387316,2023-04-06,Test,0.30416038974612575,3.195760244061131,True,0.208984166713949,219.57602440611308,Negative,Very High,3cGzuLfzd4DpuQoV2W8AIk,['Manuel'],hu,89364,32,3,True,7.989400610152827
589,4200855,2022-08-18,Test,0.3039703465863352,3.193763493678146,True,0.20879412355415847,219.3763493678146,Negative,Very High,6JIC3hbC28JZKZ8AlAqX8h,"['Elton John', 'Dua Lipa', 'PNAU']",mx,1288583,96,3,True,7.984408734195365
590,1158012,2015-07-23,Training,0.3036620020866394,3.1905237717195267,True,0.20848577905446267,219.05237717195268,Negative,Very High,1sNSG13fsK6KPKKNIQXXrh,"['DJ Snake', 'AlunaGeorge']",hk,3254,130,3,True,7.976309429298817
591,1939391,2022-06-09,Test,0.3035720761148827,3.189578935195321,True,0.20839585308270595,218.95789351953212,Negative,Very High,2x8oBuYaObjqHqgGuIUZ0b,['WOS'],ar,1344628,17,3,True,7.973947337988303
592,3976655,2017-09-21,Training,0.303565114736557,3.189505793205611,True,0.20838889170438027,218.9505793205611,Positive,Very High,60a0Rd6pjrkxjPbaKzXjfq,['Linkin Park'],at,18541,127,3,True,7.973764483014028
593,4456313,2021-04-01,Validation,0.3035305440425873,3.1891425649447243,True,0.20835432101041054,218.91425649447243,Negative,Very High,6eYxmK9fdL4hwLnXG2zY3s,['XXXTENTACION'],bg,5952,179,3,True,7.972856412361811
594,1162793,2017-04-20,Training,0.3035292327404022,3.1891287873210357,True,0.20835300970822548,218.91287873210356,Negative,Very High,1sXUWdKx03aP9Gmzft58rt,['Julia Michaels'],no,568256,11,3,True,7.972821968302589
595,2216344,2020-04-09,Validation,0.30327680706977844,3.1864765947609417,True,0.2081005840376017,218.64765947609416,Positive,Very High,3Nc7IorgrSffzaQrQWVw4L,['Elettra Lamborghini'],it,870385,19,3,True,7.966191486902354
596,2933983,2018-07-05,Training,0.30298563838005066,3.183417336046406,True,0.20780941534787392,218.3417336046406,Negative,Very High,4TwWOcvjY1qt3QJvtveAGm,['Eleni Foureira'],cy,3732,29,3,True,7.958543340116016
597,4446777,2015-07-02,Training,0.3020404875278473,3.1734868006448926,True,0.20686426449567055,217.34868006448926,Positive,Very High,6duMPgTahOTUu2zMMqcpQM,"['Jeremih', 'Flo Rida']",us,84814,255,3,True,7.933717001612232
598,3684848,2016-11-24,Training,0.30201661586761475,3.173235985268194,True,0.206840392835438,217.3235985268194,Negative,Very High,5aAx2yezTd8zXrkmtKl66Z,"['The Weeknd', 'Daft Punk']",pt,158329,2,3,True,7.933089963170485
599,5033688,2016-11-24,Training,0.30201661586761475,3.173235985268194,True,0.206840392835438,217.3235985268194,Negative,Very High,7MXVkk9YMctZqd1Srtv4MB,"['The Weeknd', 'Daft Punk']",pt,158329,2,3,True,7.933089963170485
600,4445025,2015-09-10,Training,0.3019850254058838,3.1729040697884185,True,0.20680880237370705,217.29040697884184,Negative,Very High,6dXt4t5jgySnVTeTpT4C0l,['Andreas Bourani'],at,5367,169,3,True,7.932260174471047
601,4179750,2021-02-25,Validation,0.30155253410339355,3.1683599589936033,True,0.20637631107121682,216.83599589936034,Negative,Very High,6Hj9jySrnFppAI0sEMCZpJ,['Juice WRLD'],hu,27714,100,3,True,7.920899897484008
602,4018915,2015-07-16,Training,0.30120527744293213,3.1647113937385605,True,0.2060290544107554,216.47113937385603,Negative,Very High,64cQ79mesIAszcHRGS6px7,['Alejandro Sanz'],ec,3737,97,3,True,7.911778484346401
603,664925,2015-07-23,Training,0.3008987307548523,3.1614905610734927,True,0.20572250772267556,216.14905610734928,Positive,Very High,11rCWTrjDak9GenY70nWNC,['Richie Campbell'],pt,10376,113,3,True,7.9037264026837315
604,3976395,2022-07-14,Test,0.3006415560796553,3.15878847154941,True,0.20546533304747858,215.878847154941,Negative,Very High,60YhDtk1pz5MI3boHGMN37,"['LEX', 'Solid']",gr,138371,53,3,True,7.8969711788735255
605,3773553,2019-06-06,Training,0.3005344271659851,3.157662886710495,True,0.20535820413380837,215.7662886710495,Negative,Very High,5jW3rF4URMdK7tO2xjS5EI,['Paulo Londra'],py,199890,4,3,True,7.894157216776238
606,4199977,2022-08-18,Test,0.30044197063913786,3.156691462084662,True,0.20526574760696112,215.6691462084662,Negative,Very High,6JIC3hbC28JZKZ8AlAqX8h,"['Elton John', 'Dua Lipa', 'PNAU']",hn,28023,78,3,True,7.891728655211655
607,3144081,2017-01-12,Training,0.3002522885799408,3.1546985057227253,True,0.20507606554776406,215.46985057227252,Negative,Very High,4oeaIftdpT3JuZLcCkKmVE,['The Weeknd'],ca,127580,159,3,True,7.886746264306813
608,2158445,2020-01-16,Validation,0.30021363496780396,3.154292378951717,True,0.20503741193562722,215.4292378951717,Negative,Very High,3GRSqlALWISqLeNncZMbpX,"['Lauv', 'LANY']",sg,223307,11,3,True,7.885730947379292
609,4051801,2021-03-25,Validation,0.3001202940940857,3.153311662647323,True,0.20494407106190896,215.33116626473233,Negative,Very High,68BJ3uVtup8CkFUOAVda9e,['Inkonnu'],ma,31689,67,3,True,7.883279156618308
610,2923004,2019-04-04,Training,0.29968851804733276,3.148775066919975,True,0.20451229501515603,214.8775066919975,Positive,Very High,4SSnFejRGlZikf02HLewEF,['Billie Eilish'],nz,302216,3,3,True,7.871937667299937
611,2669332,2019-01-24,Training,0.2990860939025879,3.142445501346216,True,0.20390987087041115,214.2445501346216,Negative,Very High,42C5Bbb4dHwS5OFMvtGkG2,"['C. Tangana', 'Niño de Elche']",es,343423,98,3,True,7.85611375336554
612,3684463,2016-11-24,Training,0.2988826632499695,3.140308090907585,True,0.20370644021779274,214.0308090907585,Negative,Very High,5aAx2yezTd8zXrkmtKl66Z,"['The Weeknd', 'Daft Punk']",no,615414,6,3,True,7.850770227268963
613,5033168,2016-11-24,Training,0.2988826632499695,3.140308090907585,True,0.20370644021779274,214.0308090907585,Negative,Very High,7MXVkk9YMctZqd1Srtv4MB,"['The Weeknd', 'Daft Punk']",no,615414,6,3,True,7.850770227268963
614,2985552,2015-07-16,Training,0.2988126873970032,3.139572866807101,True,0.20363646436482644,213.9572866807101,Negative,Very High,4YW2Fr25fHwUt6qgvM1iE1,"['Wisin', 'Carlos Vives', 'Daddy Yankee']",mx,92873,63,3,True,7.848932167017752
615,4289783,2017-04-27,Training,0.2985597550868988,3.1369153510742183,True,0.20338353205472207,213.69153510742183,Negative,Very High,6RUKPb4LETWmmr3iAEQktW,"['The Chainsmokers', 'Coldplay']",ch,161853,5,3,True,7.842288377685546
616,517618,2019-09-26,Validation,0.2984848618507385,3.136128460884901,True,0.2033086388185618,213.61284608849013,Negative,Very High,0oIGnSelyXxLlQqaNs1dtl,['Pasi ja Anssi'],fi,48684,167,3,True,7.840321152212253
617,4202404,2022-08-18,Test,0.29842601692390364,3.1355101874867755,True,0.2032497938917269,213.55101874867754,Negative,Very High,6JIC3hbC28JZKZ8AlAqX8h,"['Elton John', 'Dua Lipa', 'PNAU']",za,50402,45,3,True,7.838775468716939
618,1331372,2021-03-18,Validation,0.29819566011428833,3.1330898686058988,True,0.2030194370821116,213.30898686058987,Negative,Very High,26w9NTiE9NGjW1ZvIOd1So,['Bad Bunny'],co,152456,51,3,True,7.832724671514747
619,2339644,2022-08-18,Test,0.2981181351579949,3.1322753273914694,True,0.20294191212581816,213.22753273914694,Negative,Very High,3YN1Qgpgt5xVurl2mUFA4y,"['Tilly Birds', 'MILLI']",th,217690,50,3,True,7.830688318478673
620,4290798,2017-04-27,Training,0.2978399693965912,3.1293526881803118,True,0.20266374636441445,212.93526881803118,Negative,Very High,6RUKPb4LETWmmr3iAEQktW,"['The Chainsmokers', 'Coldplay']",fi,218643,29,3,True,7.823381720450779
621,3682405,2016-11-24,Training,0.2977324426174164,3.1282229230378302,True,0.20255621958523964,212.82229230378303,Negative,Very High,5aAx2yezTd8zXrkmtKl66Z,"['The Weeknd', 'Daft Punk']",dk,495265,3,3,True,7.820557307594576
622,5030659,2016-11-24,Training,0.2977324426174164,3.1282229230378302,True,0.20255621958523964,212.82229230378303,Negative,Very High,7MXVkk9YMctZqd1Srtv4MB,"['The Weeknd', 'Daft Punk']",dk,495265,3,3,True,7.820557307594576
623,644942,2017-09-07,Training,0.2976360321044922,3.1272099545688925,True,0.20245980907231545,212.72099545688926,Negative,Very High,104buTcnP2AsxqB7U1FIZ4,"['Linkin Park', 'Kiiara']",my,58408,58,3,True,7.818024886422231
624,3682843,2016-11-24,Training,0.297481507062912,3.125586386868292,True,0.20230528403073525,212.55863868682917,Negative,Very High,5aAx2yezTd8zXrkmtKl66Z,"['The Weeknd', 'Daft Punk']",gb,2278941,4,3,True,7.81396596717073
625,5031172,2016-11-24,Training,0.297481507062912,3.125586386868292,True,0.20230528403073525,212.55863868682917,Negative,Very High,7MXVkk9YMctZqd1Srtv4MB,"['The Weeknd', 'Daft Punk']",gb,2278941,4,3,True,7.81396596717073
626,2967923,2015-07-02,Training,0.2969711720943451,3.12022438623086,True,0.20179494906216836,212.022438623086,Positive,Very High,4WjH9Bzt3kx7z8kl0awxh4,"['Major Lazer', 'MØ', 'DJ Snake']",py,18094,1,3,True,7.80056096557715
627,2913549,2022-07-14,Test,0.29619947455142853,3.1121162945422913,True,0.2010232515192518,211.21162945422913,Negative,Very High,4S4Amrpr631M16IIXqRk73,['MARO'],lt,7989,179,3,True,7.780290736355728
628,3262054,2015-09-10,Training,0.29618027806282043,3.111914600379647,True,0.2010040550306437,211.1914600379647,Negative,Very High,4xkOaSrkexMciUUogZKVTS,"['Eminem', 'Nate Dogg']",ca,33829,182,3,True,7.779786500949117
629,4713662,2015-09-10,Training,0.29618027806282043,3.111914600379647,True,0.2010040550306437,211.1914600379647,Negative,Very High,6yr8GiTHWvFfi4o6Q5ebdT,"['Eminem', 'Nate Dogg']",ca,33829,182,3,True,7.779786500949117
630,674237,2015-09-17,Training,0.2960130572319031,3.110157640231514,True,0.20083683419972634,211.0157640231514,Positive,Very High,13HVjjWUZFaWilh2QUJKsP,['James Bay'],ch,9931,157,3,True,7.775394100578785
631,1082257,2015-08-13,Training,0.2959844768047333,3.1098573506606604,True,0.20080825377255654,210.98573506606604,Positive,Very High,1mSzZKMIPZIkn3jFV7v62b,['Charly Black'],cr,34062,8,3,True,7.774643376651651
632,1156419,2017-07-20,Training,0.29575878381729126,3.1074860337471315,True,0.20058256078511452,210.74860337471316,Positive,Very High,1sCxVKWImDZSZKvG0U9B23,['Selena Gomez'],sk,13621,25,3,True,7.7687150843678285
633,4293090,2017-04-27,Training,0.295541375875473,3.1052017663650906,True,0.20036515284329628,210.52017663650906,Negative,Very High,6RUKPb4LETWmmr3iAEQktW,"['The Chainsmokers', 'Coldplay']",nl,970761,9,3,True,7.763004415912727
634,5029801,2022-08-18,Test,0.2954470489608918,3.1042106899010737,True,0.20027082592871506,210.4210689901074,Positive,Very High,7MXVkk9YMctZqd1Srtv4MB,"['The Weeknd', 'Daft Punk']",bg,18129,31,3,True,7.760526724752684
635,4892554,2015-09-10,Training,0.295165479183197,3.1012522852835716,True,0.19998925615102028,210.12522852835716,Negative,Very High,7CWF2kMokmWxCLeogZZShp,['Emil Berg'],no,59098,145,3,True,7.753130713208929
636,975967,2016-04-21,Training,0.2948296070098877,3.0977233348523723,True,0.19965338397771096,209.77233348523723,Negative,Very High,1brwdYwjltrJo7WHpIvbYt,['Alan Walker'],ad,1148,3,3,True,7.7443083371309305
637,5242254,2015-07-09,Training,0.29473480582237244,3.096727275285234,True,0.1995585827901957,209.6727275285234,Positive,Very High,7oGZAicScQt96OAW4AruYy,['Jason Derulo'],mt,4871,3,3,True,7.741818188213085
638,3976902,2017-09-21,Training,0.2947080433368683,3.0964460865108583,True,0.19953182030469155,209.64460865108583,Negative,Very High,60a0Rd6pjrkxjPbaKzXjfq,['Linkin Park'],bg,2148,130,3,True,7.741115216277146
639,5059810,2014-08-03,Training,0.29416051506996155,3.090693302365162,True,0.1989842920377848,209.0693302365162,Positive,Very High,7b71WsDLb8gG0cSyDTFAEW,['Calvin Harris'],cy,1427,2,3,True,7.726733255912905
640,5059809,2014-07-27,Training,0.29371681809425354,3.0860314555133703,True,0.1985405950620768,208.60314555133704,Negative,Very High,7b71WsDLb8gG0cSyDTFAEW,['Calvin Harris'],cy,1374,2,3,True,7.715078638783426
641,5117710,2015-09-24,Training,0.2934848666191101,3.083594381759508,True,0.19830864358693337,208.35943817595083,Positive,Very High,7fEGUogfVroN6IQL6Q7atH,['Zion & Lennox'],do,4544,90,3,True,7.70898595439877
642,4683980,2015-09-17,Training,0.29334333539009094,3.082107337784551,True,0.1981671123579142,208.2107337784551,Negative,Very High,6vV9NyQIsWMQ08KOWMSp3a,"['Rudimental', 'Anne-Marie', 'Will Heard']",nl,44942,200,3,True,7.705268344461378
643,4022282,2015-09-24,Training,0.29333487153053284,3.082018409486196,True,0.1981586484983561,208.20184094861963,Negative,Very High,65GutbxfSTDUS07wU6kyyF,"['Regula', 'Blaya']",pt,7307,183,3,True,7.70504602371549
644,1225014,2016-10-20,Training,0.29303205013275146,3.078836717797517,True,0.19785582710057473,207.8836717797517,Negative,Very High,1xznGGDReH1oQq0xzbwXa3,"['Drake', 'Wizkid', 'Kyla']",tr,145224,9,3,True,7.697091794493792
645,4751976,2015-07-09,Training,0.29290950298309326,3.0775491362382366,True,0.19773327995091652,207.75491362382365,Negative,Very High,71ywEs45ClmTNRiaJ7YEsr,['Maroon 5'],nz,10293,127,3,True,7.693872840595591
646,3781234,2022-01-27,Test,0.29288002443083494,3.0772394102234903,True,0.1977038013986582,207.72394102234904,Positive,Very High,5jzEwSyyymBlf1fa1o39T2,"['Mora', 'Jhayco']",ar,230197,188,3,True,7.693098525558726
647,4467560,2017-05-25,Training,0.29276806116104126,3.076063031646713,True,0.19759183812886452,207.6063031646713,Negative,Very High,6fTsxhIosAU6zXTAhSaemI,['ALMA'],fi,125737,66,3,True,7.690157579116782
648,4289310,2017-04-27,Training,0.2926303744316101,3.0746163811593887,True,0.19745415139943337,207.46163811593888,Negative,Very High,6RUKPb4LETWmmr3iAEQktW,"['The Chainsmokers', 'Coldplay']",au,887317,7,3,True,7.686540952898472
649,5242265,2015-09-24,Training,0.29247260093688965,3.072958682527377,True,0.1972963779047129,207.2958682527377,Negative,Very High,7oGZAicScQt96OAW4AruYy,['Jason Derulo'],mt,3461,30,3,True,7.682396706318443
650,5189115,2019-10-24,Validation,0.2924115061759949,3.0723167705146035,True,0.19723528314381814,207.23167705146034,Negative,Very High,7kQMPnMzK1bykUxmF4QXbV,['Miami Yacine'],de,621512,104,3,True,7.680791926286509
651,2672279,2021-09-30,Test,0.2923383592456365,3.0715482284562197,True,0.19716213621345977,207.15482284562196,Negative,Very High,42ahuAFlYGjIGBpVdHcLij,"['Bizarrap', 'Duki', 'Nicki Nicole']",es,477020,94,3,True,7.678870571140549
652,2634172,2021-08-19,Test,0.292175947960182,3.069841801364659,True,0.19699972492800524,206.98418013646588,Negative,Very High,3yraHvsUkmnJjGhOrx1CSg,"['Thomas Acda', 'Paul de Munnik', 'Maan', 'Typhoon']",nl,273543,86,3,True,7.674604503411647
653,4640152,2015-07-02,Training,0.29213905334472656,3.0694541560654445,True,0.19696283031254982,206.94541560654446,Positive,Very High,6sHBvzRsuGunQTfCk18KXi,['Juan Magán'],pe,2389,216,3,True,7.673635390163611
654,5182237,2023-04-06,Test,0.2918738077843611,3.0666672671564807,True,0.19669758475218438,206.66672671564808,Negative,Very High,7jxraJulUuGw5kRjQtB7ah,['Manuel'],hu,54927,79,3,True,7.666668167891202
655,3684072,2016-11-24,Training,0.2917811870574951,3.0656941173096466,True,0.19660496402531838,206.56941173096465,Negative,Very High,5aAx2yezTd8zXrkmtKl66Z,"['The Weeknd', 'Daft Punk']",mt,15520,2,3,True,7.664235293274117
656,5032726,2016-11-24,Training,0.2917811870574951,3.0656941173096466,True,0.19660496402531838,206.56941173096465,Negative,Very High,7MXVkk9YMctZqd1Srtv4MB,"['The Weeknd', 'Daft Punk']",mt,15520,2,3,True,7.664235293274117
657,4403497,2015-07-16,Training,0.2917461097240448,3.065325565875971,True,0.19656988669186806,206.5325565875971,Negative,Very High,6ZixfeFT8V0Nle1rMZAekY,['Otto Knows'],global,827808,113,3,True,7.663313914689928
658,1049111,2017-11-09,Training,0.29141002893447876,3.061794423550094,True,0.19623380590230202,206.1794423550094,Negative,Very High,1j4kHkkpqZRBwE0A4CN4Yv,"['ZAYN', 'Sia']",pl,266515,3,3,True,7.654486058875235
659,1033266,2015-09-24,Training,0.2914072573184967,3.061765302663661,True,0.19623103428631997,206.17653026636611,Negative,Very High,1i1rNVtxbE7rdFfpHuNq2j,['Jess Glynne'],cz,3288,186,3,True,7.6544132566591525
660,1886920,2014-06-08,Training,0.29138392210006714,3.0615201235875626,True,0.1962076990678904,206.15201235875625,Negative,Very High,2stPxcgjdSImK7Gizl8ZUN,['Aloe Blacc'],global,3882479,19,3,True,7.653800308968907
661,1822227,2017-09-21,Training,0.29136425256729126,3.0613134592322306,True,0.19618802953511452,206.13134592322305,Positive,Very High,2nLtzopw4rPReszdYBJU6h,['Linkin Park'],hu,9198,103,3,True,7.653283648080577
662,2837971,2015-07-23,Training,0.2908935546875,3.0563679185835735,True,0.19571733165532326,205.63679185835736,Positive,Very High,4Ld3RS6KBXGsvtfmnjxlVl,"['Nicky Jam', 'Enrique Iglesias']",bo,8876,2,3,True,7.640919796458934
663,3841283,2021-05-06,Validation,0.29078900814056396,3.055269466222203,True,0.19561278510838723,205.5269466222203,Negative,Very High,5ofWgZMhsgL70B1HtdTRwO,"['ElGrandeToto', 'Lefa']",ma,50333,12,3,True,7.638173665555508
664,1393372,2022-10-27,Test,0.290769912321673,3.0550688297787447,True,0.19559368928949625,205.50688297787448,Positive,Very High,2BHxg3zP8IdRvvWPVavzqB,"['Wegz', 'Ash']",eg,142482,1,3,True,7.637672074446861
665,5156748,2020-08-06,Validation,0.29068437218666077,3.054170074477399,True,0.19550814915448403,205.4170074477399,Negative,Very High,7hynhxDoDpgMIV12JuVtNa,"['J Balvin', 'Bad Bunny', 'Marciano Cantero']",ec,36149,138,3,True,7.635425186193498
666,2660742,2015-09-10,Training,0.2905568778514862,3.0528305137014744,True,0.19538065481930947,205.28305137014743,Negative,Very High,41Fflg7qHiVOD6dEPvsCzO,"['Fifth Harmony', 'Kid Ink']",ee,4756,48,3,True,7.632076284253686
667,3344555,2019-12-19,Validation,0.2905022203922272,3.0522562372959,True,0.19532599736005044,205.22562372959,Negative,Very High,55sNf76dIok3ddZtFiNaaf,"['Bedoes 2115', 'Lanek']",pl,640699,5,3,True,7.63064059323975
668,3213017,2022-07-28,Test,0.29037541563700464,3.050923921816438,True,0.1951991926048279,205.0923921816438,Negative,Very High,4tYFy8ALRjIZvnvSLw5lxN,"['Bad Bunny', 'Rauw Alejandro']",sv,171729,7,3,True,7.6273098045410945
669,2222097,2018-09-20,Training,0.289968341588974,3.046646865687692,True,0.19479211855679726,204.6646865687692,Negative,Very High,3NxuezMdSLgt4OwHzBoUhL,['SHAUN'],vn,29449,3,3,True,7.61661716421923
670,78452,2015-09-10,Training,0.2899652421474457,3.046614300395337,True,0.19478901911526894,204.66143003953368,Positive,Very High,06Y4G78xvsbwnwAbsLC01K,['Mike Bahía'],ec,7151,132,3,True,7.6165357509883425
671,4360715,2018-06-14,Training,0.28985729813575745,3.0454801514635,True,0.1946810751035807,204.54801514635,Negative,Very High,6WbADFqMvR8N5u0BvtsWQE,"['Avicii', 'Sandro Cavazza']",se,944810,9,3,True,7.61370037865875
672,561647,2018-07-12,Training,0.28965550661087036,3.0433599630544803,True,0.19447928357869362,204.33599630544802,Negative,Very High,0s3P5PImfDZYWIseR3b39D,['Benjamin Ingrosso'],lt,3309,176,3,True,7.608399907636201
673,2397884,2015-09-24,Training,0.2895832359790802,3.042600628112541,True,0.19440701294690346,204.26006281125407,Positive,Very High,3dO6fRY8FAMIs0UMvt0ghH,['Henrique & Diego'],br,95313,128,3,True,7.6065015702813525
674,1815195,2017-07-13,Training,0.2894672453403473,3.041381934671704,True,0.19429102230817055,204.1381934671704,Positive,Very High,2mfUa8bLs2s5N4VaqJZ4lZ,['Hailee Steinfeld'],hk,35394,50,3,True,7.60345483667926
675,4289400,2017-04-27,Training,0.28946536779403687,3.041362207619604,True,0.19428914476186013,204.1362207619604,Negative,Very High,6RUKPb4LETWmmr3iAEQktW,"['The Chainsmokers', 'Coldplay']",be,185077,5,3,True,7.60340551904901
676,407825,2018-02-08,Training,0.2894493341445923,3.0411937448572277,True,0.19427311111241555,204.11937448572277,Negative,Very High,0e7ipj03S05BNilyu5bRzt,"['Post Malone', '21 Savage']",dk,315361,10,3,True,7.6029843621430695
677,739133,2018-07-26,Training,0.2887285053730011,3.033620122489932,True,0.19355228234082436,203.3620122489932,Negative,Very High,19MBk3PbNFE36wqIqkMq9H,['Alvaro Soler'],global,10601624,43,3,True,7.58405030622483
678,1155738,2017-07-20,Training,0.28870251774787903,3.033347075038645,True,0.1935262947157023,203.3347075038645,Positive,Very High,1sCxVKWImDZSZKvG0U9B23,['Selena Gomez'],cz,36369,30,3,True,7.5833676875966125
679,4889750,2021-08-19,Test,0.28841435949771604,3.030319446488334,True,0.1932381364655393,203.0319446488334,Negative,Very High,7COGuXyTr12KvdaYXMqheC,"['BANDIDO', 'Duki', 'Rei', 'Tiago PZK']",ar,2738058,3,3,True,7.575798616220835
680,4064469,2021-06-24,Test,0.28782100450119114,3.0240851688754864,True,0.1926447814690144,202.40851688754864,Negative,Very High,69Y5IZuBvGyzySFt5x7kCq,"['Piso 21', 'Maluma']",pe,149535,70,3,True,7.560212922188716
681,2351873,2020-01-16,Validation,0.2876817584037781,3.022622134380348,True,0.19250553537160134,202.2622134380348,Negative,Very High,3ZCTVFBt2Brf31RLEnCkWJ,['Billie Eilish'],se,581814,25,3,True,7.55655533595087
682,3685158,2016-11-24,Training,0.28687167167663574,3.0141106942187808,True,0.191695448644459,201.41106942187807,Negative,Very High,5aAx2yezTd8zXrkmtKl66Z,"['The Weeknd', 'Daft Punk']",se,1025882,6,3,True,7.535276735546952
683,5034064,2016-11-24,Training,0.28687167167663574,3.0141106942187808,True,0.191695448644459,201.41106942187807,Negative,Very High,7MXVkk9YMctZqd1Srtv4MB,"['The Weeknd', 'Daft Punk']",se,1025882,6,3,True,7.535276735546952
684,2924740,2018-10-04,Training,0.28663569688796997,3.011631348210419,True,0.19145947385579323,201.16313482104192,Negative,Very High,4Sn5B44sLfQ364FUL98jvN,['Robyn'],se,147209,146,3,True,7.529078370526047
685,4547056,2015-09-10,Training,0.28658372163772583,3.011085253307845,True,0.1914074986055491,201.1085253307845,Positive,Very High,6lB21fy7cgHXtvTiwrIh16,['ÁTOA'],pt,15786,62,3,True,7.5277131332696126
686,4994545,2019-05-09,Training,0.28573447465896606,3.0021623632024803,True,0.19055825162678933,200.21623632024804,Negative,Very High,7KJIjFrGYijiBunfFk75oj,['Papi Hans'],bg,10962,14,3,True,7.5054059080062006
687,5326545,2021-02-11,Validation,0.28571435809135437,3.001951001929982,True,0.19053813505917763,200.1951001929982,Negative,Very High,7uoFMmxln0GPXQ0AcCBXRq,['Sia'],hu,19211,189,3,True,7.504877504824955
688,4448375,2015-09-17,Training,0.28530433773994446,2.997642989504743,True,0.19012811470776772,199.76429895047428,Negative,Very High,6eE5LWw0DpIbTOdKwDUoE8,"['Tiësto', 'KSHMR', 'VASSY']",at,5845,140,3,True,7.494107473761858
689,3781373,2021-08-26,Test,0.28502763342214743,2.9947357054270434,True,0.1898514103899707,199.47357054270435,Negative,Very High,5jzEwSyyymBlf1fa1o39T2,"['Mora', 'Jhayco']",co,290454,43,3,True,7.486839263567608
690,2994905,2021-04-29,Validation,0.284955233335495,2.9939750103254115,True,0.18977901030331826,199.39750103254116,Negative,Very High,4Zpg4neFtdTJJF4wsrTJRa,['Marwan Pablo'],eg,62800,3,3,True,7.484937525813528
691,5212432,2019-08-08,Validation,0.28487277030944824,2.9931085856720725,True,0.1896965472772715,199.31085856720725,Positive,Very High,7m9OqQk4RVRkw9JJdeAw96,['XXXTENTACION'],no,70091,190,3,True,7.482771464180181
692,4202283,2022-06-16,Test,0.2847841088019532,2.992177034653652,True,0.18960788576977647,199.2177034653652,Negative,Very High,6JIC3hbC28JZKZ8AlAqX8h,"['Elton John', 'Dua Lipa', 'PNAU']",ve,26464,69,3,True,7.48044258663413
693,1158600,2015-07-16,Training,0.2847275137901306,2.9915824007207266,True,0.18955129075795388,199.15824007207266,Negative,Very High,1sNSG13fsK6KPKKNIQXXrh,"['DJ Snake', 'AlunaGeorge']",se,95584,63,3,True,7.478956001801817
694,2423999,2018-11-01,Training,0.28471338748931885,2.9914339781382613,True,0.1895371644571421,199.14339781382614,Negative,Very High,3ee8Jmje8o58CHK66QrVC2,['XXXTENTACION'],ca,577169,30,3,True,7.478584945345653
695,5098911,2020-11-12,Validation,0.2845887839794159,2.990124790760014,True,0.18941256094723916,199.01247907600143,Negative,Very High,7eBYMVok43QesT0KnuIkjn,"['Quebonafide', 'Duit', 'Daria Zawiałow']",pl,433288,10,3,True,7.475311976900035
696,4574255,2015-07-09,Training,0.2843802273273468,2.9879335223378725,True,0.18920400429517006,198.79335223378723,Negative,Very High,6n7rJUcwmQDestMYXoSoZF,"['Blonde', 'Alex Newell']",ie,9179,90,3,True,7.469833805844681
697,2308149,2021-11-11,Test,0.2842142214543748,2.9861893275412807,True,0.18903799842219807,198.61893275412808,Positive,Very High,3VSMRXCmLmcgb4p5irSJmf,['Billkin'],th,210176,21,3,True,7.465473318853202
698,1736622,2018-04-05,Training,0.28392162919044495,2.983115111580526,True,0.1887454061582682,198.31151115805258,Negative,Very High,2ekn2ttSfGqwhhate0LSR0,['Dua Lipa'],sg,103714,36,3,True,7.457787778951315
699,996579,2023-04-06,Test,0.2838352742506857,2.982207795267606,True,0.18865905121850898,198.2207795267606,Negative,Very High,1dApWF2K4c91sOq0esaufz,['Manuel'],hu,64564,59,3,True,7.455519488169014
700,4360714,2018-06-07,Training,0.2836977541446686,2.980762895463475,True,0.18852153111249184,198.07628954634748,Negative,Very High,6WbADFqMvR8N5u0BvtsWQE,"['Avicii', 'Sandro Cavazza']",se,998978,8,3,True,7.451907238658687
701,5145474,2017-11-02,Training,0.28344276547431946,2.9780837739116253,True,0.18826654244214272,197.80837739116254,Negative,Very High,7hDc8b7IXETo14hHIHdnhd,['Drake'],ie,29712,136,3,True,7.445209434779063
702,1291518,2022-12-15,Test,0.283375200028387,2.977373875538062,True,0.18819897699621027,197.7373875538062,Negative,Very High,23Lyy7ZXRvzfgH4JtDkKrX,['Grupo Frontera'],py,241160,13,3,True,7.443434688845155
703,3419827,2017-10-19,Training,0.28336822986602783,2.9773006412560417,True,0.1881920068338511,197.73006412560417,Negative,Very High,5CtI0qwDJkDQGwXD1H1cLb,"['Luis Fonsi', 'Daddy Yankee', 'Justin Bieber']",global,10125634,41,3,True,7.443251603140104
704,4360428,2018-05-31,Training,0.28319451212882996,2.9754754192450865,True,0.18801828909665322,197.54754192450866,Positive,Very High,6WbADFqMvR8N5u0BvtsWQE,"['Avicii', 'Sandro Cavazza']",no,300856,36,3,True,7.438688548112716
705,1586221,2015-07-23,Training,0.2829451262950897,2.9728551657217257,True,0.18776890326291298,197.28551657217258,Positive,Very High,2S5LNtRVRPbXk01yRQ14sZ,"['Flo Rida', 'Robin Thicke', 'Verdine White']",cz,19831,9,3,True,7.432137914304314
706,5230925,2017-10-19,Training,0.2827732563018799,2.9710493576350596,True,0.18759703326970315,197.10493576350595,Negative,Very High,7nZmah2llfvLDiUjm0kiyz,"['Justin Bieber', 'BloodPop®']",gr,19181,17,3,True,7.427623394087649
707,259035,2015-07-02,Training,0.2826087176799774,2.9693205789899264,True,0.18743249464780068,196.93205789899264,Negative,Very High,0PT7nlpo11hYYyfnBgtilT,['T-Wayne'],tw,11282,147,3,True,7.423301447474816
708,1044047,2018-02-08,Training,0.28194475173950195,2.9623444044862275,True,0.18676852870732522,196.23444044862276,Negative,Very High,1itehVOMz2qYoxf4kKksfd,"['Musicologo The Libro', 'Lapiz Conciente']",do,32942,21,3,True,7.405861011215569
709,5077132,2016-06-02,Training,0.2816515266895294,2.959263539952725,True,0.18647530365735268,195.9263539952725,Positive,Very High,7crplFzt7spG80NCbpmuCp,"['Shawn Mendes', 'Camila Cabello']",id,14595,119,3,True,7.398158849881813
710,3285444,2022-05-26,Test,0.2815754017593982,2.958463708569361,True,0.18639917872722148,195.8463708569361,Positive,Very High,503OTo2dSqe7qk76rgsbep,"['Dr. Dre', 'Snoop Dogg']",at,39685,162,3,True,7.396159271423403
711,5384275,2021-06-10,Test,0.2815066902254281,2.9577417684483827,True,0.1863304671932514,195.77417684483828,Positive,Very High,7xAVLrbnud6OrU6f4FmxDr,"['Juno Mak', 'Kay Tse']",hk,24995,161,3,True,7.394354421120957
712,2492597,2015-09-17,Training,0.2814268171787262,2.9569025562569626,True,0.18625059414654946,195.69025562569627,Negative,Very High,3kwqNLXvsjSrIXbVsRBj8q,['Jay Chou'],tw,12296,165,3,True,7.392256390642407
713,3122787,2020-04-23,Validation,0.281047523021698,2.9529173786049774,True,0.18587129998952126,195.29173786049773,Negative,Very High,4li3bu2BbCyLJVrXIJnkgg,"['Azteca', 'Ian']",ro,30948,26,3,True,7.382293446512444
714,2837968,2015-07-02,Training,0.2807435691356659,2.949723788059476,True,0.18556734610348916,194.97237880594759,Negative,Very High,4Ld3RS6KBXGsvtfmnjxlVl,"['Nicky Jam', 'Enrique Iglesias']",bo,9251,2,3,True,7.37430947014869
715,3525777,2015-09-17,Training,0.2804821729660034,2.946977344028238,True,0.18530594993382668,194.69773440282378,Positive,Very High,5NQbUaeTEOGdD6hHcre0dZ,"['Fetty Wap', 'Remy Boyz']",tr,27315,52,3,True,7.367443360070594
716,2004511,2018-07-26,Training,0.2803233861923218,2.9453089990506487,True,0.18514716316014504,194.53089990506487,Negative,Very High,33bnxcjePIkcmNjEFTJX0l,"['Piso 21', 'Manuel Turizo']",uy,25389,41,3,True,7.363272497626622
717,1164988,2022-10-13,Test,0.2803223518197028,2.945298131077682,True,0.18514612878752604,194.52981310776818,Negative,Very High,1sbNEFiURUYfy024cJX8JG,['Feid'],ve,68114,18,3,True,7.363245327694204
718,2770371,2020-08-27,Validation,0.28025612235069275,2.9446022695809755,True,0.185079899318516,194.46022695809754,Negative,Very High,4CNcRgjGw1v9VQaTaytdnD,"['Juice WRLD', 'Trippie Redd']",us,1750763,128,3,True,7.361505673952439
719,2350273,2020-01-16,Validation,0.28005674481391907,2.9425074445246557,True,0.18488052178174233,194.25074445246557,Positive,Very High,3ZCTVFBt2Brf31RLEnCkWJ,['Billie Eilish'],gb,1977097,9,3,True,7.35626861131164
720,4381957,2016-07-14,Training,0.2800145745277405,2.9420643686719363,True,0.18483835149556374,194.20643686719364,Negative,Very High,6YZdkObH88npeKrrkb8Ggf,"['Enrique Iglesias', 'Wisin']",ad,1134,2,3,True,7.355160921679841
721,859377,2017-08-10,Training,0.27997922897338867,2.941692999087961,True,0.18480300594121193,194.1692999087961,Negative,Very High,1NDxZ7cFAo481dtYWdrUnR,"['Maggie Lindemann', 'Cheat Codes', 'CADE']",ie,172812,9,3,True,7.354232497719902
722,3692407,2021-09-02,Test,0.27988171584498855,2.9406684456302434,True,0.18470549281281182,194.06684456302435,Positive,Very High,5ajjAnNRh8bxFvaVHzpPjh,['Madison Beer'],id,1878920,8,3,True,7.351671114075609
723,2900637,2015-07-02,Training,0.27979201078414917,2.939725930178574,True,0.18461578775197243,193.97259301785738,Negative,Very High,4RL77hMWUq35NYnPLXBpih,['Birdy'],be,4317,206,3,True,7.349314825446434
724,5092962,2015-07-09,Training,0.2796681225299835,2.9384242578677933,True,0.18449189949780678,193.84242578677933,Negative,Very High,7djk6VYALvdcRqPJKq5xXx,['Fito y Fitipaldis'],es,7927,254,3,True,7.346060644669484
725,4045727,2015-09-10,Training,0.27956098318099976,2.9372985633868565,True,0.18438476014882302,193.72985633868564,Negative,Very High,67TYmsCsVebstJlWmfk8li,['Alex Gonzaga'],ph,39513,199,3,True,7.343246408467142
726,4291908,2017-04-27,Training,0.27901691198349,2.931582102067249,True,0.18384068895131325,193.1582102067249,Negative,Very High,6RUKPb4LETWmmr3iAEQktW,"['The Chainsmokers', 'Coldplay']",ie,195749,8,3,True,7.328955255168123
727,1712236,2015-09-10,Training,0.2788592278957367,2.9299253428186707,True,0.18368300486355996,192.99253428186708,Negative,Very High,2d8JP84HNLKhmd6IYOoupQ,['Fetty Wap'],is,7003,20,3,True,7.3248133570466765
728,1833443,2015-12-31,Training,0.2787097096443176,2.9283543805903363,True,0.1835334866121409,192.83543805903363,Positive,Very High,2pIKMEk8qb1fPFdTclvo0u,['Marka Akme'],uy,14036,45,3,True,7.320885951475841
729,2979876,2015-09-10,Training,0.27855896949768066,2.926770580121747,True,0.18338274646550393,192.67705801217468,Negative,Very High,4Y7XAxTANhu3lmnLAzhWJW,"['Pitbull', 'John Ryan']",ec,6298,161,3,True,7.316926450304368
730,343403,2017-09-14,Training,0.27817848324775696,2.922772877357317,True,0.18300226021558022,192.2772877357317,Negative,Very High,0XLOf9LhyazPX9Ld8jPiUq,"['Selena Gomez', 'Gucci Mane']",lt,8484,39,3,True,7.306932193393293
731,1082050,2015-08-13,Training,0.27812761068344116,2.922238368183754,True,0.18295138765126442,192.2238368183754,Positive,Very High,1mSzZKMIPZIkn3jFV7v62b,['Charly Black'],cl,182047,2,3,True,7.3055959204593846
732,343317,2017-09-14,Training,0.2777338922023773,2.918101636671192,True,0.18255766917020058,191.81016366711918,Negative,Very High,0XLOf9LhyazPX9Ld8jPiUq,"['Selena Gomez', 'Gucci Mane']",hu,14264,59,3,True,7.29525409167798
733,5026500,2022-03-17,Test,0.2774026310838964,2.914621133790037,True,0.18222640805171966,191.4621133790037,Negative,Very High,7MLtDpOSgfmtbyZdg5973e,"['SB Maffija', 'Kinny Zimmer', 'Beteo', 'Białas', 'Janusz Walczuk', 'Adi Nowak', 'Pedro', 'francis']",pl,384196,49,3,True,7.286552834475093
734,262682,2021-06-03,Test,0.2771281779401839,2.9117375024063907,True,0.18195195490800717,191.17375024063907,Positive,Very High,0PvFJmanyNQMseIFrU708S,"['Pop Smoke', 'Lil Baby', 'DaBaby']",pt,49827,113,3,True,7.279343756015977
735,4610576,2015-08-20,Training,0.2770627737045288,2.9110503114928266,True,0.18188655067235207,191.10503114928267,Negative,Very High,6pIZ0u32c2Lku8PmCWtnMy,['Years & Years'],do,6580,49,3,True,7.277625778732066
736,634491,2015-09-10,Training,0.27697649598121643,2.9101438064796654,True,0.1818002729490397,191.01438064796653,Positive,Very High,0yS3WAbqrdjr8o3XseOqUK,['Pablo Alborán'],cl,27049,187,3,True,7.275359516199163
737,1560299,2015-09-17,Training,0.27673861384391785,2.9076444202913927,True,0.1815623908117411,190.76444202913927,Negative,Very High,2QBlGKAp4PquIGtA6iNAuJ,['Farruko'],ar,38172,163,3,True,7.2691110507284815
738,181482,2022-04-07,Test,0.27672589536071546,2.9075107894033705,True,0.18154967232853872,190.75107894033704,Negative,Very High,0GNs56eb5LSYISdi3akjeR,"['Highsnob', 'Hu']",it,341663,148,3,True,7.268776973508427
739,70445,2015-09-10,Training,0.27665427327156067,2.9067582685859543,True,0.18147805023938393,190.67582685859543,Negative,Very High,06Hdbxh6NCy6TIhjdXTchB,"['Robin Schulz', 'Ilsey']",gt,5784,56,3,True,7.266895671464885
740,3144083,2017-01-26,Training,0.27643337845802307,2.9044373652500135,True,0.18125715542584633,190.44373652500136,Negative,Very High,4oeaIftdpT3JuZLcCkKmVE,['The Weeknd'],ca,112670,200,3,True,7.2610934131250335
741,4962989,2018-02-15,Training,0.276405394077301,2.9041433382353823,True,0.1812291710451243,190.41433382353824,Negative,Very High,7GX5flRQZVHRAGd6B4TmDO,['Lil Uzi Vert'],pa,7639,139,3,True,7.260358345588456
742,2390029,2015-09-10,Training,0.2764029800891876,2.9041179748826824,True,0.18122675705701088,190.41179748826823,Negative,Very High,3cU2wBxuV6nFiuf6PJZNlC,['Meghan Trainor'],cr,6801,165,3,True,7.260294937206706
743,2008367,2019-11-07,Validation,0.2761823534965515,2.901799889697042,True,0.18100613046437478,190.1799889697042,Negative,Very High,34Jnbbi34tPtYdutY5Pd6G,"['A Boogie Wit da Hoodie', 'Capo Plaza']",it,663950,59,3,True,7.254499724242605
744,413051,2021-03-25,Validation,0.2760736346244812,2.9006575994421158,True,0.18089741159230446,190.06575994421158,Negative,Very High,0e7rIlMjTs8DsDxrWb5cGo,['Inkonnu'],ma,110086,10,3,True,7.25164399860529
745,2498713,2020-04-23,Validation,0.27598056197166443,2.899679701288022,True,0.1808043389394877,189.96797012880222,Negative,Very High,3lTL4LdFKVF51lseI2nk5D,"['Naps', 'Ninho']",fr,1289661,4,3,True,7.2491992532200555
746,3319287,2015-07-23,Training,0.27593040466308594,2.899152707181926,True,0.1807541816309092,189.91527071819257,Negative,Very High,539HpTjkmnhbPn3p7mjByN,['Rihanna'],cr,1013,174,3,True,7.247881767954815
747,2349573,2020-01-16,Validation,0.2759143114089966,2.8989836181639266,True,0.18073808837681984,189.89836181639265,Positive,Very High,3ZCTVFBt2Brf31RLEnCkWJ,['Billie Eilish'],ch,171123,11,3,True,7.2474590454098164
748,1986455,2015-09-03,Training,0.2758740186691284,2.8985602693633075,True,0.18069779563695168,189.85602693633075,Positive,Very High,32OlwWuMpZ6b0aN2RZOeMS,"['Mark Ronson', 'Bruno Mars']",gr,8238,30,3,True,7.246400673408269
749,1164270,2022-08-18,Test,0.27586752695373085,2.8984920620401886,True,0.1806913039215541,189.84920620401886,Positive,Very High,1saT4tObMScARIwT4wTv0W,['Ravid Plotnik'],il,41983,108,3,True,7.246230155100472
750,4148167,2019-01-24,Training,0.27574849128723145,2.897241375022916,True,0.1805722682550547,189.7241375022916,Negative,Very High,6FyRXC8tJUh863JCkyWqtk,['Paulo Londra'],cl,1868437,5,3,True,7.24310343755729
751,1385806,2021-02-25,Validation,0.2757241129875183,2.8969852364734288,True,0.18054788995534157,189.69852364734288,Positive,Very High,2AfIH7lNuwcbKBBfZH3ks5,['Babblarna'],se,354470,34,3,True,7.242463091183572
752,4069958,2015-08-27,Training,0.27557268738746643,2.8953942340651833,True,0.1803964643552897,189.53942340651832,Negative,Very High,69uKYDeTWn1wFssqP6OZjb,['Luan Santana'],br,186720,48,3,True,7.238485585162958
753,1335345,2021-11-11,Test,0.2754265012395735,2.8938582816682965,True,0.18025027820739678,189.38582816682964,Negative,Very High,278JqkBGkjDovOYAwE8TW7,['Official HIGE DANdism'],jp,716117,30,3,True,7.234645704170742
754,656008,2018-12-13,Training,0.27517518401145935,2.8912177353206103,True,0.1799989609792826,189.12177353206104,Negative,Very High,116H0KvKr2Zl4RPuVBruDO,"['Bad Bunny', 'Drake']",sv,57593,1,3,True,7.228044338301526
755,1478386,2018-08-30,Training,0.27502480149269104,2.889637692385754,True,0.1798485784605143,188.9637692385754,Positive,Very High,2HdCh16tdPjle1rm80Y6q7,['Dadju'],fr,212543,156,3,True,7.224094230964385
756,5055782,2018-10-11,Training,0.27500855922698975,2.8894670377286995,True,0.179832336194813,188.94670377286994,Negative,Very High,7amMgNDcObIDkIXv4xcvc2,['Ramz'],de,367813,161,3,True,7.223667594321749
757,3683897,2016-11-24,Training,0.27492403984069824,2.888579007256394,True,0.1797478168085215,188.8579007256394,Negative,Very High,5aAx2yezTd8zXrkmtKl66Z,"['The Weeknd', 'Daft Punk']",lu,9355,2,3,True,7.221447518140986
758,5032486,2016-11-24,Training,0.27492403984069824,2.888579007256394,True,0.1797478168085215,188.8579007256394,Negative,Very High,7MXVkk9YMctZqd1Srtv4MB,"['The Weeknd', 'Daft Punk']",lu,9355,2,3,True,7.221447518140986
759,5348074,2015-07-30,Training,0.2746088206768036,2.8852670543982932,True,0.17943259764462685,188.52670543982933,Negative,Very High,7vS3Y0IKjde7Xg85LWIEdP,"['Ariana Grande', 'Iggy Azalea']",my,1026,212,3,True,7.213167635995733
760,2687023,2021-08-19,Test,0.2745033299553378,2.8841586817595717,True,0.1793271069231611,188.41586817595717,Positive,Very High,43qcs9NpJhDxtG91zxFkj7,"['Wisin', 'Jhayco', 'Anuel AA', 'Los Legendarios', 'Myke Towers']",py,261645,14,3,True,7.21039670439893
761,4480373,2015-09-24,Training,0.27405455708503723,2.8794435033672867,True,0.1788783340528605,187.94435033672866,Positive,Very High,6fxVffaTuwjgEk5h9QyRjy,['Ed Sheeran'],gt,8194,38,3,True,7.198608758418217
762,1255593,2015-07-02,Training,0.273879736661911,2.8776066956273207,True,0.17870351362973427,187.76066956273206,Negative,Very High,21BYhl07wWqGRQaj7sUxdV,['Måns Zelmerlöw'],fi,174609,26,3,True,7.194016739068302
763,718200,2022-03-17,Test,0.2737636860739829,2.8763873723107305,True,0.17858746304180614,187.63873723107304,Negative,Very High,16uUro9vLJogJJued0TFos,['COLLAR'],hk,58671,43,3,True,7.1909684307768265
764,269662,2017-04-06,Training,0.2735636830329895,2.874285975190509,True,0.17838746000081276,187.42859751905092,Negative,Very High,0Qld0SMt9XPAktXDrhDcih,"['Mikael Gabriel', 'Isac Elliot']",fi,40035,198,3,True,7.1857149379762735
765,3952796,2021-05-27,Test,0.2732044379434549,2.8705114495990367,True,0.17802821491127815,187.05114495990367,Negative,Very High,5xrtzzzikpG3BLbo4q1Yul,['IU'],kr,49670,11,3,True,7.176278623997591
766,3065833,2021-06-10,Test,0.27313908885671645,2.869824838125535,True,0.1779628658245397,186.9824838125535,Negative,Very High,4hAekThpcWg7vMGCUysDQs,"['ibe', 'Blacflaco', 'Elastinen']",fi,74236,79,3,True,7.174562095313838
767,4749931,2015-07-09,Training,0.2731320261955261,2.869750631974405,True,0.17795580316334939,186.9750631974405,Negative,Very High,71ywEs45ClmTNRiaJ7YEsr,['Maroon 5'],ch,6755,158,3,True,7.174376579936013
768,4435128,2020-04-09,Validation,0.2729284465312958,2.867611655896719,True,0.17775222349911904,186.7611655896719,Negative,Very High,6caWW1dpSJQtmO8zlgGo9g,['Antti Tuisku'],fi,48807,147,3,True,7.169029139741797
769,5214860,2021-07-22,Test,0.27292081956983955,2.8675315207409704,True,0.1777445965376628,186.75315207409704,Negative,Very High,7mEDVrAHDnQJStDo8jKJJm,['Go_A'],lv,7580,92,3,True,7.168828801852426
770,2921557,2019-04-04,Training,0.2728811204433441,2.867114408932678,True,0.17770489741116738,186.7114408932678,Positive,Very High,4SSnFejRGlZikf02HLewEF,['Billie Eilish'],ca,1190458,4,3,True,7.167786022331695
771,2466546,2021-08-12,Test,0.3635348647089228,3.8195975121435595,True,0.26835864167674606,281.95975121435595,Flat,Very High,3iPbmpKBMflYd7UjdYftoj,['TWICE'],ph,644713,31,3,True,7.161745335269174
772,1219281,2016-07-07,Training,0.272484689950943,2.8629491827893045,True,0.17730846691876626,186.29491827893045,Negative,Very High,1xznGGDReH1oQq0xzbwXa3,"['Drake', 'Wizkid', 'Kyla']",ad,1365,1,3,True,7.157372956973261
773,4881807,2019-10-03,Validation,0.2723701298236847,2.8617455194834016,True,0.17719390679150795,186.17455194834017,Negative,Very High,7BuHdm4lQqcyG3qTwdkxus,"['Wisin & Yandel', 'Romeo Santos']",cr,23492,167,3,True,7.154363798708504
774,3154518,2016-12-08,Training,0.2722761034965515,2.860757601239352,True,0.17709988046437478,186.0757601239352,Negative,Very High,4pLwZjInHj3SimIyN9SnOz,"['Ariana Grande', 'Nicki Minaj']",mx,1006866,16,3,True,7.151894003098381
775,2837970,2015-07-16,Training,0.27223461866378784,2.8603217273262884,True,0.1770583956316111,186.03217273262885,Negative,Very High,4Ld3RS6KBXGsvtfmnjxlVl,"['Nicky Jam', 'Enrique Iglesias']",bo,3774,2,3,True,7.150804318315721
776,450444,2021-07-15,Test,0.27222021965594007,2.860170439458489,True,0.17704399662376333,186.01704394584888,Negative,Very High,0htvkHTlXpui40I957NFUt,['Marwan Moussa'],eg,66246,9,3,True,7.150426098646222
777,2551707,2020-09-24,Validation,0.2721433639526367,2.8593629299686723,True,0.17696714092045998,185.93629299686722,Negative,Very High,3rkMxMg4S5GhBtQtAdj5z2,"['David Carreira', 'MC Kevinho']",pt,108009,26,3,True,7.14840732492168
778,2662454,2015-09-17,Training,0.2721300423145294,2.859222961837107,True,0.17695381928235268,185.92229618371067,Negative,Very High,41Fflg7qHiVOD6dEPvsCzO,"['Fifth Harmony', 'Kid Ink']",sk,3872,38,3,True,7.148057404592767
779,1156088,2017-07-20,Training,0.2718176543712616,2.8559407561210612,True,0.17664143133908486,185.5940756121061,Negative,Very High,1sCxVKWImDZSZKvG0U9B23,['Selena Gomez'],lt,13701,26,3,True,7.139851890302653
780,3595807,2015-07-23,Training,0.2716282606124878,2.8539508288814632,True,0.17645203758031106,185.39508288814633,Positive,Very High,5SqSckut3FcoQKmGkMWgp1,['The Weeknd'],ca,38111,117,3,True,7.134877072203658
781,70446,2015-09-17,Training,0.2713506817817688,2.851034356448793,True,0.17617445874959206,185.1034356448793,Positive,Very High,06Hdbxh6NCy6TIhjdXTchB,"['Robin Schulz', 'Ilsey']",gt,5958,55,3,True,7.127585891121982
782,3020178,2018-03-08,Training,0.2712649405002594,2.8501334877362323,True,0.17608871746808266,185.01334877362322,Negative,Very High,4c2W3VKsOFoIg2SFaO6DY5,['Rita Ora'],de,297593,162,3,True,7.125333719340581
783,3703937,2020-09-17,Validation,0.2708364427089691,2.845631336068106,True,0.17566021967679238,184.5631336068106,Positive,Very High,5bgOnX2KXKiC006R5hnHAJ,['kizaru'],ua,35237,44,3,True,7.1140783401702645
784,1918764,2022-02-17,Test,0.27083519909941334,2.845618269679084,True,0.1756589760672366,184.5618269679084,Positive,Very High,2vOAHp8PBBFYqvQUWSoITY,['Mrs. GREEN APPLE'],jp,216033,163,3,True,7.11404567419771
785,1937421,2019-06-13,Training,0.2707860469818115,2.8451018369395205,True,0.17560982394963479,184.51018369395206,Positive,Very High,2x0RZdkZcD8QRI53XT4GI5,"['Avicii', 'Aloe Blacc']",dk,362835,9,3,True,7.112754592348801
786,3309824,2020-07-16,Validation,0.27078354358673096,2.8450755342033873,True,0.17560732055455422,184.50755342033872,Negative,Very High,527k23H0A4Q0UJN3vGs0Da,['Don Toliver'],bg,8643,58,3,True,7.112688835508468
787,4405779,2016-06-02,Training,0.2707810401916504,2.845049231467254,True,0.17560481715947365,184.50492314672542,Negative,Very High,6ZpR2XFuQJSHAQwg9495KZ,"['Jack Ü', 'Skrillex', 'Diplo', 'kai']",id,16178,103,3,True,7.112623078668135
788,3721605,2015-09-17,Training,0.2707115709781647,2.844319330539559,True,0.17553534794598794,184.4319330539559,Negative,Very High,5eWgDlp3k6Tb5RD8690s6I,['Maroon 5'],bo,6356,13,3,True,7.110798326348897
789,3972789,2021-07-22,Test,0.27068130374821736,2.8440013180256867,True,0.17550508071604062,184.40013180256867,Negative,Very High,5zxZ7M4RgWZUHlMEwac8vt,['Tusse'],no,67310,198,3,True,7.1100032950642165
790,4776076,2020-10-08,Validation,0.2703782916069031,2.840817622227926,True,0.17520206857472634,184.0817622227926,Negative,Very High,74j34STf8L6uADnTN69ohv,"['Rauw Alejandro', 'Chencho Corleone', 'KEVVO', 'Bryant Myers', 'Lyanno', 'Dalex']",do,19458,88,3,True,7.102044055569815
791,3769076,2020-08-27,Validation,0.270367294549942,2.8407020780656267,True,0.17519107151776528,184.07020780656268,Negative,Very High,5iz2mZPb0FiXOG9X1TTfRW,"['DJ-MK', 'M.s', 'MJ']",sa,227010,1,3,True,7.101755195164067
792,4488333,2020-12-10,Validation,0.270242303609848,2.8393888200258353,True,0.17506608057767128,183.9388820025835,Positive,Very High,6gBFPUFcJLzWGx4lenP6h2,['Travis Scott'],au,306164,124,3,True,7.098472050064588
793,5117789,2015-09-24,Training,0.2702116072177887,2.8390662983803927,True,0.17503538418561196,183.90662983803927,Negative,Very High,7fEGUogfVroN6IQL6Q7atH,['Zion & Lennox'],gt,4374,96,3,True,7.097665745950982
794,3357420,2020-08-20,Validation,0.2701934576034546,2.8388756035434275,True,0.17501723457127785,183.88756035434275,Negative,Very High,57Ba26w9eoXx8BBUNgRNLV,"['Super Yei', 'Jone Quest', 'Sammy', 'Myke Towers', 'Lenny Tavárez', 'Rafa Pabön']",ni,8967,63,3,True,7.097189008858569
795,2050152,2021-08-05,Test,0.2701782239549923,2.8387155462520477,True,0.17500200092281556,183.87155462520477,Negative,Very High,37BZB0z9T8Xu7U3e65qxFy,"['The Weeknd', 'Ariana Grande']",no,206842,44,3,True,7.096788865630119
796,2575753,2022-08-18,Test,0.2699771500808841,2.836602898074779,True,0.17480092704870734,183.6602898074779,Positive,Very High,3sqrvkNC6IPTIXvvbx9Arw,['Taylor Swift'],my,196226,20,3,True,7.091507245186948
797,3444742,2020-04-16,Validation,0.2699565589427948,2.836386550572921,True,0.17478033591061806,183.6386550572921,Negative,Very High,5GBbUx3eAHDgoOvdcpFObI,['Gazapizm'],tr,811381,7,3,True,7.090966376432303
798,4290880,2017-04-27,Training,0.26990553736686707,2.8358504757603025,True,0.17472931433469033,183.58504757603023,Negative,Very High,6RUKPb4LETWmmr3iAEQktW,"['The Chainsmokers', 'Coldplay']",gb,1963087,9,3,True,7.089626189400756
799,3681229,2016-11-24,Training,0.2697737514972687,2.834465824579578,True,0.17459752846509194,183.44658245795782,Negative,Very High,5aAx2yezTd8zXrkmtKl66Z,"['The Weeknd', 'Daft Punk']",at,71954,11,3,True,7.086164561448945
800,5029285,2016-11-24,Training,0.2697737514972687,2.834465824579578,True,0.17459752846509194,183.44658245795782,Negative,Very High,7MXVkk9YMctZqd1Srtv4MB,"['The Weeknd', 'Daft Punk']",at,71954,11,3,True,7.086164561448945
801,3224624,2021-02-18,Validation,0.26969465613365173,2.8336347833688946,True,0.174518433101475,183.36347833688947,Positive,Very High,4u8RkgV6P4TLi89SmlUtv8,['IV Of Spades'],ph,265085,103,3,True,7.084086958422237
802,388338,2020-07-16,Validation,0.26948341727256775,2.8314153334437533,True,0.174307194240391,183.14153334437532,Negative,Very High,0bg9us6qbMWTAMSF3y4egO,['RAF Camora'],at,35437,168,3,True,7.078538333609384
803,3077117,2021-07-08,Test,0.2694701663429416,2.831276108233885,True,0.17429394331076484,183.1276108233885,Positive,Very High,4iJyoBOLtHqaGxP12qzhQI,"['Justin Bieber', 'Daniel Caesar', 'Giveon']",do,42249,45,3,True,7.078190270584712
804,354085,2022-08-18,Test,0.2693372953622837,2.8298800559802353,True,0.17416107233010694,182.98800559802353,Positive,Very High,0YWa7stUSTPrqjoB6NhoxU,['Rasmus Seebach'],dk,176476,44,3,True,7.074700139950588
805,2475867,2015-10-01,Training,0.26925134658813477,2.828977007178647,True,0.17407512355595803,182.89770071786472,Negative,Very High,3jEPu6FD1icy9cLllhB2XK,"['Disclosure', 'Sam Smith']",ch,24560,53,3,True,7.072442517946618
806,3618119,2022-12-08,Test,0.26921368398889955,2.8285812928076064,True,0.17403746095672282,182.85812928076064,Negative,Very High,5UV2oqgMXvlkOvvtK3aT7f,['mor ve ötesi'],tr,1181635,31,3,True,7.0714532320190155
807,5172410,2015-09-10,Training,0.2691798210144043,2.8282255004319854,True,0.17400359798222756,182.82255004319853,Positive,Very High,7jUzRMSLtbmOD3O5Qc2ryj,['Agir'],pt,8831,148,3,True,7.0705637510799635
808,4110647,2015-09-17,Training,0.26897144317626953,2.8260361107767107,True,0.1737952201440928,182.60361107767108,Positive,Very High,6DUdDIRgLqCGq1DwkNWQTN,['Maluma'],mx,247165,57,3,True,7.065090276941777
809,1330876,2015-09-10,Training,0.26895079016685486,2.825819113203612,True,0.17377456713467812,182.5819113203612,Negative,Very High,26rdOwwjC2UnweK3xeS58u,"['Flo Rida', 'Sage The Gemini', 'Lookas']",uy,2592,177,3,True,7.064547783009029
810,3681846,2016-11-24,Training,0.26890915632247925,2.8253816736514925,True,0.1737329332903025,182.53816736514926,Negative,Very High,5aAx2yezTd8zXrkmtKl66Z,"['The Weeknd', 'Daft Punk']",ca,1074408,2,3,True,7.063454184128731
811,5029987,2016-11-24,Training,0.26890915632247925,2.8253816736514925,True,0.1737329332903025,182.53816736514926,Negative,Very High,7MXVkk9YMctZqd1Srtv4MB,"['The Weeknd', 'Daft Punk']",ca,1074408,2,3,True,7.063454184128731
812,3790683,2015-09-17,Training,0.26881465315818787,2.824388745362466,True,0.17363843012601113,182.4388745362466,Negative,Very High,5kZRoc6Gz7u5eu4a0YM2LS,"['Lost Frequencies', 'Janieck Devy']",no,607764,6,3,True,7.060971863406165
813,4295131,2021-04-22,Validation,0.2686280608177185,2.8224282521371116,True,0.17345183778554177,182.24282521371117,Positive,Very High,6RUr6r5OexrMOYDtgu1QtS,"['C. Tangana', 'Toquinho']",es,330098,141,3,True,7.056070630342779
814,404964,2021-10-28,Test,0.26841907379774727,2.8202324619143733,True,0.17324285076557053,182.02324619143732,Negative,Very High,0dnkOK5hGUCmIJ7FDF0yHz,['JEON SOMI'],kr,24106,36,3,True,7.050581154785933
815,2979238,2022-04-07,Test,0.2684189070518659,2.820230709944437,True,0.17324268401968915,182.0230709944437,Negative,Very High,4Y3889XjcyuyMxTOjT30TE,"['Ditonellapiaga', 'Donatella Rettore']",it,283198,185,3,True,7.050576774861092
816,3764210,2020-10-22,Validation,0.26816004514694214,2.8175108929914545,True,0.1729838221147654,181.75108929914546,Negative,Very High,5id3Rqn7SPj1LX4FfY4nGz,['Sia'],au,497755,38,3,True,7.043777232478636
817,3304244,2020-09-17,Validation,0.26736199855804443,2.8091259564655755,True,0.1721857755258677,180.91259564655755,Positive,Very High,51Of5p3lKZeOg6itfs4og4,['twocolors'],ua,23562,43,3,True,7.0228148911639385
818,2158285,2020-01-16,Validation,0.2672901451587677,2.8083710053129916,True,0.17211392212659096,180.83710053129914,Positive,Very High,3GRSqlALWISqLeNncZMbpX,"['Lauv', 'LANY']",my,231459,12,3,True,7.020927513282479
819,3132155,2019-05-23,Training,0.267202764749527,2.80745291457082,True,0.17202654171735024,180.745291457082,Negative,Very High,4n7jnSxVLd8QioibtTDBDq,"['Alan Walker', 'Sabrina Carpenter', 'Farruko']",in,214582,7,3,True,7.01863228642705
820,4115897,2018-09-06,Training,0.26715806126594543,2.8069832228541562,True,0.1719818382337687,180.69832228541563,Positive,Very High,6De0lHrwBfPfrhorm9q1Xl,['Danny Ocean'],mx,921673,38,3,True,7.017458057135391
821,3959786,2015-01-04,Training,0.26715314388275146,2.8069315567653232,True,0.17197692085057473,180.6931556765323,Positive,Very High,5yjA8BscTvoceGWY2P1I8F,['Ricky Martin'],cl,27332,100,3,True,7.0173288919133086
822,3788103,2019-11-21,Validation,0.2670600414276123,2.8059533454834185,True,0.17188381839543557,180.59533454834184,Negative,Very High,5kXsXhXlm01XGdHgSkSo8y,['Saad Lamjarred'],ma,11167,22,3,True,7.014883363708546
823,4839859,2017-06-22,Training,0.26701298356056213,2.8054589166696773,True,0.1718367605283854,180.54589166696772,Positive,Very High,79cuOz3SPQTuFrp8WgftAu,['Shawn Mendes'],sk,19699,10,3,True,7.013647291674193
824,2350908,2020-01-16,Validation,0.26681089401245117,2.8033355969825466,True,0.17163467098027443,180.33355969825467,Negative,Very High,3ZCTVFBt2Brf31RLEnCkWJ,['Billie Eilish'],lt,37232,3,3,True,7.008338992456366
825,2350570,2020-01-16,Validation,0.26677727699279785,2.8029823888116154,True,0.1716010539606211,180.29823888116155,Negative,Very High,3ZCTVFBt2Brf31RLEnCkWJ,['Billie Eilish'],hu,79377,7,3,True,7.007455972029039
826,4862933,2015-07-23,Training,0.26625266671180725,2.7974703999526622,True,0.1710764436796305,179.74703999526622,Positive,Very High,7BFI9QZPQKgYuR2HhDgwbG,['Lorde'],au,41377,149,3,True,6.993675999881655
827,4265047,2020-09-17,Validation,0.2660457193851471,2.795296040432321,True,0.17086949635297036,179.5296040432321,Negative,Very High,6PBVlqjvNb26dYZOFKTX51,['HENSY'],ua,48455,6,3,True,6.988240101080803
828,3118945,2020-07-16,Validation,0.26589488983154297,2.7937113005802976,True,0.17071866679936623,179.37113005802976,Negative,Very High,4lCwnBZurX0OIqMKBOHRlS,"['SNIK', 'Guè', 'Noizy', 'Capo Plaza']",gr,39000,66,3,True,6.984278251450744
829,1775865,2018-03-22,Training,0.26579323410987854,2.7926432216166046,True,0.1706170110777018,179.26432216166046,Negative,Very High,2iCOdoyDmWG3hWkbtH1KB2,"['Natti Natasha', 'Bad Bunny']",do,37679,18,3,True,6.981608054041511
830,3513903,2015-09-24,Training,0.2653956711292267,2.7884660966164097,True,0.17021944809704995,178.84660966164097,Positive,Very High,5MhsZlmKJG6X5kTHkdwC4B,"['AronChupa', 'Little Sis Nora']",at,5735,146,3,True,6.971165241541025
831,3683408,2016-11-24,Training,0.26538556814193726,2.7883599462884434,True,0.17020934510976052,178.83599462884433,Negative,Very High,5aAx2yezTd8zXrkmtKl66Z,"['The Weeknd', 'Daft Punk']",hu,43378,6,3,True,6.970899865721108
832,5031816,2016-11-24,Training,0.26538556814193726,2.7883599462884434,True,0.17020934510976052,178.83599462884433,Negative,Very High,7MXVkk9YMctZqd1Srtv4MB,"['The Weeknd', 'Daft Punk']",hu,43378,6,3,True,6.970899865721108
833,4050776,2020-01-30,Validation,0.2653014659881592,2.7874762996054936,True,0.17012524295598244,178.74762996054935,Negative,Very High,684EjRHwNsZQ9hCQxL4NYL,"['Dímelo Flow', 'Nicky Jam', 'Sech', 'Farruko', 'Zion', 'Lunay']",ar,560125,44,3,True,6.968690749013734
834,5341351,2017-12-21,Training,0.26516368985176086,2.7860287097347363,True,0.16998746681958413,178.6028709734736,Negative,Very High,7vGuf3Y35N4wmASOKLUVVU,"['Marshmello', 'Khalid']",sg,184782,12,3,True,6.965071774336841
835,3118946,2020-07-23,Validation,0.2648846209049225,2.783096580911511,True,0.16970839787274575,178.30965809115108,Negative,Very High,4lCwnBZurX0OIqMKBOHRlS,"['SNIK', 'Guè', 'Noizy', 'Capo Plaza']",gr,34737,83,3,True,6.9577414522787775
836,4360712,2018-05-24,Training,0.2647724449634552,2.7819179678304966,True,0.16959622193127846,178.19179678304965,Negative,Very High,6WbADFqMvR8N5u0BvtsWQE,"['Avicii', 'Sandro Cavazza']",se,1094920,5,3,True,6.9547949195762415
837,644800,2017-09-21,Training,0.2646929919719696,2.7810831690860796,True,0.16951676893979287,178.10831690860795,Negative,Very High,104buTcnP2AsxqB7U1FIZ4,"['Linkin Park', 'Kiiara']",hu,8443,113,3,True,6.952707922715199
838,5220315,2022-02-03,Test,0.2646000777165007,2.780106935185334,True,0.16942385468432394,178.0106935185334,Negative,Very High,7n2FZQsaLb7ZRfRPfEeIvr,['IVE'],kr,63503,3,3,True,6.950267337963335
839,1937461,2019-06-13,Training,0.2643515169620514,2.777495350626392,True,0.16917529392987465,177.7495350626392,Positive,Very High,2x0RZdkZcD8QRI53XT4GI5,"['Avicii', 'Aloe Blacc']",ee,22673,4,3,True,6.94373837656598
840,4409020,2023-04-06,Test,0.2642348913589465,2.776269985725481,True,0.16905866832676977,177.62699857254808,Negative,Very High,6aINWu0V4uW9fggLqPq9xO,['Manuel'],hu,73789,50,3,True,6.940674964313702
841,3193079,2015-09-17,Training,0.26420360803604126,2.775941297299857,True,0.16902738500386452,177.59412972998572,Negative,Very High,4s5D7IM9z6xDVwOg9r8Hqp,"['Alejandro Sanz', 'Alejandro Fernández']",es,107989,99,3,True,6.939853243249643
842,252027,2015-07-02,Training,0.2641673982143402,2.77556084700936,True,0.16899117518216347,177.556084700936,Negative,Very High,0OwaujljSrq1eT4By7NxN8,['Gülşen'],tr,18239,69,3,True,6.9389021175234
843,4421075,2015-09-03,Training,0.26360976696014404,2.7697019125356976,True,0.1684335439279673,176.97019125356977,Negative,Very High,6bJ1rkeKujVpRPIwJjq6e0,"['Anna Naklab', 'Alle Farben', 'YouNotUs']",nl,45615,193,3,True,6.924254781339244
844,4251919,2020-11-19,Validation,0.26357051730155945,2.7692895232084673,True,0.1683942942693827,176.92895232084675,Negative,Very High,6NfrH0ANGmgBXyxgV2PeXt,['Bad Bunny'],pe,114725,100,3,True,6.923223808021168
845,2475852,2015-10-01,Training,0.26340538263320923,2.7675544820071116,True,0.1682291596010325,176.75544820071116,Negative,Very High,3jEPu6FD1icy9cLllhB2XK,"['Disclosure', 'Sam Smith']",ca,93333,60,3,True,6.918886205017779
846,2177360,2016-11-17,Training,0.263373464345932,2.7672191221214137,True,0.16819724131375527,176.72191221214138,Negative,Very High,3I7b3MalGmz5NbRjChlmas,"['D-Double', 'Broederliefde', 'SBMG']",nl,174682,100,3,True,6.918047805303535
847,3287438,2022-04-21,Test,0.26333466665290506,2.7668114815175855,True,0.16815844362072832,176.68114815175855,Negative,Very High,50Cf2eYv8zT3v2HAkwhIiL,['Subwoolfer'],no,195035,43,3,True,6.917028703793964
848,1164990,2022-10-27,Test,0.2633308753047471,2.766771646482771,True,0.16815465227257034,176.6771646482771,Negative,Very High,1sbNEFiURUYfy024cJX8JG,['Feid'],ve,70401,23,3,True,6.916929116206928
849,3319349,2015-07-23,Training,0.2630317509174347,2.763628798639237,True,0.16785552788525795,176.36287986392372,Negative,Very High,539HpTjkmnhbPn3p7mjByN,['Rihanna'],ec,1002,192,3,True,6.909071996598093
850,2350188,2020-01-16,Validation,0.2626180946826935,2.759282584621043,True,0.16744187165051674,175.92825846210428,Positive,Very High,3ZCTVFBt2Brf31RLEnCkWJ,['Billie Eilish'],fi,263913,7,3,True,6.898206461552608
851,38247,2021-09-02,Test,0.2625302946622513,2.758360085097055,True,0.16735407163007457,175.8360085097055,Negative,Very High,03LfOYi0icz4souspZVVhq,"['Bizarrap', 'Nicky Jam']",ec,54199,95,3,True,6.895900212742637
852,2451942,2016-09-15,Training,0.26250937581062317,2.7581402943661173,True,0.16733315277844643,175.81402943661172,Negative,Very High,3hB5DgAiMAQ4DzYbsMq1IT,['Justin Bieber'],gt,9422,79,3,True,6.895350735915294
853,1155996,2017-07-20,Training,0.2624035179615021,2.757028064381058,True,0.16722729492932534,175.7028064381058,Negative,Very High,1sCxVKWImDZSZKvG0U9B23,['Selena Gomez'],hu,28996,32,3,True,6.892570160952644
854,1042989,2015-07-23,Training,0.2623761296272278,2.7567402999226487,True,0.16719990659505105,175.67402999226488,Positive,Very High,1ikYsarKZaK8nnDcKEYt5T,['R-chord'],tw,4960,207,3,True,6.891850749806622
855,4296672,2021-10-28,Test,0.262292267748167,2.755859177764308,True,0.16711604471599026,175.58591777643082,Negative,Very High,6RmlamfS2Supq8wARlY0QQ,"['10AGE', ""Ramil'""]",ru,129149,164,3,True,6.88964794441077
856,4448376,2015-09-24,Training,0.2622065544128418,2.754958602677438,True,0.16703033138066506,175.4958602677438,Negative,Very High,6eE5LWw0DpIbTOdKwDUoE8,"['Tiësto', 'KSHMR', 'VASSY']",at,5548,156,3,True,6.8873965066935945
857,3693984,2020-02-13,Validation,0.26207661628723145,2.7535933654210023,True,0.1669003932550547,175.35933654210024,Negative,Very High,5b195aHKKd6oTr4f7DoRCo,['MERO'],tr,180387,179,3,True,6.883983413552506
858,655424,2018-12-13,Training,0.2615538239479065,2.7481004773585265,True,0.16637760091572976,174.81004773585263,Negative,Very High,116H0KvKr2Zl4RPuVBruDO,"['Bad Bunny', 'Drake']",ni,23231,1,3,True,6.870251193396316
859,1223163,2016-06-16,Training,0.26153281331062317,2.7478797222516946,True,0.16635659027844643,174.78797222516945,Negative,Very High,1xznGGDReH1oQq0xzbwXa3,"['Drake', 'Wizkid', 'Kyla']",lu,12151,1,3,True,6.869699305629236
860,2292269,2018-03-15,Training,0.26150715351104736,2.74761011920633,True,0.16633093047887063,174.761011920633,Negative,Very High,3U4isOIWM3VvDubwSI3y7a,['John Legend'],ni,2892,143,3,True,6.869025298015825
861,3514255,2015-09-24,Training,0.2614821195602417,2.7473470918449983,True,0.16630589652806496,174.73470918449982,Negative,Very High,5MhsZlmKJG6X5kTHkdwC4B,"['AronChupa', 'Little Sis Nora']",co,15339,195,3,True,6.868367729612496
862,2910781,2017-06-08,Training,0.2614624500274658,2.7471404274896662,True,0.16628622699528908,174.71404274896662,Negative,Very High,4RepvCWqsP6zBuzvwYibAS,"['The Weeknd', 'Daft Punk']",mx,882789,41,3,True,6.867851068724166
863,2613440,2022-12-01,Test,0.26130934840078945,2.7455318153615655,True,0.16613312536861272,174.55318153615656,Negative,Very High,3w75Uvn1cojNlBhQoxpVP3,['Fabio Asher'],id,2147233,12,3,True,6.863829538403914
864,1278553,2018-10-18,Training,0.26113060116767883,2.7436537493129665,True,0.1659543781355021,174.36537493129666,Negative,Very High,22ryCgQttpV7oCrn7llGRu,['BTS'],vn,5146,185,3,True,6.859134373282416
865,2967927,2015-07-30,Training,0.26111042499542236,2.7434417617848457,True,0.16593420196324563,174.34417617848456,Negative,Very High,4WjH9Bzt3kx7z8kl0awxh4,"['Major Lazer', 'MØ', 'DJ Snake']",py,11026,1,3,True,6.858604404462114
866,2662455,2015-09-24,Training,0.2610107660293579,2.742394662384497,True,0.16583454299718117,174.2394662384497,Negative,Very High,41Fflg7qHiVOD6dEPvsCzO,"['Fifth Harmony', 'Kid Ink']",sk,3621,40,3,True,6.855986655961242
867,5392797,2015-09-24,Training,0.2609724998474121,2.741992606275033,True,0.16579627681523537,174.1992606275033,Negative,Very High,7y2YUIyCuVhBidENVT0068,['Ellie Goulding'],lt,4382,54,3,True,6.854981515687583
868,2958520,2015-09-10,Training,0.2609037160873413,2.741269907286993,True,0.16572749305516457,174.1269907286993,Positive,Very High,4WGyY671Z37inSpCTBJoIm,['The Weeknd'],gt,5937,54,3,True,6.853174768217483
869,955042,2022-07-07,Test,0.2608667945385448,2.7408819790038543,True,0.16569057150636804,174.08819790038544,Negative,Very High,1ZMGp9MTXbtAPvcKa0U3zS,"['Mahmood', 'BLANCO']",lt,7947,179,3,True,6.852204947509636
870,1660428,2015-08-20,Training,0.26070931553840637,2.7392273745751288,True,0.16553309250622963,173.92273745751288,Positive,Very High,2YlZnw2ikdb837oKMKjBkW,"['Meghan Trainor', 'John Legend']",nl,46669,169,3,True,6.848068436437822
871,4972509,2021-03-25,Validation,0.2606509029865265,2.738613644065355,True,0.16547467995434975,173.86136440653547,Negative,Very High,7HxjA4tXsukw2cAkqsTw2r,['Inkonnu'],ma,32160,66,3,True,6.846534110163387
872,1323985,2016-05-05,Training,0.26063236594200134,2.738418878566845,True,0.1654561429098246,173.84188785668448,Positive,Very High,266nQKAM5JUV6M39dmbtnf,['Vesala'],fi,39504,165,3,True,6.846047196417112
873,1699089,2021-08-12,Test,0.34746567024045916,3.6507612843912662,True,0.2522894472082824,265.07612843912665,Flat,Very High,2bgTY4UwhfBYhGT4HUYStN,['BTS'],ph,1404267,7,3,True,6.845177408233624
874,4629107,2016-08-11,Training,0.26054057478904724,2.737454444908629,True,0.1653643517568705,173.74544449086292,Negative,Very High,6rDsVOrDMhOxYXoHbnRVto,['Emmsjé Gauti'],is,11550,43,3,True,6.8436361122715725
875,5214911,2021-07-22,Test,0.2604323900690138,2.7363177668961294,True,0.16525616703683707,173.63177668961293,Negative,Very High,7mEDVrAHDnQJStDo8jKJJm,['Go_A'],ua,47156,40,3,True,6.840794417240323
876,3843721,2016-06-02,Training,0.26010963320732117,2.7329266167599915,True,0.16493341017514443,173.29266167599914,Negative,Very High,5p42VQGt5CM9FmpMMU4yg3,['Barasuara'],id,16897,93,3,True,6.832316541899979
877,3003866,2018-01-18,Training,0.25978875160217285,2.72955516961778,True,0.1646125285699961,172.95551696177802,Negative,Very High,4aWmUDTfIPGksMNLV2rQP2,"['Luis Fonsi', 'Daddy Yankee']",bg,2366,157,3,True,6.823887924044451
878,1436298,2017-05-04,Training,0.2597663700580597,2.7293200106316373,True,0.16459014702588295,172.93200106316374,Positive,Very High,2F4x7TRtf5K3LNSpEuKGhY,['Armada'],id,444607,7,3,True,6.823300026579093
879,224514,2019-01-31,Training,0.2595497667789459,2.7270441977004967,True,0.16437354374676919,172.70441977004967,Negative,Very High,0LQ1J0BCzA2qnAgp9MkkNE,"['6ix9ine', 'Anuel AA']",es,1589371,8,3,True,6.817610494251242
880,2878355,2015-09-10,Training,0.25946739315986633,2.726178712430591,True,0.1642911701276896,172.61787124305908,Negative,Very High,4PDXtZQ83AJzfLWX0lcJux,['Benjamin Francis Leftwich'],tw,13907,139,3,True,6.815446781076478
881,4375155,2015-07-09,Training,0.25931352376937866,2.724562033541835,True,0.16413730073720192,172.4562033541835,Negative,Very High,6XpfrI2hjCWLyOFAuLJ83z,['Imagine Dragons'],pl,10112,131,3,True,6.811405083854587
882,3008461,2015-07-23,Training,0.25904759764671326,2.7217679940833084,True,0.16387137461453652,172.17679940833085,Positive,Very High,4amvcCLMlTiU6mQfwFGRl8,['Hunter Hayes'],us,943845,72,3,True,6.804419985208271
883,1631362,2021-09-30,Test,0.2587209037116698,2.7183354778031337,True,0.16354468067949304,171.83354778031338,Negative,Very High,2VxeLyX666F8uXCJ0dZF8B,"['Lady Gaga', 'Bradley Cooper']",za,25422,149,3,True,6.795838694507834
884,3901457,2016-05-12,Training,0.2585931718349457,2.716993421219517,True,0.16341694880276894,171.6993421219517,Negative,Very High,5tf1VVWniHgryyumXyJM7w,"['Robin Schulz', 'Francesco Yates']",sk,6515,37,3,True,6.792483553048792
885,3897050,2021-04-01,Validation,0.2585723102092743,2.716774231751741,True,0.16339608717709755,171.67742317517408,Positive,Very High,5tY2k2BhO8vyAMkzXm6yNc,['Gasellit'],fi,41766,185,3,True,6.791935579379352
886,3312254,2022-01-06,Test,0.2583898099200995,2.7148567329966884,True,0.16321358688792278,171.48567329966883,Negative,Very High,52UT99qy9z0YfQ0CQLCmAu,"['Niska', 'Ninho']",fr,721865,48,3,True,6.787141832491721
887,4293495,2017-04-27,Training,0.25832465291023254,2.7141721396414242,True,0.1631484298780558,171.41721396414243,Negative,Very High,6RUKPb4LETWmmr3iAEQktW,"['The Chainsmokers', 'Coldplay']",pl,255649,3,3,True,6.78543034910356
888,1082260,2015-09-03,Training,0.25817543268203735,2.7126043086912013,True,0.16299920964986062,171.2604308691201,Positive,Very High,1mSzZKMIPZIkn3jFV7v62b,['Charly Black'],cr,41104,5,3,True,6.781510771728003
889,35019,2020-09-17,Validation,0.25798988342285156,2.710654774939236,True,0.16281366039067482,171.06547749392357,Positive,Very High,02mPTM1usfKo8tsTGEJuuk,"['Klava Koka', 'NILETTO']",ua,28024,32,3,True,6.77663693734809
890,2901075,2019-06-13,Training,0.2579822540283203,2.710574614219592,True,0.16280603099614357,171.0574614219592,Positive,Very High,4RNzKQEzmlvVHca4t6Txkj,['Banda MS de Sergio Lizárraga'],gt,18438,153,3,True,6.77643653554898
891,38353,2021-09-02,Test,0.25779612159436005,2.7086189531518343,True,0.1626198985621833,170.86189531518343,Negative,Very High,03LfOYi0icz4souspZVVhq,"['Bizarrap', 'Nicky Jam']",pe,125645,103,3,True,6.771547382879586
892,195467,2021-05-06,Validation,0.2577516734600067,2.7081519443450413,True,0.16257545042782998,170.81519443450412,Negative,Very High,0HyDNYQmQ3obfA81D3y9tG,['Irama'],it,1579333,12,3,True,6.770379860862603
893,1842920,2019-11-07,Validation,0.25746971368789673,2.705189442124138,True,0.16229349065572,170.5189442124138,Negative,Very High,2q9udNV9NK0BL3q9p6TLxf,"['ChiChi Peralta', 'Jandy Feliz']",pe,81691,167,3,True,6.762973605310345
894,2638430,2019-11-07,Validation,0.25746971368789673,2.705189442124138,True,0.16229349065572,170.5189442124138,Negative,Very High,3zbSYBDUbDEbqUIlCmOw09,['ChiChi Peralta'],pe,81691,167,3,True,6.762973605310345
895,1258788,2015-03-01,Training,0.2573927640914917,2.7043809461158546,True,0.16221654105931496,170.43809461158546,Negative,Very High,21hMIuZsNrAqhqwt5bHsBH,['Thomston'],fr,103004,43,3,True,6.760952365289636
896,1961436,2019-02-14,Training,0.25738051533699036,2.7042522505854887,True,0.16220429230481362,170.42522505854888,Negative,Very High,2zDj4WjbNDmrRL6Z4YjjCA,"['Reik', 'Maluma']",gt,42401,42,3,True,6.760630626463722
897,5188622,2018-12-27,Training,0.25731325149536133,2.7035455211158155,True,0.1621370284631846,170.35455211158154,Negative,Very High,7kK2m2KDEL0W8oFq6fuOcf,['Salmo'],it,669654,38,3,True,6.758863802789539
898,4547057,2015-09-17,Training,0.25729575753211975,2.7033617150906943,True,0.162119534499943,170.33617150906943,Positive,Very High,6lB21fy7cgHXtvTiwrIh16,['ÁTOA'],pt,16132,63,3,True,6.758404287726735
899,4291759,2017-04-27,Training,0.2571406066417694,2.7017315717060604,True,0.16196438360959267,170.17315717060603,Negative,Very High,6RUKPb4LETWmmr3iAEQktW,"['The Chainsmokers', 'Coldplay']",id,621422,1,3,True,6.754328929265151
900,2815366,2020-09-17,Validation,0.2571404278278351,2.701729692939194,True,0.16196420479565835,170.17296929391938,Negative,Very High,4IMYgmXkjzzOmbDNbQZnVe,['Saad Lamjarred'],ma,35231,10,3,True,6.754324232347985
901,5273084,2020-03-19,Validation,0.2571384608745575,2.7017090265036607,True,0.16196223784238076,170.1709026503661,Positive,Very High,7qEHsqek33rTcFNT9PFqLf,['Lewis Capaldi'],vn,59799,38,3,True,6.754272566259152
902,2835590,2014-12-28,Training,0.25692686438560486,2.699485819044786,True,0.16175064135342812,169.9485819044786,Negative,Very High,4L8VO1Uys7m8Wa9qwgJZae,['Amanda Jenssen'],se,193272,82,3,True,6.748714547611964
903,272566,2015-08-20,Training,0.25687989592552185,2.698992329614478,True,0.1617036728933451,169.8992329614478,Negative,Very High,0R4vpVecKzG3QNjB5rj4TQ,['Edward Sharpe & The Magnetic Zeros'],ie,8118,163,3,True,6.747480824036195
904,1712238,2015-09-24,Training,0.2567935585975647,2.6980851983456953,True,0.16161733556538796,169.80851983456952,Positive,Very High,2d8JP84HNLKhmd6IYOoupQ,['Fetty Wap'],is,6937,19,3,True,6.745212995864238
905,299868,2015-07-02,Training,0.25672096014022827,2.6973224189978335,True,0.16154473710805153,169.73224189978336,Negative,Very High,0T60IXa1r17UghrbuV03k0,"['Juan Magán', 'Gente De Zona']",es,627609,7,3,True,6.743306047494584
906,915729,2021-08-12,Test,0.25671428542133984,2.6972522888889072,True,0.1615380623891631,169.7252288888907,Negative,Very High,1VauUM5CBX7nkLcgafQL2B,"['Bizarrap', 'Eladio Carrion']",ar,512375,52,3,True,6.7431307222222685
907,3271887,2019-12-26,Validation,0.25668004155158997,2.6968924945131807,True,0.16150381851941323,169.68924945131806,Negative,Very High,4yI3HpbSFSgFZtJP2kDe5m,['Selena Gomez'],mt,4291,104,3,True,6.742231236282952
908,1164989,2022-10-20,Test,0.2566603737128195,2.6966858479564686,True,0.16148415068064279,169.66858479564686,Positive,Very High,1sbNEFiURUYfy024cJX8JG,['Feid'],ve,70490,19,3,True,6.741714619891171
909,3653553,2017-07-06,Training,0.2563803195953369,2.6937433681168566,True,0.16120409656316018,169.37433681168565,Negative,Very High,5YCqzqb6yN6TsMOHb4FSVw,['Kristian Kostov'],bg,1703,186,3,True,6.734358420292141
910,916266,2021-08-12,Test,0.2561650076428769,2.6914811229299764,True,0.16098878461070018,169.14811229299764,Negative,Very High,1VauUM5CBX7nkLcgafQL2B,"['Bizarrap', 'Eladio Carrion']",uy,24119,88,3,True,6.728702807324941
911,339486,2018-04-12,Training,0.2560296058654785,2.690058480035725,True,0.16085338283330178,169.0058480035725,Negative,Very High,0Wq6iAraiUpSbBSPmv4gLu,['Ultimo'],it,634065,23,3,True,6.725146200089313
912,4286417,2015-09-24,Training,0.2557459771633148,2.6870784426573997,True,0.16056975413113808,168.70784426573996,Negative,Very High,6RB9YvNyP0RZfCUcMtZELH,['Pharrell Williams'],lv,3315,80,3,True,6.7176961066434995
913,1219524,2016-06-16,Training,0.2557247579097748,2.68685549565589,True,0.16054853487759804,168.685549565589,Negative,Very High,1xznGGDReH1oQq0xzbwXa3,"['Drake', 'Wizkid', 'Kyla']",au,1187387,1,3,True,6.717138739139726
914,3507052,2016-12-15,Training,0.25557973980903625,2.6853318157270336,True,0.16040351677685952,168.53318157270337,Negative,Very High,5MFzQMkrl1FOOng9tq6R9r,"['Maroon 5', 'Kendrick Lamar']",id,319867,4,3,True,6.713329539317584
915,4192421,2019-12-05,Validation,0.2555552124977112,2.6850741115384906,True,0.16037898946553444,168.50741115384906,Negative,Very High,6IdEQ3HUseBeRUYFSzSMdL,['Skusta Clee'],ph,1334211,7,3,True,6.712685278846227
916,5392795,2015-09-10,Training,0.2554795444011688,2.6842790800260845,True,0.16030332136899209,168.42790800260846,Negative,Very High,7y2YUIyCuVhBidENVT0068,['Ellie Goulding'],lt,4576,52,3,True,6.710697700065211
917,4198094,2022-12-01,Test,0.25547799740103777,2.684262825965125,True,0.16030177436886103,168.42628259651252,Positive,Very High,6JIC3hbC28JZKZ8AlAqX8h,"['Elton John', 'Dua Lipa', 'PNAU']",au,628001,23,3,True,6.710657064912812
918,5310921,2020-06-25,Validation,0.2553662657737732,2.683088881216059,True,0.16019004274159646,168.3088881216059,Negative,Very High,7srDOLMwjMC07Dzs7mqCnv,"['Marracash', 'Luchè', 'Lazza', 'Paky', 'Taxi B']",it,314367,171,3,True,6.707722203040147
919,644941,2017-08-31,Training,0.25525784492492676,2.6819497222392443,True,0.16008162189275002,168.19497222392442,Negative,Very High,104buTcnP2AsxqB7U1FIZ4,"['Linkin Park', 'Kiiara']",my,68885,58,3,True,6.704874305598111
920,2711583,2020-07-30,Validation,0.2552308738231659,2.6816663415701907,True,0.16005465079098916,168.16663415701908,Negative,Very High,466cKvZn1j45IpxDdYZqdA,['Drake'],ma,22422,18,3,True,6.704165853925477
921,1944593,2019-02-21,Training,0.25516048073768616,2.6809267336803506,True,0.15998425770550942,168.09267336803507,Positive,Very High,2xLMifQCjDGFmkHkpNLD9h,['Travis Scott'],lt,11124,33,3,True,6.702316834200877
922,650490,2021-02-18,Validation,0.2550780177116394,2.680060309027012,True,0.15990179467946267,168.0060309027012,Negative,Very High,10n66m41IGjA2ZulKPK7Ew,['Madrigal'],tr,1209172,1,3,True,6.700150772567531
923,553574,2018-07-26,Training,0.25503331422805786,2.6795906173103483,True,0.15985709119588112,167.95906173103484,Negative,Very High,0r9d60ZYPAlFHq8qnUtkXN,"['Cosculluela', 'Bad Bunny']",ar,807099,8,3,True,6.6989765432758706
924,2587420,2015-09-03,Training,0.25495487451553345,2.6787664649115093,True,0.1597786514833567,167.87664649115092,Negative,Very High,3tm3GG9BBOYhUzKWlS6A74,['Marc Anthony'],ec,6036,159,3,True,6.696916162278773
925,5245065,2020-02-27,Validation,0.25491440296173096,2.678341237344023,True,0.15973817992955422,167.8341237344023,Negative,Very High,7oZct7VoEYmscpKePu6k7z,"['Boef', 'Dopebwoy']",nl,161910,189,3,True,6.695853093360058
926,1716669,2021-12-23,Test,0.2548654858064486,2.67782727331263,True,0.15968926277427184,167.782727331263,Negative,Very High,2dTQe0W5KXs6TNVV7yi2oS,"['Young Stunna', 'Kabza De Small', 'DJ Maphorisa']",za,189286,3,3,True,6.694568183281575
927,114210,2022-10-06,Test,0.25478503255089713,2.676981964967874,True,0.1596088095187204,167.6981964967874,Negative,Very High,09mEdoA6zrmBPgTEN5qXmN,['The Weeknd'],eg,31839,62,3,True,6.692454912419685
928,1219290,2016-09-08,Training,0.2547092139720917,2.676185352364537,True,0.15953299093991494,167.61853523645368,Negative,Very High,1xznGGDReH1oQq0xzbwXa3,"['Drake', 'Wizkid', 'Kyla']",ad,1017,4,3,True,6.690463380911343
929,4307761,2023-04-06,Test,0.25469303992292247,2.676015414446705,True,0.15951681689074573,167.6015414446705,Negative,Very High,6S1K0f5Pn3a2b4u4HS7z27,"['Manuel', 'T. Danny']",hu,41907,130,3,True,6.690038536116763
930,333757,2019-04-04,Training,0.25458258390426636,2.6748548722951346,True,0.15940636087208962,167.48548722951347,Positive,Very High,0VqSdtXseb9khdZrnYVyM1,['JJ Lin'],sg,79401,78,3,True,6.687137180737837
931,2754099,2015-08-13,Training,0.2544701099395752,2.673673127936009,True,0.15929388690739846,167.3673127936009,Negative,Very High,49zD0wr2S3d0lZPib0K4e1,['Future'],ca,38590,123,3,True,6.684182819840022
932,4144064,2015-02-01,Training,0.25441157817840576,2.673058144914991,True,0.15923535514622902,167.3058144914991,Negative,Very High,6FFtoM8zFAV2tIutckdOx5,['Gorki'],be,9060,168,3,True,6.682645362287477
933,2823800,2020-04-09,Validation,0.2544002830982208,2.6729394694745805,True,0.1592240600660441,167.29394694745804,Positive,Very High,4JNT4VElmvNmJaQUhwPzg9,['Levante'],it,570749,43,3,True,6.682348673686452
934,1255594,2015-07-09,Training,0.2541396915912628,2.6702014798942426,True,0.15896346855908608,167.02014798942426,Negative,Very High,21BYhl07wWqGRQaj7sUxdV,['Måns Zelmerlöw'],fi,110054,32,3,True,6.675503699735606
935,3278489,2020-05-07,Validation,0.2539544403553009,2.6682550774203886,True,0.15877821732312417,166.82550774203887,Negative,Very High,4zAETLnM4FJA6W3KLNLHeY,['Nerieš'],sk,12075,121,3,True,6.6706376935509715
936,1918120,2022-06-23,Test,0.253946745558695,2.668174229532536,True,0.15877052252651827,166.8174229532536,Negative,Very High,2vHzOWRKYPLu8umRPIFuOq,"['KALUSH', 'Kalush Orchestra']",lt,34903,7,3,True,6.67043557383134
937,3525800,2015-09-17,Training,0.25394657254219055,2.6681724116782557,True,0.15877034951001381,166.81724116782556,Positive,Very High,5NQbUaeTEOGdD6hHcre0dZ,"['Fetty Wap', 'Remy Boyz']",tw,39752,34,3,True,6.6704310291956395
938,3683971,2016-11-24,Training,0.25387057662010193,2.6673739357599273,True,0.1586943535879252,166.73739357599274,Negative,Very High,5aAx2yezTd8zXrkmtKl66Z,"['The Weeknd', 'Daft Punk']",lv,19747,2,3,True,6.6684348393998185
939,5032581,2016-11-24,Training,0.25387057662010193,2.6673739357599273,True,0.1586943535879252,166.73739357599274,Negative,Very High,7MXVkk9YMctZqd1Srtv4MB,"['The Weeknd', 'Daft Punk']",lv,19747,2,3,True,6.6684348393998185
940,2308422,2022-07-07,Test,0.2538123724051587,2.666762394210064,True,0.15863614937298195,166.67623942100641,Negative,Very High,3VT8hOC5vuDXBsHrR53WFh,['Masked Wolf'],ae,9700,193,3,True,6.66690598552516
941,859376,2017-08-03,Training,0.2537653148174286,2.6662679683310904,True,0.15858909178525185,166.62679683310904,Negative,Very High,1NDxZ7cFAo481dtYWdrUnR,"['Maggie Lindemann', 'Cheat Codes', 'CADE']",ie,187763,8,3,True,6.665669920827726
942,3486406,2016-09-08,Training,0.253551185131073,2.6640181450082716,True,0.15837496209889626,166.40181450082716,Negative,Very High,5K88aW0YcTXmmn4ooXzqyz,['Taco Hemingway'],pl,96443,35,3,True,6.660045362520679
943,3200856,2022-03-03,Test,0.2532028941385591,2.660358712206487,True,0.15802667110638238,166.03587122064872,Negative,Very High,4saklk6nie3yiGePpBwUoc,['BTS'],vn,200283,10,3,True,6.650896780516218
944,4972507,2021-03-11,Validation,0.253111869096756,2.6594023279447123,True,0.15793564606457924,165.94023279447123,Positive,Very High,7HxjA4tXsukw2cAkqsTw2r,['Inkonnu'],ma,43918,46,3,True,6.64850581986178
945,2923491,2019-04-04,Training,0.25303247570991516,2.6585681554559177,True,0.15785625267773842,165.8568155455918,Positive,Very High,4SSnFejRGlZikf02HLewEF,['Billie Eilish'],us,9743807,4,3,True,6.646420388639794
946,1712292,2015-07-09,Training,0.252980500459671,2.6580220605533436,True,0.15780427742749428,165.80220605533435,Negative,Very High,2d8JP84HNLKhmd6IYOoupQ,['Fetty Wap'],lt,4582,24,3,True,6.6450551513833584
947,3527906,2015-09-10,Training,0.2529172897338867,2.6573579164659815,True,0.15774106670170998,165.73579164659816,Negative,Very High,5Nbe9vDQ1YJdreVIlhZEpP,"['Sam Smith', 'John Legend']",sg,20756,96,3,True,6.643394791164954
948,5283304,2017-05-25,Training,0.25286442041397095,2.656802427729074,True,0.1576881973817942,165.68024277290738,Negative,Very High,7qiZfU4dY1lWllzX7mPBI3,['Ed Sheeran'],mt,18242,6,3,True,6.642006069322685
949,4284262,2023-04-06,Test,0.25285098366849473,2.6566612501844293,True,0.157674760636318,165.66612501844293,Negative,Very High,6QsetQd65b8nsSBfPPSHvu,"['Manuel', 'Ekhoe']",hu,59468,69,3,True,6.641653125461073
950,3328329,2019-10-10,Validation,0.2527402937412262,2.6554982503958047,True,0.15756407070904946,165.54982503958047,Negative,Very High,53uKGbcMjEc2gIWbfmvpdS,"['Nio Garcia', 'Rauw Alejandro', 'Lenny Tavárez', 'Myke Towers', 'Casper Magico', 'Darell']",co,74558,103,3,True,6.638745625989512
951,1712237,2015-09-17,Training,0.2526944577693939,2.655016659822319,True,0.15751823473721718,165.50166598223188,Negative,Very High,2d8JP84HNLKhmd6IYOoupQ,['Fetty Wap'],is,6687,21,3,True,6.637541649555797
952,654459,2018-12-13,Training,0.2526463568210602,2.654511271535189,True,0.15747013378888344,165.45112715351888,Negative,Very High,116H0KvKr2Zl4RPuVBruDO,"['Bad Bunny', 'Drake']",do,89573,2,3,True,6.636278178837972
953,4751977,2015-07-16,Training,0.25260207056999207,2.6540459636078806,True,0.15742584753781533,165.40459636078805,Negative,Very High,71ywEs45ClmTNRiaJ7YEsr,['Maroon 5'],nz,7118,124,3,True,6.635114909019702
954,3003864,2018-01-04,Training,0.2525010108947754,2.6529841472004096,True,0.15732478786259865,165.29841472004097,Positive,Very High,4aWmUDTfIPGksMNLV2rQP2,"['Luis Fonsi', 'Daddy Yankee']",bg,2816,105,3,True,6.632460368001024
955,2061453,2021-02-18,Validation,0.2524544298648834,2.652494728431646,True,0.15727820683270669,165.2494728431646,Negative,Very High,380HmhwTE2NJgawn1NwkXi,['J Balvin'],sv,28990,70,3,True,6.631236821079115
956,4033090,2016-01-07,Training,0.25217747688293457,2.6495848316830095,True,0.15700125385075783,164.95848316830094,Negative,Very High,66hayvUbTotekKU3H4ta1f,"['Jack Ü', 'Skrillex', 'Diplo', 'Justin Bieber']",gr,8559,27,3,True,6.623962079207524
957,4959446,2015-07-30,Training,0.25184136629104614,2.6460533762293212,True,0.1566651432588694,164.60533762293213,Positive,Very High,7GWU6dQFjYF5YpsAUwZfGq,['Racoon'],nl,23819,183,3,True,6.615133440573303
958,38367,2021-09-02,Test,0.2517027596309157,2.64459706019035,True,0.15652653659873897,164.45970601903502,Negative,Very High,03LfOYi0icz4souspZVVhq,"['Bizarrap', 'Nicky Jam']",py,99403,46,3,True,6.611492650475875
959,3528604,2015-09-17,Training,0.25165343284606934,2.6440787922524676,True,0.1564772098138926,164.40787922524675,Negative,Very High,5NgyiHEXiKPuHVXxFmgBkt,['Angela Chang'],tw,11631,187,3,True,6.610196980631169
960,2351960,2020-01-16,Validation,0.2515864074230194,2.643374567805283,True,0.15641018439084267,164.3374567805283,Negative,Very High,3ZCTVFBt2Brf31RLEnCkWJ,['Billie Eilish'],sk,34622,25,3,True,6.6084364195132075
961,597201,2019-08-29,Validation,0.2513757646083832,2.641161380436364,True,0.15619954157620644,164.1161380436364,Positive,Very High,0u2P5u6lvoDfwTYjAADbn4,"['Billie Eilish', 'Khalid']",in,100010,173,3,True,6.60290345109091
962,817391,2021-02-18,Validation,0.25134432315826416,2.640831030595644,True,0.15616810012608742,164.08310305956442,Positive,Very High,1IIKrJVP1C9N7iPtG6eOsK,"['Chris Brown', 'Young Thug']",gb,398574,131,3,True,6.60207757648911
963,3278488,2020-04-30,Validation,0.25132569670677185,2.640635325713701,True,0.1561494736745951,164.0635325713701,Negative,Very High,4zAETLnM4FJA6W3KLNLHeY,['Nerieš'],sk,13062,98,3,True,6.601588314284252
964,4220225,2022-04-07,Test,0.2513111963190251,2.6404829726649583,True,0.15613497328684836,164.04829726649584,Negative,Very High,6KmAKMya9pOL5RUl0FS46a,['Elisa'],it,475223,96,3,True,6.601207431662396
965,1985579,2015-09-03,Training,0.25117236375808716,2.6390242831255444,True,0.15599614072591042,163.90242831255443,Negative,Very High,32OlwWuMpZ6b0aN2RZOeMS,"['Mark Ronson', 'Bruno Mars']",de,231459,61,3,True,6.5975607078138605
966,3005017,2017-11-09,Training,0.2511095404624939,2.6383642096997266,True,0.15593331743031716,163.83642096997266,Negative,Very High,4aWmUDTfIPGksMNLV2rQP2,"['Luis Fonsi', 'Daddy Yankee']",global,5744433,97,3,True,6.595910524249317
967,4796437,2018-03-22,Training,0.25092610716819763,2.6364369080223504,True,0.1557498841360209,163.64369080223503,Positive,Very High,76WthWB0v0KXUHZoAclMVV,"['Jay Chou', 'Gary Yang']",hk,79634,5,3,True,6.591092270055876
968,634492,2015-09-17,Training,0.2508338391780853,2.6354674643191567,True,0.1556576161459086,163.54674643191566,Negative,Very High,0yS3WAbqrdjr8o3XseOqUK,['Pablo Alborán'],cl,26832,196,3,True,6.588668660797891
969,1660426,2015-08-06,Training,0.25082898139953613,2.6354164244859457,True,0.1556527583673594,163.54164244859456,Positive,Very High,2YlZnw2ikdb837oKMKjBkW,"['Meghan Trainor', 'John Legend']",nl,41103,184,3,True,6.5885410612148645
970,5162954,2022-05-26,Test,0.25064119320414235,2.6334433666211647,True,0.15546497017196562,163.34433666211646,Positive,Very High,7iG17BHNVVEUr5gIiJX2xX,['Lasso'],ve,22796,98,3,True,6.583608416552912
971,1223053,2016-06-16,Training,0.25051349401474,2.632101653477545,True,0.15533727098256325,163.2101653477545,Negative,Very High,1xznGGDReH1oQq0xzbwXa3,"['Drake', 'Wizkid', 'Kyla']",lt,30622,1,3,True,6.580254133693862
972,4354369,2016-03-24,Training,0.2502889037132263,2.629741922293027,True,0.15511268068104958,162.9741922293027,Positive,Very High,6WLS56xiRrXjSm9RSdL3zD,"['Zara Larsson', 'MNEK']",it,125268,54,3,True,6.574354805732567
973,1821849,2017-09-21,Training,0.25024542212486267,2.629285068816619,True,0.15506919909268593,162.9285068816619,Negative,Very High,2nLtzopw4rPReszdYBJU6h,['Linkin Park'],bg,1998,149,3,True,6.573212672041548
974,1082053,2015-09-03,Training,0.2502046525478363,2.6288567099710214,True,0.15502842951565957,162.88567099710212,Positive,Very High,1mSzZKMIPZIkn3jFV7v62b,['Charly Black'],cl,242488,3,3,True,6.5721417749275535
975,4198616,2022-08-18,Test,0.25019579444762663,2.6287636394547995,True,0.1550195714154499,162.87636394547997,Negative,Very High,6JIC3hbC28JZKZ8AlAqX8h,"['Elton John', 'Dua Lipa', 'PNAU']",cl,377703,86,3,True,6.571909098636999
976,763545,2015-09-10,Training,0.24998930096626282,2.6265940484079473,True,0.15481307793408608,162.65940484079474,Positive,Very High,1ClQpnPU9M6mQpXGvhGPvQ,['Daddy Yankee'],hn,7636,30,3,True,6.566485121019868
977,644578,2017-09-21,Training,0.24998842179775238,2.6265848111375196,True,0.15481219876557564,162.65848111375198,Negative,Very High,104buTcnP2AsxqB7U1FIZ4,"['Linkin Park', 'Kiiara']",at,18796,124,3,True,6.566462027843799
978,5193525,2018-02-01,Training,0.2498500645160675,2.6251311152744456,True,0.15467384148389077,162.51311152744455,Negative,Very High,7krbSH3rd8lhIZvuzTV3Bl,['James Arthur'],global,6399537,96,3,True,6.562827788186114
979,1826476,2019-08-15,Validation,0.24971051514148712,2.6236648942989276,True,0.15453429210931038,162.36648942989277,Negative,Very High,2noHL0PeH7WjRSLBjWxU4Q,"['No.1', 'Melek Mosso']",tr,168479,113,3,True,6.559162235747319
980,3653554,2017-07-13,Training,0.2495710551738739,2.6221996127068423,True,0.15439483214169716,162.21996127068422,Negative,Very High,5YCqzqb6yN6TsMOHb4FSVw,['Kristian Kostov'],bg,1675,199,3,True,6.555499031767106
981,874432,2015-09-17,Training,0.24947825074195862,2.621224532703049,True,0.15430202770978188,162.1224532703049,Negative,Very High,1PTqbs9FV8hSJCS7OOF5OC,"['Pia Mia', 'Chris Brown', 'Tyga']",us,1084580,71,3,True,6.553061331757623
982,1330877,2015-09-17,Training,0.2494429051876068,2.6208531631190732,True,0.15426668215543007,162.08531631190732,Negative,Very High,26rdOwwjC2UnweK3xeS58u,"['Flo Rida', 'Sage The Gemini', 'Lookas']",uy,2426,184,3,True,6.552132907797683
983,3683788,2016-11-24,Training,0.24936611950397491,2.620046389313751,True,0.15418989647179818,162.0046389313751,Negative,Very High,5aAx2yezTd8zXrkmtKl66Z,"['The Weeknd', 'Daft Punk']",lt,20776,1,3,True,6.5501159732843774
984,5032355,2016-11-24,Training,0.24936611950397491,2.620046389313751,True,0.15418989647179818,162.0046389313751,Negative,Very High,7MXVkk9YMctZqd1Srtv4MB,"['The Weeknd', 'Daft Punk']",lt,20776,1,3,True,6.5501159732843774
985,302222,2015-09-10,Training,0.24932223558425903,2.6195853086118928,True,0.1541460125520823,161.95853086118927,Positive,Very High,0TDLuuLlV54CkRRUOahJb4,"['David Guetta', 'Sia']",sg,13755,168,3,True,6.548963271529732
986,3394936,2016-06-30,Training,0.24928277730941772,2.6191707273899842,True,0.154106554277241,161.91707273899843,Negative,Very High,5AKlnLpP3WLwZseNbjquND,"['Ariana Grande', 'Lil Wayne']",gr,3444,112,3,True,6.547926818474961
987,4290193,2017-04-27,Training,0.24922800064086914,2.618595198473166,True,0.1540517776086924,161.8595198473166,Negative,Very High,6RUKPb4LETWmmr3iAEQktW,"['The Chainsmokers', 'Coldplay']",cz,73920,2,3,True,6.546487996182915
988,2349222,2020-01-16,Validation,0.2492057830095291,2.618361761689984,True,0.15402955997735238,161.8361761689984,Positive,Very High,3ZCTVFBt2Brf31RLEnCkWJ,['Billie Eilish'],at,109031,26,3,True,6.54590440422496
989,5189094,2019-10-24,Validation,0.24912719428539276,2.6175360436520894,True,0.15395097125321602,161.75360436520893,Negative,Very High,7kQMPnMzK1bykUxmF4QXbV,['Miami Yacine'],at,40082,108,3,True,6.543840109130223
990,511239,2013-09-08,Training,0.24912431836128235,2.6175058268183173,True,0.1539480953291056,161.75058268183173,Positive,Very High,0nrRP2bk19rLc0orkWPQk2,['Avicii'],ie,23785,1,3,True,6.543764567045793
991,4764803,2019-06-27,Validation,0.24907873570919037,2.617026897831226,True,0.15390251267701363,161.7026897831226,Negative,Very High,73Ec1iE2MDm6Y16Tq2Rz8O,['Adamlar'],tr,505842,19,3,True,6.5425672445780645
992,1983836,2019-02-21,Training,0.24905355274677277,2.616762304830839,True,0.15387732971459603,161.67623048308388,Negative,Very High,32KaEzzoNXtjTyMT55ZT7y,"['Architrackz', 'CHO', 'Equalz', 'Mula B']",nl,220731,141,3,True,6.541905762077097
993,4572266,2017-07-06,Training,0.2490108162164688,2.6163132795497086,True,0.15383459318429207,161.63132795497086,Negative,Very High,6mzF8HvHdVrzJNd8M1uFCS,['Crush'],ph,161714,145,3,True,6.540783198874271
994,2117942,2022-12-08,Test,0.2490011794317171,2.6162120275306147,True,0.15382495639954036,161.62120275306145,Positive,Very High,3CsYuAe0Oi7t9w1jxWfHob,['Kaho Hung'],hk,71916,39,3,True,6.540530068826537
995,68462,2022-10-20,Test,0.2489304964094941,2.6154693733259076,True,0.15375427337731737,161.54693733259074,Negative,Very High,05tLudzJAr4iHnDiWWdA59,['Thrife'],se,632358,11,3,True,6.538673433314769
996,542182,2022-03-31,Test,0.2487468576238227,2.61353991258644,True,0.15357063459164597,161.35399125864402,Negative,Very High,0qELCtMR31qphCvyVq9Vua,['T. Danny'],hu,52512,38,3,True,6.5338497814661
997,3681957,2016-11-24,Training,0.24858126044273376,2.6118000118442875,True,0.15340503741055703,161.18000118442873,Negative,Very High,5aAx2yezTd8zXrkmtKl66Z,"['The Weeknd', 'Daft Punk']",ch,132729,2,3,True,6.529500029610719
998,5030120,2016-11-24,Training,0.24858126044273376,2.6118000118442875,True,0.15340503741055703,161.18000118442873,Negative,Very High,7MXVkk9YMctZqd1Srtv4MB,"['The Weeknd', 'Daft Punk']",ch,132729,2,3,True,6.529500029610719
999,2905470,2014-01-12,Training,0.24857079982757568,2.611690103982588,True,0.15339457679539895,161.16901039825882,Negative,Very High,4RXpgGM7A4Hg7cFBoH5KyF,['Avicii'],fr,104043,6,3,True,6.529225259956471
1000,737000,2015-09-10,Training,0.24841463565826416,2.6100493142523766,True,0.15323841262608742,161.00493142523766,Positive,Very High,190kU2WKyIzx9XaBjfWRPk,['JJ Lin'],tw,11588,180,3,True,6.525123285630942
1001,343462,2017-09-14,Training,0.24830284714698792,2.6088747718329066,True,0.15312662411481118,160.88747718329066,Negative,Very High,0XLOf9LhyazPX9Ld8jPiUq,"['Selena Gomez', 'Gucci Mane']",mt,4683,51,3,True,6.522186929582267
1002,3835692,2021-03-18,Validation,0.24828100204467773,2.6086452491473637,True,0.153104779012501,160.86452491473636,Positive,Very High,5nujrmhLynf4yMoMtj8AQF,"['Dua Lipa', 'DaBaby']",ma,14632,171,3,True,6.521613122868409
1003,3989442,2019-08-08,Validation,0.24809955060482025,2.606738770469426,True,0.1529233275726435,160.6738770469426,Positive,Very High,624AL3EwsrgGIp6bdwmXgo,"['Duki', 'KHEA']",uy,20611,78,3,True,6.5168469261735655
1004,4910500,2017-04-06,Training,0.247996985912323,2.605661141107494,True,0.15282076288014626,160.56611411074942,Negative,Very High,7DRP2VOMpy1rrk3iYFLCW9,"['DENNIS', 'MC Nandinho', 'Nego Bam']",py,21162,42,3,True,6.514152852768735
1005,2471286,2015-09-10,Training,0.24787455797195435,2.604374812059458,True,0.1526983349397776,160.4374812059458,Positive,Very High,3ip2477VESffCtFkPFT0ov,"['Gente De Zona', 'Marc Anthony']",do,9114,38,3,True,6.510937030148645
1006,3034498,2020-07-16,Validation,0.2478564828634262,2.6041849000420205,True,0.15268025983124947,160.41849000420206,Negative,Very High,4dZsxlUWfHgpmIKIGQy9kR,['SNIK'],gr,31431,90,3,True,6.510462250105052
1007,1883355,2016-11-10,Training,0.2478112429380417,2.6037095720247567,True,0.15263501990586495,160.37095720247567,Negative,Very High,2sNvitW3TxiTeC9xT9f2ZZ,"['Kygo', 'Conrad Sewell']",sg,23997,157,3,True,6.509273930061892
1008,4443112,2018-04-12,Training,0.24780957400798798,2.6036920368673346,True,0.15263335097581124,160.36920368673347,Negative,Very High,6d3sJyECf0XccpnosXyxT7,"['Ermal Meta', 'Fabrizio Moro']",it,467134,44,3,True,6.509230092168337
1009,3721604,2015-09-10,Training,0.2476818561553955,2.6023501276328265,True,0.15250563312321877,160.23501276328264,Negative,Very High,5eWgDlp3k6Tb5RD8690s6I,['Maroon 5'],bo,6684,12,3,True,6.505875319082066
1010,2285287,2017-04-13,Training,0.24764187633991241,2.6019300666742238,True,0.15246565330773568,160.19300666742237,Negative,Very High,3TygxF9PiIiiyL97jSH6JL,['Fiorella Mannoia'],it,107397,111,3,True,6.50482516668556
1011,5384363,2015-07-23,Training,0.24764123558998108,2.601923334426285,True,0.15246501255780434,160.19233344262852,Positive,Very High,7xBWOrE5vHJi9fdfcXIy9Z,"['Louane', 'Tristan Salvati']",be,10291,163,3,True,6.504808336065713
1012,5409125,2015-07-02,Training,0.2476252168416977,2.6017550282278137,True,0.15244899380952096,160.17550282278137,Positive,Very High,7yq4Qj7cqayVTp3FF9CWbm,['Vance Joy'],my,10394,115,3,True,6.504387570569534
1013,2423998,2018-10-25,Training,0.24761264026165009,2.601622888291526,True,0.15243641722947335,160.1622888291526,Negative,Very High,3ee8Jmje8o58CHK66QrVC2,['XXXTENTACION'],ca,600111,33,3,True,6.504057220728815
1014,2351616,2020-01-16,Validation,0.24756725132465363,2.6011459946352065,True,0.1523910282924769,160.11459946352065,Positive,Very High,3ZCTVFBt2Brf31RLEnCkWJ,['Billie Eilish'],pt,135317,20,3,True,6.502864986588016
1015,1933916,2015-10-01,Training,0.24740849435329437,2.5994779627854285,True,0.15223227132111763,159.94779627854285,Negative,Very High,2wkkIIpStIybMcEkAGGEEA,"['Morgan Sulele', 'Katastrofe']",no,49436,172,3,True,6.498694906963571
1016,3527705,2015-09-24,Training,0.24735216796398163,2.5988861512224326,True,0.1521759449318049,159.88861512224327,Positive,Very High,5Nbe9vDQ1YJdreVIlhZEpP,"['Sam Smith', 'John Legend']",my,16586,76,3,True,6.497215378056081
1017,4009415,2021-12-23,Test,0.2473028338281618,2.5983678060491515,True,0.15212661079598505,159.83678060491516,Positive,Very High,63VOJDNJ3a5dve74kzWVcF,['Patrickananda'],th,377463,5,3,True,6.495919515122878
1018,3776520,2014-04-06,Training,0.24729806184768677,2.5983176676813637,True,0.15212183881551003,159.83176676813636,Positive,Very High,5jrdCoLpJSvHHorevXBATy,"['Katy Perry', 'Juicy J']",cr,7667,1,3,True,6.49579416920341
1019,4959445,2015-07-23,Training,0.24728921055793762,2.5982246687214645,True,0.15211298752576088,159.82246687214646,Positive,Very High,7GWU6dQFjYF5YpsAUwZfGq,['Racoon'],nl,5941,230,3,True,6.495561671803661
1020,2522691,2022-04-07,Test,0.2472777319086846,2.598104064552825,True,0.15210150887650786,159.8104064552825,Negative,Very High,3pC3gQ9YLBBVDgjzPdbF08,['Aka 7even'],it,462079,98,3,True,6.495260161382062
1021,38176,2021-09-02,Test,0.24718115929223022,2.597089392890327,True,0.15200493626005349,159.70893928903268,Negative,Very High,03LfOYi0icz4souspZVVhq,"['Bizarrap', 'Nicky Jam']",bo,31006,79,3,True,6.492723482225817
1022,4154853,2015-09-10,Training,0.24717967212200165,2.5970737674517332,True,0.1520034490898249,159.70737674517332,Positive,Very High,6GRDI9suQHikFP6euIXnpq,['Family of the Year'],tr,13183,130,3,True,6.492684418629333
1023,949678,2021-01-07,Validation,0.2469957321882248,2.595141142601568,True,0.15181950915604805,159.5141142601568,Negative,Very High,1YSjp4pscPTOHaw2lyKVTA,"['Pezet', 'Kayah']",pl,225680,50,3,True,6.4878528565039195
1024,1918123,2022-07-14,Test,0.24696827374767982,2.594852641548782,True,0.15179205071550309,159.4852641548782,Negative,Very High,2vHzOWRKYPLu8umRPIFuOq,"['KALUSH', 'Kalush Orchestra']",lt,19700,25,3,True,6.487131603871955
1025,4732201,2019-10-31,Validation,0.24689191579818726,2.5940503618715693,True,0.15171569276601052,159.40503618715692,Negative,Very High,70SyyW2Z1A5UNY3g8bPo5I,"['Ngô Kiến Huy', 'Masew']",vn,61756,20,3,True,6.485125904678924
1026,4319230,2023-02-23,Test,0.2467166620092713,2.5922090008327237,True,0.15154043897709457,159.22090008327237,Negative,Very High,6TYFXyFTDZ6qwFPuBJfWpK,"['Emma Steinbakken', 'Hver gang vi møtes']",no,910180,2,3,True,6.48052250208181
1027,1223940,2016-06-16,Training,0.2465187907218933,2.5901300016764837,True,0.15134256768971657,159.01300016764836,Negative,Very High,1xznGGDReH1oQq0xzbwXa3,"['Drake', 'Wizkid', 'Kyla']",nz,320778,1,3,True,6.475325004191209
1028,756011,2015-09-10,Training,0.246269091963768,2.587506460311106,True,0.15109286893159127,158.7506460311106,Positive,Very High,1BygxKyZjq2xjQiFMkSFGp,['Plan B'],pa,7905,29,3,True,6.468766150777765
1029,4287152,2019-12-12,Validation,0.2461598962545395,2.5863591600112024,True,0.15098367322236275,158.63591600112022,Negative,Very High,6RKVbvilqMVJxWgMyoQ3jT,['Frenna'],nl,217558,172,3,True,6.465897900028006
1030,3959807,2015-07-02,Training,0.24612347781658173,2.585976517826027,True,0.150947254784405,158.5976517826027,Negative,Very High,5yjA8BscTvoceGWY2P1I8F,['Ricky Martin'],cl,2952,243,3,True,6.464941294565067
1031,1994231,2015-07-23,Training,0.2461191862821579,2.5859314274212273,True,0.15094296324998116,158.59314274212272,Positive,Very High,32lm3769IRfcnrQV11LO4E,"['Enrique Iglesias', 'Descemer Bueno', 'Gente De Zona']",pt,17581,64,3,True,6.464828568553068
1032,5351742,2016-07-14,Training,0.2460186779499054,2.584875403878262,True,0.15084245491772866,158.48754038782621,Negative,Very High,7vfWgVGiLgnGbInU5lvSQg,"['Mike Posner', 'Seeb']",gr,21535,9,3,True,6.462188509695656
1033,3332576,2021-08-05,Test,0.24593635556653937,2.584010456933076,True,0.15076013253436263,158.4010456933076,Negative,Very High,54OBgO0Xwu20Jak9TMXbR7,['Nathan Evans'],ch,63417,78,3,True,6.46002614233269
1034,4421077,2015-09-17,Training,0.24567890167236328,2.5813054337038075,True,0.15050267864018654,158.13054337038074,Positive,Very High,6bJ1rkeKujVpRPIwJjq6e0,"['Anna Naklab', 'Alle Farben', 'YouNotUs']",nl,48951,175,3,True,6.453263584259519
1035,3636074,2015-09-03,Training,0.24565832316875458,2.5810892189502366,True,0.15048210013657784,158.10892189502366,Positive,Very High,5WQ1hIc5d2EVbRQ8qsj8Uh,['Outkast'],pt,8396,157,3,True,6.452723047375591
1036,1607310,2020-10-08,Validation,0.24557341635227203,2.580197117816387,True,0.1503971933200953,158.0197117816387,Negative,Very High,2U5WueTLIK5WJLD7mvDODv,['Juice WRLD'],au,552191,32,3,True,6.450492794540967
1037,3682806,2016-11-24,Training,0.245242178440094,2.576716858759815,True,0.15006595540791726,157.6716858759815,Negative,Very High,5aAx2yezTd8zXrkmtKl66Z,"['The Weeknd', 'Daft Punk']",fr,551572,4,3,True,6.441792146899537
1038,5031135,2016-11-24,Training,0.245242178440094,2.576716858759815,True,0.15006595540791726,157.6716858759815,Negative,Very High,7MXVkk9YMctZqd1Srtv4MB,"['The Weeknd', 'Daft Punk']",fr,551572,4,3,True,6.441792146899537
1039,4292393,2017-04-27,Training,0.24488428235054016,2.572956506876206,True,0.14970805931836342,157.2956506876206,Positive,Very High,6RUKPb4LETWmmr3iAEQktW,"['The Chainsmokers', 'Coldplay']",lu,12109,5,3,True,6.432391267190515
1040,4169740,2015-07-23,Training,0.24476692080497742,2.5717234095560584,True,0.14959069777280068,157.17234095560585,Negative,Very High,6HTJZ0TQJVMSKkUGzAOe2h,"['Matoma', 'The Notorious B.I.G.', 'Ja Rule', 'Ralph Tresvant']",mx,19214,246,3,True,6.429308523890146
1041,2313955,2022-03-31,Test,0.24464153527091032,2.5704060055861118,True,0.14946531223873358,157.04060055861117,Negative,Very High,3Vi5XqYrmQgOYBajMWSvCi,['Doja Cat'],gb,490449,103,3,True,6.426015013965279
1042,3205372,2019-06-27,Validation,0.2442191243171692,2.5659678072600625,True,0.14904290128499245,156.59678072600624,Negative,Very High,4szQkW1CDHqbRZGltXJdd3,['Mahmood'],ch,114175,29,3,True,6.414919518150156
1043,2912227,2016-11-24,Training,0.24411553144454956,2.564879374988647,True,0.14893930841237282,156.4879374988647,Negative,Very High,4RlWqAjKp9OcLaY49FtBEZ,['Jul'],fr,421234,19,3,True,6.412198437471618
1044,4202237,2022-08-18,Test,0.24401916808847707,2.5638669019885376,True,0.14884294505630033,156.38669019885376,Positive,Very High,6JIC3hbC28JZKZ8AlAqX8h,"['Elton John', 'Dua Lipa', 'PNAU']",uy,29944,85,3,True,6.409667254971344
1045,5205047,2021-03-25,Validation,0.24398739635944366,2.563533081964784,True,0.14881117332726693,156.3533081964784,Negative,Very High,7lpDKDfOkSlse5fDZ1s37L,"['Inkonnu', 'Hindi Zahra']",ma,44260,39,3,True,6.40883270491196
1046,1255596,2015-07-23,Training,0.2439359873533249,2.5629929364906205,True,0.14875976432114815,156.29929364906207,Positive,Very High,21BYhl07wWqGRQaj7sUxdV,['Måns Zelmerlöw'],fi,82894,54,3,True,6.407482341226551
1047,1222627,2016-06-16,Training,0.24390198290348053,2.562635657658145,True,0.1487257598713038,156.26356576581452,Negative,Very High,1xznGGDReH1oQq0xzbwXa3,"['Drake', 'Wizkid', 'Kyla']",ie,255225,1,3,True,6.406589144145363
1048,2351348,2020-01-16,Validation,0.24387425184249878,2.5623442922299082,True,0.14869802881032204,156.23442922299083,Positive,Very High,3ZCTVFBt2Brf31RLEnCkWJ,['Billie Eilish'],nl,1067977,11,3,True,6.405860730574771
1049,4292487,2017-04-27,Training,0.24385541677474976,2.5621463954532873,True,0.14867919374257302,156.21463954532874,Negative,Very High,6RUKPb4LETWmmr3iAEQktW,"['The Chainsmokers', 'Coldplay']",lv,21673,3,3,True,6.405365988633218
1050,4810565,2021-05-06,Validation,0.24369797110557556,2.560492141227198,True,0.14852174807339882,156.0492141227198,Negative,Very High,776AftMmFFAWUIEAb3lHhw,['Måneskin'],it,1033324,31,3,True,6.401230353067994
1051,5157418,2021-12-16,Test,0.24368215328649687,2.5603259461568877,True,0.14850593025432013,156.03259461568877,Positive,Very High,7hynhxDoDpgMIV12JuVtNa,"['J Balvin', 'Bad Bunny', 'Marciano Cantero']",ni,9693,120,3,True,6.400814865392219
1052,5030465,2022-08-18,Test,0.2435069238492186,2.558484840976458,True,0.14833070081704186,155.84848409764578,Positive,Very High,7MXVkk9YMctZqd1Srtv4MB,"['The Weeknd', 'Daft Punk']",cy,6447,81,3,True,6.396212102441145
1053,1082258,2015-08-20,Training,0.2434556633234024,2.5579462555589756,True,0.14827944029122567,155.79462555589757,Negative,Very High,1mSzZKMIPZIkn3jFV7v62b,['Charly Black'],cr,33599,8,3,True,6.394865638897439
1054,4361166,2018-06-21,Training,0.24343560636043549,2.557735520542099,True,0.14825938332825875,155.7735520542099,Negative,Very High,6WbADFqMvR8N5u0BvtsWQE,"['Avicii', 'Sandro Cavazza']",vn,6044,140,3,True,6.394338801355247
1055,4381956,2016-07-07,Training,0.24342933297157288,2.5576696071378606,True,0.14825310993939614,155.76696071378606,Negative,Very High,6YZdkObH88npeKrrkb8Ggf,"['Enrique Iglesias', 'Wisin']",ad,1302,2,3,True,6.394174017844652
1056,4669188,2015-07-16,Training,0.24322621524333954,2.5555354845412466,True,0.1480499922111628,155.55354845412467,Negative,Very High,6ukMqDxnOPOgoHdak7Kyp3,"['Charlie Puth', 'Meghan Trainor']",sg,19564,32,3,True,6.388838711353117
1057,294180,2023-02-16,Test,0.2431634361020149,2.5548758750366396,True,0.14798721306983817,155.48758750366397,Negative,Very High,0Sfn2TYbpQtCGMBf6C0Y6T,"['Quevedo', 'Myke Towers']",es,3797553,4,3,True,6.387189687591599
1058,2351060,2020-01-16,Validation,0.24304795265197754,2.5536625105390978,True,0.1478717296198008,155.36625105390976,Positive,Very High,3ZCTVFBt2Brf31RLEnCkWJ,['Billie Eilish'],lv,29292,3,3,True,6.384156276347745
1059,4109240,2015-09-17,Training,0.2430170625448227,2.5533379535628833,True,0.14784083951264596,155.33379535628833,Positive,Very High,6DUdDIRgLqCGq1DwkNWQTN,['Maluma'],ar,56511,88,3,True,6.383344883907208
1060,3682576,2016-11-24,Training,0.24289579689502716,2.5520638364994803,True,0.14771957386285042,155.20638364994804,Negative,Very High,5aAx2yezTd8zXrkmtKl66Z,"['The Weeknd', 'Daft Punk']",ee,20229,2,3,True,6.380159591248701
1061,5030844,2016-11-24,Training,0.24289579689502716,2.5520638364994803,True,0.14771957386285042,155.20638364994804,Negative,Very High,7MXVkk9YMctZqd1Srtv4MB,"['The Weeknd', 'Daft Punk']",ee,20229,2,3,True,6.380159591248701
1062,1190897,2022-08-18,Test,0.24287689515205618,2.551865239177914,True,0.14770067211987944,155.18652391779142,Negative,Very High,1v7L65Lzy0j0vdpRjJewt1,['Eminem'],lu,3457,146,3,True,6.3796630979447855
1063,4162449,2015-07-23,Training,0.24285316467285156,2.5516159071656888,True,0.14767694164067482,155.16159071656887,Positive,Very High,6HFbq7cewJ7rPiffV0ciil,['Coldplay'],cr,9768,80,3,True,6.379039767914222
1064,1178288,2015-07-16,Training,0.24256816506385803,2.5486214659080524,True,0.1473919420316813,154.86214659080525,Negative,Very High,1u6LOWtdWA2wwa3CryIBsS,"['Armin van Buuren', 'Mr. Probz']",hk,1018,140,3,True,6.371553664770131
1065,4069954,2015-07-30,Training,0.24254967272281647,2.5484271701012595,True,0.14737344969063973,154.84271701012597,Negative,Very High,69uKYDeTWn1wFssqP6OZjb,['Luan Santana'],br,106037,39,3,True,6.371067925253149
1066,4618901,2015-07-16,Training,0.24242687225341797,2.5471369269555844,True,0.14725064922124123,154.71369269555845,Negative,Very High,6qC8Jj1XOxknPm8N7EbzKX,['Jessie J'],gb,269536,37,3,True,6.367842317388961
1067,3206121,2022-05-12,Test,0.24240427721366123,2.5468995248078956,True,0.1472280541814845,154.68995248078957,Positive,Very High,4t3gM4Rl5rz5du0Qn2Yd8K,['Systur'],is,32759,3,3,True,6.367248812019739
1068,763390,2016-08-18,Training,0.24238480627536774,2.546694947050204,True,0.147208583243191,154.6694947050204,Positive,Very High,1ClQpnPU9M6mQpXGvhGPvQ,['Daddy Yankee'],ec,8181,193,3,True,6.36673736762551
1069,314033,2020-01-16,Validation,0.24208864569664001,2.5435832394273072,True,0.14691242266446328,154.35832394273072,Negative,Very High,0UuqwLM3UFmwcXSJgfFHvr,"['thasup', 'Nayt']",it,550471,70,3,True,6.358958098568268
1070,2937870,2018-08-30,Training,0.24193979799747467,2.542019322574723,True,0.14676357496529793,154.20193225747232,Negative,Very High,4UKCKdYiLN6IMA5ZESUTL7,['XXXTENTACION'],nz,48439,117,3,True,6.355048306436808
1071,3721606,2015-09-24,Training,0.24192045629024506,2.5418161026253134,True,0.14674423325806832,154.18161026253134,Positive,Very High,5eWgDlp3k6Tb5RD8690s6I,['Maroon 5'],bo,6640,14,3,True,6.354540256563284
1072,4838355,2017-06-22,Training,0.241914764046669,2.5417562952133914,True,0.14673854101449227,154.17562952133915,Negative,Very High,79cuOz3SPQTuFrp8WgftAu,['Shawn Mendes'],hu,48581,13,3,True,6.354390738033478
1073,4404690,2015-07-09,Training,0.24187013506889343,2.5412873863162555,True,0.1466939120367167,154.12873863162554,Negative,Very High,6Zo3wgDE076K2AuiGZF3CS,"['Pitbull', 'Chris Brown']",es,116837,69,3,True,6.353218465790639
1074,2396460,2015-07-30,Training,0.24167267978191376,2.5392127580037522,True,0.14649645674973702,153.9212758003752,Positive,Very High,3dEFa9KjOLEZl980ctEEv1,['Florence + The Machine'],at,1090,121,3,True,6.348031895009381
1075,3608502,2020-03-26,Validation,0.241463765501976,2.537017732047878,True,0.14628754246979928,153.7017732047878,Negative,Very High,5TXxwRgdIS4gPjUtKwTuSb,['THE ROOP'],lt,32750,2,3,True,6.342544330119695
1076,2922130,2019-04-04,Training,0.24137985706329346,2.5361361206957,True,0.14620363403111672,153.61361206957,Positive,Very High,4SSnFejRGlZikf02HLewEF,['Billie Eilish'],global,27393218,5,3,True,6.34034030173925
1077,2013955,2015-01-11,Training,0.2413068264722824,2.5353688009945774,True,0.14613060344010567,153.53688009945773,Positive,Very High,34gCuhDGsG4bRPIf9bb02f,['Ed Sheeran'],cy,2235,1,3,True,6.3384220024864435
1078,2967925,2015-07-16,Training,0.24113211035728455,2.5335330892019505,True,0.1459558873251078,153.35330892019505,Negative,Very High,4WjH9Bzt3kx7z8kl0awxh4,"['Major Lazer', 'MØ', 'DJ Snake']",py,7698,1,3,True,6.3338327230048765
1079,4689430,2022-08-04,Test,0.24105134835188033,2.532684536876262,True,0.1458751253197036,153.2684536876262,Negative,Very High,6w8yBI2vthyN9UnwO4UBWb,"['Tiago PZK', 'LIT killah']",cr,40276,106,3,True,6.331711342190655
1080,1576547,2019-01-10,Training,0.24099783599376678,2.5321222918489985,True,0.14582161296159005,153.21222918489985,Positive,Very High,2RSHsoi04658QL5xgQVov3,['Imagine Dragons'],cz,58983,11,3,True,6.330305729622497
1081,3831655,2015-07-23,Training,0.24088825285434723,2.53097092088755,True,0.1457120298221705,153.097092088755,Positive,Very High,5ntbENj4mD1JanFRqWztSr,"['Don Omar', 'Natti Natasha']",ar,31326,154,3,True,6.327427302218876
1082,4293859,2017-04-27,Training,0.2408808320760727,2.530892952062584,True,0.14570460904389596,153.0892952062584,Negative,Very High,6RUKPb4LETWmmr3iAEQktW,"['The Chainsmokers', 'Coldplay']",sg,405973,1,3,True,6.32723238015646
1083,1125397,2020-07-30,Validation,0.240842804312706,2.530493400975609,True,0.14566658128052926,153.0493400975609,Negative,Very High,1qCmZnC1FUpNgOydIzqIPC,['Tones And I'],no,168110,51,3,True,6.326233502439022
1084,38340,2021-09-02,Test,0.24077247110385264,2.529754422199055,True,0.1455962480716759,152.9754422199055,Negative,Very High,03LfOYi0icz4souspZVVhq,"['Bizarrap', 'Nicky Jam']",pa,13304,156,3,True,6.324386055497637
1085,205331,2018-07-19,Training,0.24076595902442932,2.5296860009146642,True,0.14558973599225258,152.9686000914664,Negative,Very High,0JP9xo3adEtGSdUEISiszL,['XXXTENTACION'],be,141750,17,3,True,6.32421500228666
1086,1074211,2016-07-14,Training,0.2406570464372635,2.528541675328966,True,0.14548082340508675,152.85416753289658,Positive,Very High,1lzRxwbdl86iJlYMz48KoD,['Amir'],lt,2450,129,3,True,6.321354188322415
1087,4095900,2018-03-22,Training,0.24061432480812073,2.528092806611741,True,0.145438101775944,152.80928066117409,Positive,Very High,6CQ5WvprBENUd53lv9UzAh,['CHEMISTRY'],jp,58667,67,3,True,6.320232016529353
1088,1215165,2021-04-01,Validation,0.24039489030838013,2.525787246538545,True,0.1452186672762034,152.5787246538545,Negative,Very High,1xXQCSt0xkfeGhe18ey2p8,"['Bizarrap', 'YSY A']",uy,24417,83,3,True,6.3144681163463625
1089,4291286,2017-04-27,Training,0.24026057124137878,2.5243759794938763,True,0.14508434820920205,152.43759794938762,Negative,Very High,6RUKPb4LETWmmr3iAEQktW,"['The Chainsmokers', 'Coldplay']",hk,130976,1,3,True,6.31093994873469
1090,4485567,2015-09-24,Training,0.24006669223308563,2.522338926518706,True,0.1448904692009089,152.2338926518706,Negative,Very High,6fxVffaTuwjgEk5h9QyRjy,['Ed Sheeran'],sk,5937,18,3,True,6.305847316296766
1091,4781444,2017-12-28,Training,0.2398463785648346,2.5200241291750825,True,0.14467015553265786,152.00241291750825,Negative,Very High,75JFxkI2RXiU7L9VXzMkle,['Coldplay'],bo,5954,147,3,True,6.300060322937706
1092,2356866,2020-02-13,Validation,0.23983760178089142,2.5199319130347106,True,0.14466137874871468,151.99319130347106,Negative,Very High,3ZjytV5BojgvkPnXdY5zV2,['Mata'],pl,629596,5,3,True,6.299829782586777
1093,5188623,2019-01-03,Training,0.23971641063690186,2.5186585787908355,True,0.14454018760472512,151.86585787908356,Negative,Very High,7kK2m2KDEL0W8oFq6fuOcf,['Salmo'],it,594028,44,3,True,6.296646446977089
1094,2492596,2015-09-10,Training,0.23968957364559174,2.518376607196932,True,0.144513350613415,151.8376607196932,Negative,Very High,3kwqNLXvsjSrIXbVsRBj8q,['Jay Chou'],tw,12383,160,3,True,6.295941517992329
1095,302224,2015-09-24,Training,0.2396020144224167,2.5174566376878933,True,0.14442579139023995,151.74566376878934,Positive,Very High,0TDLuuLlV54CkRRUOahJb4,"['David Guetta', 'Sia']",sg,12755,173,3,True,6.293641594219733
1096,2728018,2021-05-27,Test,0.23956809529381992,2.517100255310907,True,0.14439187226164318,151.7100255310907,Negative,Very High,46wDG6evLn2iPoQ0F8CUWk,['IU'],kr,10557,132,3,True,6.292750638277268
1097,907786,2022-08-18,Test,0.23947428682327412,2.516114626048081,True,0.1442980637910974,151.61146260480808,Positive,Very High,1UDGkY3eLCkufBwagAk2NT,"['ReTo', 'Kubi Producent']",pl,219611,172,3,True,6.290286565120202
1098,2399324,2017-09-28,Training,0.23938076198101044,2.5151319768182194,True,0.1442045389488337,151.51319768182194,Negative,Very High,3dQDid3IUNhZy1OehIfYfE,['Wisin'],py,13265,71,3,True,6.287829942045549
1099,1315392,2015-10-01,Training,0.23933805525302887,2.5146832646649004,True,0.14416183222085213,151.46832646649005,Positive,Very High,25khomWgBVamSdKw7hzm3l,['The Weeknd'],my,69223,13,3,True,6.286708161662251
1100,5115900,2015-10-01,Training,0.23933805525302887,2.5146832646649004,True,0.14416183222085213,151.46832646649005,Positive,Very High,7fBv7CLKzipRk6EC6TWHOB,['The Weeknd'],my,69223,13,3,True,6.286708161662251
1101,565620,2020-07-30,Validation,0.23932231962680817,2.5145179331806347,True,0.14414609659463143,151.45179331806347,Negative,Very High,0sbY18dY1p2pi0Le86x4gb,"['Chamaco', 'Boza']",pa,12721,142,3,True,6.286294832951587
1102,4707957,2022-01-27,Test,0.23926076423748116,2.513871181425144,True,0.14408454120530442,151.38711814251442,Negative,Very High,6y6EZKfsOZ7P3ALbnUuXik,['Duki'],ar,320233,106,3,True,6.284677953562861
1103,1391908,2023-04-06,Test,0.2392199885446076,2.5134427583214056,True,0.14404376551243087,151.34427583214057,Negative,Very High,2BAmnTI9arntwH5BRP3EZx,['Manuel'],hu,85508,38,3,True,6.283606895803514
1104,1164331,2022-08-18,Test,0.2392076149912593,2.513312751551289,True,0.14403139195908257,151.3312751551289,Positive,Very High,1sbNEFiURUYfy024cJX8JG,['Feid'],bo,48182,65,3,True,6.283281878878223
1105,1222512,2016-06-16,Training,0.23919402062892914,2.51316991795381,True,0.1440177975967524,151.31699179538097,Negative,Very High,1xznGGDReH1oQq0xzbwXa3,"['Drake', 'Wizkid', 'Kyla']",hu,52289,3,3,True,6.282924794884525
1106,5360695,2018-07-05,Training,0.23918649554252625,2.513090853181505,True,0.1440102725103495,151.3090853181505,Negative,Very High,7vuTcvFnvlqWlWb4u60nvY,['Netta'],is,5308,178,3,True,6.282727132953763
1107,4391149,2015-08-13,Training,0.2391771674156189,2.512992844176628,True,0.14400094438344216,151.2992844176628,Positive,Very High,6Z8R6UsFuGXGtiIxiD8ISb,['Capital Cities'],ca,29489,190,3,True,6.28248211044157
1108,4683788,2018-07-05,Training,0.2390105128288269,2.5112418334569058,True,0.14383428979665017,151.12418334569057,Negative,Very High,6vRFYuiw07EPyNQbgKBauX,"['Beatriz Luengo', 'Mala Rodríguez']",es,318328,99,3,True,6.278104583642264
1109,4154509,2015-08-13,Training,0.23891396820545197,2.510227455912818,True,0.14373774517327523,151.02274559128182,Positive,Very High,6GRDI9suQHikFP6euIXnpq,['Family of the Year'],hk,7201,126,3,True,6.275568639782046
1110,3421415,2017-08-31,Training,0.23890553414821625,2.510138840742274,True,0.1437293111160395,151.0138840742274,Negative,Very High,5CtI0qwDJkDQGwXD1H1cLb,"['Luis Fonsi', 'Daddy Yankee', 'Justin Bieber']",us,4935245,21,3,True,6.275347101855685
1111,3899963,2015-10-01,Training,0.23885349929332733,2.509592119584078,True,0.1436772762611506,150.9592119584078,Positive,Very High,5tf1VVWniHgryyumXyJM7w,"['Robin Schulz', 'Francesco Yates']",it,351705,3,3,True,6.273980298960194
1112,3940025,2021-04-15,Validation,0.2387956976890564,2.5089848081944317,True,0.14361947465687966,150.89848081944317,Negative,Very High,5wANPM4fQCJwkGd4rN57mH,['Olivia Rodrigo'],my,298347,5,3,True,6.2724620204860795
1113,2277184,2020-07-02,Validation,0.23875802755355835,2.5085890146411898,True,0.1435818045213816,150.858901464119,Negative,Very High,3T7Dil6DmABypEgSrKrLnv,['Bubbi Morthens'],is,10046,73,3,True,6.271472536602975
1114,2922074,2019-04-04,Training,0.2386661320924759,2.507623485035635,True,0.14348990906029915,150.7623485035635,Positive,Very High,4SSnFejRGlZikf02HLewEF,['Billie Eilish'],gb,2207317,5,3,True,6.2690587125890875
1115,2475883,2015-10-01,Training,0.23860125243663788,2.5069418057908504,True,0.14342502940446114,150.69418057908504,Negative,Very High,3jEPu6FD1icy9cLllhB2XK,"['Disclosure', 'Sam Smith']",cl,39568,121,3,True,6.267354514477126
1116,590708,2019-04-11,Training,0.2384711056947708,2.505574376639737,True,0.14329488266259408,150.5574376639737,Negative,Very High,0todbbT9g5uQGbeFCiBf2F,['Ariana Grande'],us,1582479,180,3,True,6.2639359415993425
1117,219655,2023-03-23,Test,0.23827596937775647,2.5035241133408,True,0.14309974634557973,150.35241133408,Negative,Very High,0KMDkQbcglNudXuynwKMs6,"['club2020', 'Oki', 'Otsochodzi', 'Taco Hemingway', 'Young Leosia', 'Dwa Sławy', 'Gruby Mielzky']",pl,979198,3,3,True,6.258810283352
1118,613061,2018-06-28,Training,0.23826906085014343,2.503451526644323,True,0.1430928378179667,150.3451526644323,Negative,Very High,0vnrhysrKKRdNYFKLAGzRc,"['KHEA', 'Duki', 'Cazzu', 'Omar Varela', 'MYKKA']",sv,6356,152,3,True,6.258628816610807
1119,1329598,2015-07-23,Training,0.23823048174381256,2.5030461826928425,True,0.14305425871163582,150.30461826928425,Positive,Very High,26rdOwwjC2UnweK3xeS58u,"['Flo Rida', 'Sage The Gemini', 'Lookas']",gt,9631,24,3,True,6.257615456732106
1120,2350796,2020-01-16,Validation,0.23822909593582153,2.5030316222496256,True,0.1430528729036448,150.30316222496256,Positive,Very High,3ZCTVFBt2Brf31RLEnCkWJ,['Billie Eilish'],is,33964,6,3,True,6.257579055624064
1121,1169816,2021-04-08,Validation,0.23812127113342285,2.501898725829033,True,0.1429450481012461,150.18987258290332,Negative,Very High,1tA3foex0E78CzVzNkDhdf,"['Boef', 'Numidia']",nl,175663,161,3,True,6.254746814572583
1122,1587738,2015-09-24,Training,0.23807278275489807,2.501389266880359,True,0.14289655972272133,150.13892668803587,Positive,Very High,2S5LNtRVRPbXk01yRQ14sZ,"['Flo Rida', 'Robin Thicke', 'Verdine White']",sk,5049,26,3,True,6.253473167200897
1123,4485566,2015-09-17,Training,0.23803958296775818,2.501040442498783,True,0.14286335993558144,150.1040442498783,Negative,Very High,6fxVffaTuwjgEk5h9QyRjy,['Ed Sheeran'],sk,6541,13,3,True,6.252601106246958
1124,408065,2018-01-04,Training,0.23797740042209625,2.500387101320904,True,0.14280117738991951,150.03871013209042,Negative,Very High,0e7ipj03S05BNilyu5bRzt,"['Post Malone', '21 Savage']",ee,26802,1,3,True,6.25096775330226
1125,1666359,2017-08-03,Training,0.23794981837272644,2.5000973015317225,True,0.1427735953405497,150.00973015317226,Negative,Very High,2ZAJVpLD8qmXK5UvWb4Yks,"['Gulddreng', 'Skinz']",dk,111808,67,3,True,6.250243253829306
1126,1802381,2015-09-10,Training,0.2378719598054886,2.4992792551252,True,0.14269573677331185,149.92792551252,Negative,Very High,2kpziA4mHuM7Na6La4upg1,"['James Hersey', 'filous']",no,56115,153,3,True,6.2481981378130005
1127,2934103,2018-06-28,Training,0.2377651035785675,2.4981565353584685,True,0.14258888054639077,149.81565353584685,Negative,Very High,4TwWOcvjY1qt3QJvtveAGm,['Eleni Foureira'],gr,21245,23,3,True,6.245391338396171
1128,1662384,2015-09-17,Training,0.23761893808841705,2.496620800008884,True,0.14244271505624032,149.6620800008884,Negative,Very High,2YzJaHvzsEb1LzGugXIduK,['Jay Chou'],tw,12005,175,3,True,6.24155200002221
1129,2354045,2020-06-04,Validation,0.23755760490894318,2.4959763829736215,True,0.14238138187676644,149.59763829736215,Negative,Very High,3ZG8N7aWw2meb6UrI5ZmnZ,['Sech'],pa,75066,2,3,True,6.239940957434054
1130,2906127,2014-02-23,Training,0.23739250004291534,2.494241654900077,True,0.1422162770107386,149.4241654900077,Positive,Very High,4RXpgGM7A4Hg7cFBoH5KyF,['Avicii'],lu,1233,3,3,True,6.235604137250192
1131,1223787,2016-06-16,Training,0.23734678328037262,2.4937613168378356,True,0.14217056024819588,149.37613168378357,Negative,Very High,1xznGGDReH1oQq0xzbwXa3,"['Drake', 'Wizkid', 'Kyla']",nl,1541143,1,3,True,6.234403292094589
1132,3929495,2019-06-06,Training,0.23734040558338165,2.4936943074862583,True,0.14216418255120492,149.36943074862583,Negative,Very High,5vdp5UmvTsnMEMESIF2Ym7,['Queen'],au,206166,174,3,True,6.234235768715646
1133,1513485,2022-01-20,Test,0.23731139939079854,2.493389544472356,True,0.1421351763586218,149.3389544472356,Negative,Very High,2LuBVfML3jK93lgUVF6ZjO,['Viktor Sheen'],sk,19695,96,3,True,6.23347386118089
1134,1782901,2016-06-02,Training,0.23722216486930847,2.492451972895683,True,0.14204594183713173,149.2451972895683,Negative,Very High,2iXW4QNcQnfFt6mURrgR3t,['Evelina'],fi,306473,25,3,True,6.231129932239208
1135,1471029,2020-11-05,Validation,0.23721125721931458,2.492337368116817,True,0.14203503418713784,149.2337368116817,Negative,Very High,2GiJYvgVaD2HtM8GqD9EgQ,['BØRNS'],us,2138405,78,3,True,6.230843420292043
1136,4149332,2019-02-28,Training,0.23711532354354858,2.4913294096928573,True,0.14193910051137185,149.13294096928573,Negative,Very High,6FyRXC8tJUh863JCkyWqtk,['Paulo Londra'],mx,2825047,7,3,True,6.2283235242321435
1137,5214771,2021-07-22,Test,0.23711076720271068,2.4912815370131822,True,0.14193454417053394,149.1281537013182,Negative,Very High,7mEDVrAHDnQJStDo8jKJJm,['Go_A'],ee,6595,106,3,True,6.228203842532956
1138,3302999,2015-10-01,Training,0.23702454566955566,2.4903756223802187,True,0.14184832263737893,149.03756223802188,Positive,Very High,51ODNNDZm21HU7wI7cccRr,"['Disclosure', 'Sam Smith']",pl,17968,111,3,True,6.225939055950547
1139,3769216,2017-03-09,Training,0.23694854974746704,2.4895771464618908,True,0.1417723267152903,148.9577146461891,Negative,Very High,5j0tH4MzB4QyJLX8Ys9ofG,"['MC Kevinho', 'Mc Davi']",br,400395,116,3,True,6.223942866154727
1140,721896,2018-08-16,Training,0.2369222491979599,2.489300811168587,True,0.14174602616578316,148.9300811168587,Negative,Very High,17OUBczN4xbjuCDcx0xmXL,"['Lukas Leon', 'Cheek', 'Etta']",fi,363119,4,3,True,6.223252027921467
1141,1219280,2016-06-30,Training,0.23668982088565826,2.4868587273697473,True,0.14151359785348153,148.68587273697474,Negative,Very High,1xznGGDReH1oQq0xzbwXa3,"['Drake', 'Wizkid', 'Kyla']",ad,1528,1,3,True,6.217146818424368
1142,1953643,2021-03-25,Validation,0.2366550862789154,2.4864937769058995,True,0.14147886324673867,148.64937769058994,Negative,Very High,2yGcGAhdIGiObLOnmsAoFT,"['Inkonnu', 'Nouvo']",ma,79713,15,3,True,6.216234442264748
1143,1180385,2022-08-04,Test,0.2366459561079173,2.486397847789286,True,0.14146973307574057,148.6397847789286,Negative,Very High,1uGdRSOpObu3lp0jvrVREl,['Maria Becerra'],ar,2156482,8,3,True,6.215994619473215
1144,4217614,2020-04-09,Validation,0.23663857579231262,2.486320304098545,True,0.14146235276013588,148.6320304098545,Negative,Very High,6KUE0HSSudAp9AOycaF6SH,['BTS'],vn,31875,92,3,True,6.2158007602463625
1145,866025,2017-12-14,Training,0.23661598563194275,2.4860829532177244,True,0.141439762599766,148.60829532177243,Positive,Very High,1OAh8uOEOvTDqkKFsKksCi,"['DJ Khaled', 'Rihanna', 'Bryson Tiller']",de,310538,186,3,True,6.215207383044311
1146,4218153,2015-09-17,Training,0.23658771812915802,2.4857859514888876,True,0.14141149509698128,148.57859514888875,Negative,Very High,6KYFbXhUyB7d5R1qWPbr7N,['John Newman'],gb,201334,97,3,True,6.214464878722219
1147,5155839,2021-06-10,Test,0.2365829136097118,2.485735471239796,True,0.14140669057753505,148.5735471239796,Negative,Very High,7hxHWCCAIIxFLCzvDgnQHX,"['Internet Money', 'Gunna', 'Don Toliver', 'NAV']",us,2294135,76,3,True,6.21433867809949
1148,4930763,2014-06-15,Training,0.23647373914718628,2.484588394175301,True,0.14129751611500954,148.4588394175301,Positive,Very High,7F3qD5xZ7wwUxMCOlADlRx,"['Juan Magán', 'Dario']",es,412803,12,3,True,6.211470985438252
1149,3278487,2020-04-23,Validation,0.23636052012443542,2.4833988216208973,True,0.1411842970922587,148.33988216208974,Negative,Very High,4zAETLnM4FJA6W3KLNLHeY,['Nerieš'],sk,14187,83,3,True,6.208497054052243
1150,451397,2015-09-17,Training,0.2363540679216385,2.483331029449792,True,0.14117784488946175,148.3331029449792,Negative,Very High,0hy1SOTEn9ifXTzOwnCwEr,"['Meek Mill', 'Chris Brown', 'Nicki Minaj']",tw,20788,76,3,True,6.20832757362448
1151,2979877,2015-09-17,Training,0.2362649142742157,2.4823943076028594,True,0.14108869124203896,148.23943076028593,Negative,Very High,4Y7XAxTANhu3lmnLAzhWJW,"['Pitbull', 'John Ryan']",ec,6240,169,3,True,6.205985769007149
1152,5075741,2015-07-30,Training,0.23598411679267883,2.4794440173665895,True,0.1408078937605021,147.94440173665896,Positive,Very High,7cpCU3Denug5NGZsSpQl8v,['John Mayer'],ch,3629,178,3,True,6.1986100434164735
1153,4404524,2015-07-09,Training,0.23588262498378754,2.4783776606058576,True,0.1407064019516108,147.83776606058575,Negative,Very High,6Zo3wgDE076K2AuiGZF3CS,"['Pitbull', 'Chris Brown']",co,17699,86,3,True,6.195944151514644
1154,4294157,2017-04-27,Training,0.23582899570465088,2.4778141871097668,True,0.14065277267247414,147.78141871097668,Negative,Very High,6RUKPb4LETWmmr3iAEQktW,"['The Chainsmokers', 'Coldplay']",sk,23292,4,3,True,6.194535467774417
1155,4498372,2019-07-04,Validation,0.23582212626934052,2.4777420111493065,True,0.14064590323716378,147.77420111493063,Negative,Very High,6glNKSv2aUtfQhe1SJBZZt,['Lewis Capaldi'],ie,40249,184,3,True,6.194355027873266
1156,4190335,2021-12-23,Test,0.23580158166012946,2.477526152518269,True,0.14062535862795272,147.75261525182688,Negative,Very High,6IPNp9PfaEqrzotY47TIWy,"['DJ Snake', 'Ozuna', 'Megan Thee Stallion', 'LISA']",th,213518,24,3,True,6.193815381295672
1157,3118944,2020-07-09,Validation,0.23578554391860962,2.47735764676117,True,0.14060932088643288,147.735764676117,Negative,Very High,4lCwnBZurX0OIqMKBOHRlS,"['SNIK', 'Guè', 'Noizy', 'Capo Plaza']",gr,40392,67,3,True,6.193394116902925
1158,2219578,2018-03-15,Training,0.2357819527387619,2.4773199148599314,True,0.14060572970658516,147.73199148599315,Negative,Very High,3NdDpSvN911VPGivFlV5d0,"['ZAYN', 'Taylor Swift']",sv,5125,198,3,True,6.1932997871498285
1159,4154887,2015-09-17,Training,0.23572543263435364,2.4767260679661627,True,0.1405492096021769,147.67260679661626,Positive,Very High,6GRDI9suQHikFP6euIXnpq,['Family of the Year'],tw,18366,91,3,True,6.191815169915406
1160,1158098,2015-07-16,Training,0.23549599945545197,2.4743154535123395,True,0.14031977642327523,147.43154535123395,Negative,Very High,1sNSG13fsK6KPKKNIQXXrh,"['DJ Snake', 'AlunaGeorge']",ie,9387,56,3,True,6.185788633780849
1161,2608416,2019-08-29,Validation,0.23548291623592377,2.4741779904032626,True,0.14030669320374703,147.41779904032626,Negative,Very High,3vmoC735YdyvsrF0HtbmGn,"['Zola', 'Ninho']",be,37988,178,3,True,6.1854449760081565
1162,1164807,2022-08-18,Test,0.23541828488816804,2.4734989200882547,True,0.1402420618559913,147.34989200882546,Positive,Very High,1sbNEFiURUYfy024cJX8JG,['Feid'],pe,186316,91,3,True,6.183747300220636
1163,4290942,2017-04-27,Training,0.23521102964878082,2.4713213253825144,True,0.14003480661660409,147.13213253825143,Negative,Very High,6RUKPb4LETWmmr3iAEQktW,"['The Chainsmokers', 'Coldplay']",global,25574787,4,3,True,6.178303313456286
1164,3078786,2021-07-22,Test,0.23517922008635134,2.470987107849857,True,0.1400029970541746,147.0987107849857,Negative,Very High,4iJyoBOLtHqaGxP12qzhQI,"['Justin Bieber', 'Daniel Caesar', 'Giveon']",pt,129894,22,3,True,6.177467769624643
1165,3514846,2015-09-17,Training,0.23500213027000427,2.4691264559905455,True,0.13982590723782753,146.91264559905454,Positive,Very High,5MhsZlmKJG6X5kTHkdwC4B,"['AronChupa', 'Little Sis Nora']",hu,5652,74,3,True,6.172816139976364
1166,5276326,2017-04-20,Training,0.234873428940773,2.467774213538271,True,0.13969720590859627,146.7774213538271,Negative,Very High,7qiZfU4dY1lWllzX7mPBI3,['Ed Sheeran'],ad,2051,1,3,True,6.169435533845677
1167,3837171,2021-11-11,Test,0.2348132969048186,2.4671424167087825,True,0.13963707387264188,146.71424167087827,Negative,Very High,5nujrmhLynf4yMoMtj8AQF,"['Dua Lipa', 'DaBaby']",sv,20783,132,3,True,6.167856041771956
1168,1787072,2021-05-27,Test,0.23478088451934792,2.4668018654194155,True,0.13960466148717118,146.68018654194154,Negative,Very High,2j0MsDAMJ2ahsxP3z86ChI,['IU'],kr,10368,137,3,True,6.167004663548539
1169,2922951,2019-04-04,Training,0.23477697372436523,2.466760775377616,True,0.1396007506921885,146.6760775377616,Positive,Very High,4SSnFejRGlZikf02HLewEF,['Billie Eilish'],no,519236,7,3,True,6.16690193844404
1170,3716408,2019-07-04,Validation,0.2346983104944229,2.465934274520194,True,0.13952208746224617,146.5934274520194,Negative,Very High,5dlEgrCOjy9FTcQM1vrrh5,['Eviatar Banai'],il,22770,96,3,True,6.164835686300485
1171,1153884,2015-08-20,Training,0.23466020822525024,2.465533940613691,True,0.1394839851930735,146.55339406136912,Positive,Very High,1s2Ym0NmxhEwXNQrVYwBbf,"['Marama', 'Fer Vazquez']",uy,7967,36,3,True,6.163834851534228
1172,3756160,2018-03-01,Training,0.23458772897720337,2.4647724137770735,True,0.13941150594502663,146.47724137770734,Negative,Very High,5hcisvFMidkMJlElTO9Qmw,"['Bad Bunny', 'Prince Royce', 'J Balvin', 'Mambo Kingz', 'DJ Luian']",pe,431730,9,3,True,6.161931034442683
1173,4941989,2020-01-09,Validation,0.23457807302474976,2.4646709603662744,True,0.13940184999257302,146.46709603662745,Negative,Very High,7FbKipScVxkjQxQXwTd0gL,"['El Alfa', 'Lil Pump']",do,64014,11,3,True,6.161677400915686
1174,456808,2023-03-30,Test,0.23455727882218527,2.46445247930134,True,0.13938105579000853,146.445247930134,Negative,Very High,0imwUR7oy4kgX2IjMoLPDy,"['Henrik von Grogg', 'Henrik Viken']",no,83989,124,3,True,6.16113119825335
1175,2770372,2020-09-03,Validation,0.2345326989889145,2.4641942232738607,True,0.13935647595673775,146.4194223273861,Negative,Very High,4CNcRgjGw1v9VQaTaytdnD,"['Juice WRLD', 'Trippie Redd']",us,1622330,154,3,True,6.160485558184652
1176,3182733,2015-09-10,Training,0.23452237248420715,2.4640857244873113,True,0.13934614945203042,146.40857244873112,Positive,Very High,4r7vGTk9HCW7YDorNWoclF,"['Silent Sanctuary', 'Ashley Gosiengfiao']",ph,77040,80,3,True,6.160214311218279
1177,5212380,2018-08-09,Training,0.23451201617717743,2.463976912572951,True,0.1393357931450007,146.39769125729512,Negative,Very High,7m9OqQk4RVRkw9JJdeAw96,['XXXTENTACION'],no,205985,47,3,True,6.159942281432378
1178,2117026,2021-06-03,Test,0.23431620552628,2.4619195641653424,True,0.13913998249410325,146.19195641653425,Negative,Very High,3CeCwYWvdfXbZLXFhBrbnf,['Taylor Swift'],ph,216444,150,3,True,6.154798910413356
1179,819541,2020-07-30,Validation,0.2342759370803833,2.4614964706172504,True,0.13909971404820656,146.14964706172503,Negative,Very High,1IWNylpZ477gIVUDpJL66u,"['Lady Gaga', 'BLACKPINK']",hk,35055,67,3,True,6.153741176543126
1180,3382707,2016-07-07,Training,0.23420670628547668,2.460769074712044,True,0.13903048325329995,146.0769074712044,Positive,Very High,59YDuvEyFGZaId3dyFu8RN,['Justs Sirmais'],lv,2052,175,3,True,6.15192268678011
1181,5172411,2015-09-17,Training,0.23406441509723663,2.459274045977904,True,0.1388881920650599,145.9274045977904,Negative,Very High,7jUzRMSLtbmOD3O5Qc2ryj,['Agir'],pt,8061,163,3,True,6.148185114944759
1182,3236045,2021-03-04,Validation,0.23396749794483185,2.458255754336177,True,0.1387912749126551,145.8255754336177,Positive,Very High,4vCAzANUWDE24URV6wQ4ra,['Bad Bunny'],sv,17708,131,3,True,6.145639385840442
1183,665496,2015-08-20,Training,0.23388426005840302,2.4573811883597494,True,0.13870803702622628,145.73811883597494,Negative,Very High,12B0Twa9kRz45Xw2PgXHJm,['Ed Sheeran'],ie,7209,198,3,True,6.143452970899373
1184,2475643,2020-03-12,Validation,0.23384211957454681,2.456938425634841,True,0.13866589654237008,145.6938425634841,Negative,Very High,3jCglevpDuE4j0XNGaflFI,['Tameem Youness'],eg,14657,18,3,True,6.1423460640871035
1185,5359481,2021-07-29,Test,0.2337494333713446,2.4559645878395453,True,0.13857321033916786,145.59645878395452,Negative,Very High,7vrJn5hDSXRmdXoR30KgF1,['KAROL G'],mx,1447965,37,3,True,6.1399114695988635
1186,3527704,2015-09-17,Training,0.23370808362960815,2.455530133304378,True,0.13853186059743142,145.5530133304378,Negative,Very High,5Nbe9vDQ1YJdreVIlhZEpP,"['Sam Smith', 'John Legend']",my,16500,74,3,True,6.138825333260946
1187,886777,2020-04-02,Validation,0.23356018960475922,2.4539762365417492,True,0.13838396657258248,145.39762365417494,Negative,Very High,1R4xkZXQUQ8QJtAdwHkSgC,['Samra'],at,38609,125,3,True,6.134940591354373
1188,4360429,2018-06-07,Training,0.23350128531455994,2.453357339423092,True,0.1383250622823832,145.3357339423092,Positive,Very High,6WbADFqMvR8N5u0BvtsWQE,"['Avicii', 'Sandro Cavazza']",no,306796,36,3,True,6.13339334855773
1189,5382794,2015-10-01,Training,0.2333729863166809,2.4520093241962675,True,0.13819676328450417,145.20093241962675,Positive,Very High,7x5xYW5W42OGPAdHUyyguy,"['R. City', 'Adam Levine']",my,129409,2,3,True,6.130023310490669
1190,801622,2020-02-20,Validation,0.23319117724895477,2.4500990879845963,True,0.13801495421677804,145.00990879845963,Positive,Very High,1H9jJvALjdKH3C3Ol0w765,['C&K'],jp,116923,166,3,True,6.125247719961491
1191,2968207,2015-07-30,Training,0.23314905166625977,2.449656481823594,True,0.13797282863408303,144.9656481823594,Negative,Very High,4WjH9Bzt3kx7z8kl0awxh4,"['Major Lazer', 'MØ', 'DJ Snake']",sk,7579,1,3,True,6.124141204558985
1192,764657,2021-05-13,Test,0.23312033127727685,2.4493547216983447,True,0.13794410824510012,144.93547216983447,Negative,Very High,1Crj1zkRMpsEjb9NOR6Zof,"['Bizarrap', 'L-Gante']",ar,1758195,8,3,True,6.123386804245862
1193,3287437,2022-04-14,Test,0.23302936759611817,2.448398982142175,True,0.13785314456394143,144.83989821421753,Negative,Very High,50Cf2eYv8zT3v2HAkwhIiL,['Subwoolfer'],no,244480,33,3,True,6.120997455355438
1194,4404525,2015-07-16,Training,0.23298633098602295,2.447946803974938,True,0.1378101079538462,144.7946803974938,Negative,Very High,6Zo3wgDE076K2AuiGZF3CS,"['Pitbull', 'Chris Brown']",co,12922,71,3,True,6.119867009937345
1195,1156144,2017-07-20,Training,0.23293744027614594,2.4474331178008137,True,0.1377612172439692,144.74331178008137,Negative,Very High,1sCxVKWImDZSZKvG0U9B23,['Selena Gomez'],mt,8315,27,3,True,6.118582794502034
1196,2471982,2015-07-16,Training,0.23292186856269836,2.447269508519509,True,0.13774564553052163,144.7269508519509,Negative,Very High,3ip2477VESffCtFkPFT0ov,"['Gente De Zona', 'Marc Anthony']",mx,65420,117,3,True,6.118173771298773
1197,2117027,2021-06-10,Test,0.23275503166529077,2.4455165822938993,True,0.13757880863311403,144.55165822938994,Negative,Very High,3CeCwYWvdfXbZLXFhBrbnf,['Taylor Swift'],ph,206433,174,3,True,6.113791455734749
1198,2258763,2019-04-25,Training,0.23259826004505157,2.4438694101825815,True,0.13742203701287484,144.38694101825814,Negative,Very High,3RD0PGolM0mETGHaprwgMn,['Manuel Turizo'],pe,91206,107,3,True,6.109673525456454
1199,4638550,2019-04-25,Training,0.23254115879535675,2.443269457296496,True,0.13736493576318,144.32694572964962,Negative,Very High,6sAwJPgaSQ9Q4XGnbx1gZb,"['Maluma', 'Becky G', 'Anitta']",uy,9809,192,3,True,6.108173643241241
1200,3205582,2019-07-11,Validation,0.23246747255325317,2.442495248783529,True,0.13729124952107644,144.2495248783529,Negative,Very High,4szQkW1CDHqbRZGltXJdd3,['Mahmood'],is,40142,9,3,True,6.106238121958823
1201,3048434,2022-02-10,Test,0.23242280818661157,2.442025968061741,True,0.13724658515443483,144.2025968061741,Negative,Very High,4fnNRt3b36mTZK1o9QSWHK,['Pil C'],sk,34848,20,3,True,6.105064920154353
1202,4861057,2019-06-27,Validation,0.23236212134361267,2.4413883419712583,True,0.13718589831143593,144.13883419712585,Negative,Very High,7B7O5jgFpWfc9orZw6FN4K,['KEiiNO'],no,352540,25,3,True,6.103470854928146
1203,3108808,2018-10-04,Training,0.23233729600906372,2.4411275065046047,True,0.13716107297688698,144.11275065046047,Negative,Very High,4kWO6O1BUXcZmaxitpVUwp,"['Tiësto', 'Dzeko', 'Preme', 'Post Malone']",global,9508743,54,3,True,6.102818766261512
1204,3034497,2020-07-09,Validation,0.23230665922164917,2.4408056111147847,True,0.13713043618947243,144.08056111147846,Negative,Very High,4dZsxlUWfHgpmIKIGQy9kR,['SNIK'],gr,33695,85,3,True,6.102014027786962
1205,644576,2017-09-07,Training,0.23228947818279266,2.44062509293168,True,0.13711325515061593,144.062509293168,Negative,Very High,104buTcnP2AsxqB7U1FIZ4,"['Linkin Park', 'Kiiara']",at,20447,109,3,True,6.101562732329199
1206,3683048,2016-11-24,Training,0.23217763006687164,2.439449924256588,True,0.1370014070346949,143.9449924256588,Negative,Very High,5aAx2yezTd8zXrkmtKl66Z,"['The Weeknd', 'Daft Punk']",gr,31279,1,3,True,6.0986248106414696
1207,5031421,2016-11-24,Training,0.23217763006687164,2.439449924256588,True,0.1370014070346949,143.9449924256588,Negative,Very High,7MXVkk9YMctZqd1Srtv4MB,"['The Weeknd', 'Daft Punk']",gr,31279,1,3,True,6.0986248106414696
1208,3835339,2022-03-24,Test,0.23210340632545254,2.4386700683319202,True,0.1369271832932758,143.86700683319202,Negative,Very High,5nujrmhLynf4yMoMtj8AQF,"['Dua Lipa', 'DaBaby']",kr,17829,87,3,True,6.0966751708298
1209,2285713,2022-06-16,Test,0.23205685060605555,2.43818091549612,True,0.1368806275738788,143.81809154961198,Negative,Very High,3U1sSlezn9BdzqsEx4VfHT,['MC 張天賦'],hk,152280,10,3,True,6.095452288740299
1210,5357329,2015-12-24,Training,0.23202213644981384,2.4378161799021263,True,0.1368459134176371,143.78161799021262,Positive,Very High,7vqUr6K2Js9Paq4kdNSOm6,"['Kygo', 'Ella Henderson']",de,196424,172,3,True,6.094540449755316
1211,4794091,2022-10-27,Test,0.23180168025220554,2.4354998850273675,True,0.1366254572200288,143.54998850273674,Negative,Very High,769Ld8demNhMgVLAQcjTDn,['anees'],ph,552475,100,3,True,6.0887497125684185
1212,3896585,2021-01-14,Validation,0.23176999390125275,2.4351669620562375,True,0.136593770869076,143.51669620562376,Negative,Very High,5tPauDRDmFoM8GMEGRQPnt,['Dizzy DROS'],ma,66999,7,3,True,6.087917405140594
1213,3769816,2016-12-08,Training,0.23161038756370544,2.433490006063843,True,0.1364341645315287,143.34900060638432,Positive,Very High,5jBcXbDNiRULaRhFV9sSfP,['SANNI'],fi,65999,102,3,True,6.083725015159608
1214,5211397,2018-08-16,Training,0.23153838515281677,2.4327334892722035,True,0.13636216212064003,143.27334892722035,Negative,Very High,7m9OqQk4RVRkw9JJdeAw96,['XXXTENTACION'],is,12364,52,3,True,6.081833723180509
1215,4954203,2021-09-02,Test,0.23150736480670867,2.4324075638979887,True,0.13633114177453193,143.24075638979886,Positive,Very High,7G7Vg7wlhAH15VHQD29ZgI,['Gulddreng'],dk,58903,173,3,True,6.081018909744972
1216,1506525,2020-09-17,Validation,0.23139382898807526,2.4312146628244187,True,0.13621760595589852,143.12146628244187,Negative,Very High,2LAs8ikwqxNmAIn2F5qPEr,"['RSAC', 'ELLA']",ua,11227,188,3,True,6.0780366570610465
1217,3149335,2015-08-20,Training,0.23138898611068726,2.4311637795551135,True,0.13621276307851052,143.11637795551135,Negative,Very High,4orphgwPHHRsdEkfUmANSD,['Andy Grammer'],hu,3830,120,3,True,6.077909448887784
1218,1496329,2019-03-28,Training,0.2313666045665741,2.4309286205689706,True,0.13619038153439736,143.09286205689708,Negative,Very High,2JvzF1RMd7lE3KmFlsyZD8,['J. Cole'],ie,131222,27,3,True,6.077321551422426
1219,4381959,2016-07-28,Training,0.2313181459903717,2.430419474748107,True,0.13614192295819497,143.0419474748107,Negative,Very High,6YZdkObH88npeKrrkb8Ggf,"['Enrique Iglesias', 'Wisin']",ad,1148,3,3,True,6.0760486868702674
1220,4370875,2017-12-21,Training,0.23110049962997437,2.4281327023435777,True,0.13592427659779763,142.81327023435776,Positive,Very High,6XSYMtvkAuRdnQm0F7i3Bq,"['Birnir', 'Herra Hnetusmjör']",is,48046,4,3,True,6.070331755858945
1221,964758,2015-10-29,Training,0.23094618320465088,2.426511326537655,True,0.13576996017247414,142.65113265376547,Negative,Very High,1a98btolCjbyO2xe8thSXn,"['Teflon Brothers', 'Tango-Teemu']",fi,173301,31,3,True,6.066278316344137
1222,3689935,2015-07-09,Training,0.23091448843479156,2.4261783151105405,True,0.13573826540261483,142.61783151105405,Negative,Very High,5afHIkEcVhCF1Z1CTqMUXB,"['Felix Jaehn', 'Jasmine Thompson']",fr,249958,4,3,True,6.065445787776351
1223,2061452,2021-02-11,Validation,0.23090052604675293,2.426031614731036,True,0.1357243030145762,142.6031614731036,Negative,Very High,380HmhwTE2NJgawn1NwkXi,['J Balvin'],sv,30584,64,3,True,6.06507903682759
1224,1534123,2021-07-01,Test,0.23087640704021858,2.425778200529821,True,0.13570018400804185,142.5778200529821,Negative,Very High,2OEVXCvrzJfpZaIPwsR99i,"['L-Gante', 'El Mas Ladron', 'DT.Bilardo']",ar,274186,108,3,True,6.064445501324553
1225,4360716,2018-06-21,Training,0.23084397614002228,2.4254374547094564,True,0.13566775310784554,142.54374547094562,Negative,Very High,6WbADFqMvR8N5u0BvtsWQE,"['Avicii', 'Sandro Cavazza']",se,787497,11,3,True,6.063593636773641
1226,290491,2021-03-04,Validation,0.23075805604457855,2.4245347072300287,True,0.13558183301240181,142.45347072300288,Positive,Very High,0S9ZVNTNRzLMgb96tmmG1u,['Rauw Alejandro'],gt,34271,171,3,True,6.061336768075072
1227,2578689,2019-02-28,Training,0.2307450920343399,2.4243984966321963,True,0.13556886900216317,142.43984966321963,Negative,Very High,3swc6WTsr7rl9DqQKQA55C,"['Post Malone', 'Ty Dolla $ign']",us,2611261,84,3,True,6.060996241580491
1228,5181067,2020-09-03,Validation,0.23074035346508026,2.42434870931023,True,0.13556413043290352,142.43487093102297,Positive,Very High,7ju97lgwC2rKQ6wwsf9no9,"['Lady Gaga', 'Ariana Grande']",hn,10716,140,3,True,6.060871773275575
1229,4069956,2015-08-13,Training,0.23066318035125732,2.423537864843363,True,0.1354869573190806,142.35378648433633,Negative,Very High,69uKYDeTWn1wFssqP6OZjb,['Luan Santana'],br,187463,42,3,True,6.058844662108408
1230,4751978,2015-07-23,Training,0.23051661252975464,2.4219979022683287,True,0.1353403894975779,142.19979022683287,Positive,Very High,71ywEs45ClmTNRiaJ7YEsr,['Maroon 5'],nz,16459,123,3,True,6.054994755670822
1231,2477358,2017-06-01,Training,0.2305137664079666,2.421967998562368,True,0.13533754337578988,142.1967998562368,Positive,Very High,3jK5ndIlxMK3rN0gjlfkzh,"['Raisa', 'Isyana Sarasvati']",id,195199,31,3,True,6.0549199964059195
1232,3074874,2014-12-28,Training,0.23050019145011902,2.4218253688444076,True,0.13532396841794228,142.18253688444076,Negative,Very High,4i8zqvK7eQpu3N2f3EPOUE,['Nico & Vinz'],sg,23203,45,3,True,6.054563422111019
1233,2056544,2015-09-10,Training,0.230451300740242,2.421311682670283,True,0.13527507770806527,142.13116826702833,Negative,Very High,37gVO3V5MdttBY57RIxHw1,['Cisilia'],dk,40296,166,3,True,6.0532792066757075
1234,4679810,2019-08-01,Validation,0.23019248247146606,2.418592324194706,True,0.13501625943928933,141.8592324194706,Positive,Very High,6v9Cigr3hxwlfh7xkpDDsU,['Mente Fuerte'],gr,29557,55,3,True,6.046480810486765
1235,4230915,2022-06-23,Test,0.23014228713938098,2.418064930582248,True,0.13496606410720424,141.8064930582248,Negative,Very High,6MCjmGYlw6mQVWRFVgBRvB,['YOASOBI'],jp,804640,30,3,True,6.045162326455619
1236,3162977,2018-01-25,Training,0.23001044988632202,2.416679739524452,True,0.13483422685414528,141.6679739524452,Positive,Very High,4pdPtRcBmOSQDlJ3Fk945m,"['DJ Snake', 'Justin Bieber']",sv,7892,114,3,True,6.041699348811131
1237,3826314,2016-12-01,Training,0.22993311285972595,2.415867172854624,True,0.13475688982754921,141.58671728546238,Negative,Very High,5nA67Y0XX9JipZwYxX7Gl7,['Niall Horan'],gr,5047,79,3,True,6.03966793213656
1238,2613441,2022-12-08,Test,0.22980101061473343,2.4144791975727316,True,0.1346247875825567,141.44791975727316,Positive,Very High,3w75Uvn1cojNlBhQoxpVP3,['Fabio Asher'],id,2214355,14,3,True,6.036197993931829
1239,819523,2020-07-30,Validation,0.22979657351970673,2.414432577788028,True,0.13462035048753,141.44325777880277,Negative,Very High,1IWNylpZ477gIVUDpJL66u,"['Lady Gaga', 'BLACKPINK']",global,4710692,185,3,True,6.036081444470069
1240,3566388,2021-08-12,Test,0.22976884216117682,2.414141209233504,True,0.13459261912900009,141.41412092335042,Positive,Very High,5QO79kh1waicV47BqGRL3g,['The Weeknd'],ca,311697,75,3,True,6.03535302308376
1241,2653829,2015-09-10,Training,0.22970497608184814,2.413470179460584,True,0.1345287530496714,141.3470179460584,Positive,Very High,40ia0VswpL9SUuPdfLyabK,"['Pitbull', 'Kesha']",mx,119528,190,3,True,6.03367544865146
1242,4771114,2016-02-11,Training,0.22969010472297668,2.4133139286828404,True,0.13451388169079995,141.33139286828404,Negative,Very High,747eWJy8c3u09N30NSqSTp,['Justin Bieber'],gr,4368,70,3,True,6.033284821707101
1243,3682290,2016-11-24,Training,0.22957712411880493,2.412126861150926,True,0.1344009010866282,141.2126861150926,Negative,Very High,5aAx2yezTd8zXrkmtKl66Z,"['The Weeknd', 'Daft Punk']",cz,51071,3,3,True,6.0303171528773145
1244,5030508,2016-11-24,Training,0.22957712411880493,2.412126861150926,True,0.1344009010866282,141.2126861150926,Negative,Very High,7MXVkk9YMctZqd1Srtv4MB,"['The Weeknd', 'Daft Punk']",cz,51071,3,3,True,6.0303171528773145
1245,3631469,2019-03-21,Training,0.22957663238048553,2.4121216945420425,True,0.1344004093483088,141.21216945420426,Positive,Very High,5W83ErFkO3aKAIS1WMi6u0,"['Anuel AA', 'KAROL G']",uy,123077,2,3,True,6.030304236355106
1246,3950980,2020-06-04,Validation,0.22952589392662048,2.4115885944436295,True,0.13434967089444375,141.15885944436295,Positive,Very High,5xU6CXufU7wGRxsET3gLTB,['Herman Flesvig'],no,213671,48,3,True,6.028971486109073
1247,2934104,2018-07-05,Training,0.2294989377260208,2.4113053703384812,True,0.13432271469384408,141.13053703384813,Positive,Very High,4TwWOcvjY1qt3QJvtveAGm,['Eleni Foureira'],gr,21625,31,3,True,6.028263425846204
1248,208185,2018-07-19,Training,0.2294955849647522,2.4112701434597312,True,0.13431936193257546,141.12701434597312,Negative,Very High,0JP9xo3adEtGSdUEISiszL,['XXXTENTACION'],ro,28146,7,3,True,6.028175358649328
1249,1723257,2019-04-25,Training,0.22942692041397095,2.410548696982936,True,0.1342506973817942,141.05486969829363,Negative,Very High,2dpaYNEQHiRxtZbfNsse99,"['Marshmello', 'Bastille']",py,19829,88,3,True,6.02637174245734
1250,3003865,2018-01-11,Training,0.22941716015338898,2.410446147624798,True,0.13424093712121224,141.0446147624798,Negative,Very High,4aWmUDTfIPGksMNLV2rQP2,"['Luis Fonsi', 'Daddy Yankee']",bg,2612,126,3,True,6.026115369061995
1251,4404814,2015-10-01,Training,0.22932027280330658,2.4094281691108823,True,0.13414404977112984,140.94281691108824,Negative,Very High,6Zo3wgDE076K2AuiGZF3CS,"['Pitbull', 'Chris Brown']",gt,3212,155,3,True,6.023570422777206
1252,78449,2015-08-20,Training,0.22930438816547394,2.4092612719875612,True,0.1341281651332972,140.92612719875612,Positive,Very High,06Y4G78xvsbwnwAbsLC01K,['Mike Bahía'],ec,7338,113,3,True,6.023153179968903
1253,5209814,2018-08-09,Training,0.22925390303134918,2.408730833475542,True,0.13407767999917244,140.87308334755423,Negative,Very High,7m9OqQk4RVRkw9JJdeAw96,['XXXTENTACION'],dk,122291,59,3,True,6.021827083688855
1254,3034499,2020-07-23,Validation,0.22921887040138245,2.4083627517335837,True,0.1340426473692057,140.83627517335836,Negative,Very High,4dZsxlUWfHgpmIKIGQy9kR,['SNIK'],gr,29287,103,3,True,6.0209068793339595
1255,1661501,2022-07-21,Test,0.22907197615858957,2.4068193595069007,True,0.13389575312641283,140.68193595069008,Negative,Very High,2YmkWevzHTiEyvgjdTKB3r,['Bruno X Spacc'],hu,139812,6,3,True,6.017048398767252
1256,4189734,2022-07-07,Test,0.22899329479095004,2.4059926680798527,True,0.1338170717587733,140.59926680798526,Negative,Very High,6IHWPY5iBUI1AOUclbtE6F,['Ayase'],jp,279969,105,3,True,6.0149816701996315
1257,3514845,2015-09-10,Training,0.22899039089679718,2.4059621573697156,True,0.13381416786462044,140.59621573697157,Negative,Very High,5MhsZlmKJG6X5kTHkdwC4B,"['AronChupa', 'Little Sis Nora']",hu,5564,73,3,True,6.014905393424289
1258,3926364,2020-06-11,Validation,0.22898046672344208,2.4058578858086164,True,0.13380424369126534,140.58578858086165,Positive,Very High,5vGgc4vq2kDVGigZPA4zA1,"['JóiPé', 'Króli']",is,7633,116,3,True,6.014644714521541
1259,4018916,2015-07-23,Training,0.22883781790733337,2.4043590995407427,True,0.13366159487515664,140.43590995407428,Positive,Very High,64cQ79mesIAszcHRGS6px7,['Alejandro Sanz'],ec,5771,121,3,True,6.010897748851857
1260,4810532,2021-07-22,Test,0.22874349995977625,2.4033681172916865,True,0.1335672769275995,140.33681172916866,Negative,Very High,776AftMmFFAWUIEAb3lHhw,['Måneskin'],is,29657,10,3,True,6.008420293229216
1261,3200850,2022-01-20,Test,0.2287234674538831,2.4031576392410248,True,0.13354724442170637,140.31576392410247,Positive,Very High,4saklk6nie3yiGePpBwUoc,['BTS'],vn,2491980,1,3,True,6.007894098102562
1262,1428417,2019-07-04,Validation,0.22860851883888245,2.4019498941620694,True,0.1334322958067057,140.19498941620694,Negative,Very High,2E82gORVSA7UMEz5M1IP3b,['KAROL G'],ec,57175,56,3,True,6.004874735405173
1263,5198224,2015-10-01,Training,0.2285224199295044,2.4010452679157757,True,0.13334619689732766,140.10452679157757,Negative,Very High,7lOzUJzsELALh5FQsPKTEn,['Chayanne'],ec,6600,154,3,True,6.00261316978944
1264,2475728,2015-10-01,Training,0.22851599752902985,2.4009777888724813,True,0.1333397744968531,140.09777888724813,Positive,Very High,3jEPu6FD1icy9cLllhB2XK,"['Disclosure', 'Sam Smith']",at,26111,32,3,True,6.002444472181203
1265,1223985,2017-04-27,Training,0.22850894927978516,2.400903734145154,True,0.13333272624760842,140.0903734145154,Negative,Very High,1xznGGDReH1oQq0xzbwXa3,"['Drake', 'Wizkid', 'Kyla']",nz,57576,79,3,True,6.002259335362885
1266,955040,2022-06-23,Test,0.22846261683927305,2.4004169272617117,True,0.1332863938070963,140.04169272617116,Negative,Very High,1ZMGp9MTXbtAPvcKa0U3zS,"['Mahmood', 'BLANCO']",lt,11657,102,3,True,6.00104231815428
1267,4371905,2021-04-08,Validation,0.22846169769763947,2.400407270000641,True,0.13328547466546273,140.0407270000641,Positive,Very High,6XbuJHhqugUVdJbTdshUEL,['Reynmen'],tr,602856,19,3,True,6.001018175001603
1268,20379,2017-04-20,Training,0.22845864295959473,2.400375174400002,True,0.133282419927418,140.0375174400002,Negative,Very High,01vHGJRvJ6EZW9KO8NtZpi,"['Maluma', 'Bad Bunny', 'Arcangel', 'Ñengo Flow', 'De La Ghetto']",cl,73085,156,3,True,6.000937936000005
1269,3751461,2018-03-29,Training,0.22843384742736816,2.400114652061159,True,0.13325762439519143,140.01146520611593,Negative,Very High,5hM6sP0Gh1jD57drszNueC,"['Liam Payne', 'Rita Ora']",se,338504,50,3,True,6.000286630152898
1270,644669,2017-09-07,Training,0.2283911406993866,2.39966593990784,True,0.13321491766720986,139.96659399078402,Negative,Very High,104buTcnP2AsxqB7U1FIZ4,"['Linkin Park', 'Kiiara']",cz,17762,69,3,True,5.999164849769601
1271,2392462,2019-08-29,Validation,0.2283799797296524,2.3995486735425797,True,0.13320375669747567,139.95486735425797,Negative,Very High,3cg9A9GVyZAT2CPevqWr65,"['Ozuna', 'Anuel AA']",es,363370,103,3,True,5.998871683856449
1272,2462551,2015-09-24,Training,0.2282552272081375,2.398237920525277,True,0.13307900417596077,139.8237920525277,Negative,Very High,3hi5omgmpSIzVUW8nIWzhZ,['Tungevaag'],fr,43753,189,3,True,5.995594801313192
1273,417952,2016-02-18,Training,0.22810646891593933,2.396674943056126,True,0.1329302458837626,139.6674943056126,Negative,Very High,0eekaX32hUmJgcinPCL1iZ,['Freddy Kalas'],se,92491,193,3,True,5.991687357640315
1274,5212381,2018-08-16,Training,0.22807084023952484,2.396300598757945,True,0.1328946172073481,139.6300598757945,Negative,Very High,7m9OqQk4RVRkw9JJdeAw96,['XXXTENTACION'],no,200973,49,3,True,5.9907514968948625
1275,1526535,2015-07-16,Training,0.22800958156585693,2.3956569645422103,True,0.1328333585336802,139.56569645422104,Negative,Very High,2N3U8uTYhjX2KwGT0pf5x0,"['A$AP Rocky', 'Rod Stewart', 'Miguel', 'Mark Ronson']",be,1474,219,3,True,5.989142411355526
1276,1866062,2015-09-17,Training,0.22798793017864227,2.39542947718744,True,0.13281170714646554,139.542947718744,Positive,Very High,2rWisQk9hxSap9ZtTx45sv,['David Zowie'],ie,43166,36,3,True,5.9885736929685995
1277,278392,2018-09-13,Training,0.22796520590782166,2.395190717231469,True,0.13278898287564492,139.51907172314688,Negative,Very High,0RRT94g1fduf5thBol6fYW,['蕭秉治'],tw,31474,93,3,True,5.987976793078672
1278,4292329,2017-04-27,Training,0.22792880237102509,2.3948082316101993,True,0.13275257933884835,139.48082316101994,Negative,Very High,6RUKPb4LETWmmr3iAEQktW,"['The Chainsmokers', 'Coldplay']",lt,20024,5,3,True,5.987020579025498
1279,3527703,2015-09-10,Training,0.22785931825637817,2.3940781741185986,True,0.13268309522420144,139.40781741185987,Negative,Very High,5Nbe9vDQ1YJdreVIlhZEpP,"['Sam Smith', 'John Legend']",my,17171,71,3,True,5.985195435296497
1280,4358682,2018-06-07,Training,0.22763806581497192,2.3917535132489247,True,0.13246184278279519,139.17535132489246,Negative,Very High,6WbADFqMvR8N5u0BvtsWQE,"['Avicii', 'Sandro Cavazza']",be,56068,68,3,True,5.979383783122312
1281,1522006,2020-09-17,Validation,0.22760681807994843,2.3914251987389767,True,0.1324305950477717,139.14251987389767,Positive,Very High,2MdloxY70RQRuhtfXIzdWJ,"['ANIKV', 'SALUKI']",ru,272180,9,3,True,5.978562996847442
1282,4861027,2019-07-18,Validation,0.2274380624294281,2.3896521125085717,True,0.13226183939725136,138.96521125085718,Negative,Very High,7B7O5jgFpWfc9orZw6FN4K,['KEiiNO'],is,8843,98,3,True,5.974130281271429
1283,3375913,2019-05-23,Training,0.2274141162633896,2.3894005143123453,True,0.13223789323121285,138.94005143123454,Negative,Very High,58st6r10Ze6QomHs0BMUA8,['PNL'],fr,544652,43,3,True,5.973501285780864
1284,3901717,2015-10-01,Training,0.22727757692337036,2.387965919245749,True,0.13210135389119362,138.79659192457493,Positive,Very High,5tf1VVWniHgryyumXyJM7w,"['Robin Schulz', 'Francesco Yates']",us,1423730,61,3,True,5.969914798114373
1285,4724511,2019-06-13,Training,0.22712115943431854,2.3863224679291433,True,0.1319449364021418,138.63224679291432,Negative,Very High,6zeeWid2sgw4lap2jV61PZ,['Khalid'],us,3233590,43,3,True,5.965806169822859
1286,2463145,2015-07-16,Training,0.227046936750412,2.385542623115576,True,0.13187071371823525,138.5542623115576,Negative,Very High,3hqU61z7mbcWEB0N9GjsDo,['Roope Salminen & Koirat'],fi,11860,168,3,True,5.96385655778894
1287,3302997,2015-09-17,Training,0.22700244188308716,2.38507512329359,True,0.13182621885091042,138.507512329359,Positive,Very High,51ODNNDZm21HU7wI7cccRr,"['Disclosure', 'Sam Smith']",pl,14400,142,3,True,5.962687808233975
1288,1533944,2018-06-07,Training,0.22691506147384644,2.384157032551418,True,0.1317388384416697,138.4157032551418,Negative,Very High,2OALaHcDdKkjYEpAr0Qzab,"['Avicii', 'Rita Ora']",tw,24555,142,3,True,5.960392581378545
1289,4550166,2016-08-04,Training,0.22680456936359406,2.3829961111917313,True,0.13162834633141732,138.29961111917314,Negative,Very High,6lDo13SSgTv0WbyUQKgnjk,"['Major Lazer', 'Nyla', 'Fuse ODG']",pl,123157,21,3,True,5.957490277979328
1290,3527907,2015-09-17,Training,0.22666049003601074,2.3814822947889245,True,0.131484267003834,138.14822947889246,Negative,Very High,5Nbe9vDQ1YJdreVIlhZEpP,"['Sam Smith', 'John Legend']",sg,19918,90,3,True,5.953705736972311
1291,4327368,2021-11-25,Test,0.22660671442243535,2.3809172837823707,True,0.1314304913902586,138.09172837823706,Negative,Very High,6UZRfqrDFYr4OfcHBXnWd0,['Branco'],dk,96252,100,3,True,5.952293209455926
1292,2832608,2017-04-27,Training,0.22654730081558228,2.380293035362332,True,0.13137107778340554,138.02930353623321,Negative,Very High,4Km5HrUvYTaSUfiSGPJeQR,"['Migos', 'Lil Uzi Vert']",lv,5311,78,3,True,5.95073258840583
1293,1774405,2016-04-28,Training,0.2265237718820572,2.3800458209554614,True,0.13134754884988045,138.00458209554614,Negative,Very High,2hsza71y54ABzmabyNDtM4,['Daya'],se,238535,74,3,True,5.950114552388653
1294,4940691,2015-10-01,Training,0.2264387160539627,2.379152154182556,True,0.13126249302178597,137.9152154182556,Negative,Very High,7FJP35tUJ2121EJsFpU1Gh,"['Zedd', 'Jon Bellion']",it,36603,149,3,True,5.94788038545639
1295,3832585,2022-07-07,Test,0.22634163451249945,2.378132135333621,True,0.1311654114803227,137.8132135333621,Negative,Very High,5nujrmhLynf4yMoMtj8AQF,"['Dua Lipa', 'DaBaby']",at,35266,191,3,True,5.9453303383340526
1296,1811804,2022-04-14,Test,0.22633661014572778,2.3780793451869693,True,0.13116038711355105,137.80793451869692,Negative,Very High,2m6Ko3CY1qXNNja8AlugNc,['Troye Sivan'],id,4189175,2,3,True,5.945198362967423
1297,1369528,2021-02-18,Validation,0.22630880773067474,2.3777872300539316,True,0.131132584698498,137.77872300539315,Negative,Very High,28RZNfu3ECSTC6U8mhdL9Q,['Ektor'],cz,36105,115,3,True,5.944468075134829
1298,4275200,2018-05-31,Training,0.22619816660881042,2.3766247430551894,True,0.1310219435766337,137.66247430551894,Negative,Very High,6PvouhcF7NDx18gVoEzs14,['Ninho'],fr,387729,54,3,True,5.941561857637973
1299,2299102,2017-07-13,Training,0.22609230875968933,2.37551251307013,True,0.1309160857275126,137.551251307013,Negative,Very High,3UjSOJ00E1eLMcayBm827Q,['Salvador Sobral'],pt,40958,56,3,True,5.9387812826753255
1300,3653552,2017-06-29,Training,0.22602371871471405,2.3747918494128624,True,0.1308474956825373,137.47918494128623,Negative,Very High,5YCqzqb6yN6TsMOHb4FSVw,['Kristian Kostov'],bg,1957,164,3,True,5.936979623532156
1301,2393124,2018-12-06,Training,0.22599150240421295,2.3744533582490535,True,0.13081527937203621,137.44533582490536,Negative,Very High,3coUcc0CDAHz2QwdP7Pee8,['LANY'],ph,168139,166,3,True,5.936133395622633
1302,1533429,2018-05-31,Training,0.22598272562026978,2.3743611421086817,True,0.13080650258809304,137.43611421086817,Negative,Very High,2OALaHcDdKkjYEpAr0Qzab,"['Avicii', 'Rita Ora']",no,118852,107,3,True,5.935902855271705
1303,1363669,2020-01-16,Validation,0.22575710713863373,2.37199060801468,True,0.130580884106457,137.19906080146802,Negative,Very High,285pBltuF7vW8TeWk8hdRR,['Juice WRLD'],fi,100523,54,3,True,5.929976520036701
1304,3205530,2019-07-18,Validation,0.22574536502361298,2.3718672356571036,True,0.13056914199143624,137.18672356571037,Negative,Very High,4szQkW1CDHqbRZGltXJdd3,['Mahmood'],il,105925,2,3,True,5.9296680891427584
1305,5208785,2018-08-16,Training,0.2256484478712082,2.3708489440153766,True,0.13047222483903145,137.08489440153767,Negative,Very High,7m9OqQk4RVRkw9JJdeAw96,['XXXTENTACION'],be,63620,63,3,True,5.9271223600384415
1306,4679811,2019-08-08,Validation,0.22542701661586761,2.368522404378836,True,0.13025079358369088,136.8522404378836,Negative,Very High,6v9Cigr3hxwlfh7xkpDDsU,['Mente Fuerte'],gr,27728,54,3,True,5.921306010947091
1307,208708,2019-02-07,Training,0.2253534495830536,2.3677494483771135,True,0.13017722655087685,136.77494483771136,Negative,Very High,0JP9xo3adEtGSdUEISiszL,['XXXTENTACION'],us,3972482,36,3,True,5.919373620942784
1308,5421008,2015-09-10,Training,0.22529713809490204,2.367157793378023,True,0.1301209150627253,136.7157793378023,Positive,Very High,7zrYKlgYQv1ELz7LGyjTd1,"['Jessie J', 'Ariana Grande', 'Nicki Minaj']",at,6157,140,3,True,5.917894483445058
1309,2922683,2019-04-04,Training,0.22527605295181274,2.3669362554516633,True,0.130099829919636,136.69362554516633,Positive,Very High,4SSnFejRGlZikf02HLewEF,['Billie Eilish'],lu,8976,16,3,True,5.917340638629158
1310,2058384,2021-08-26,Test,0.22512242018818426,2.365322062760107,True,0.12994619715600753,136.53220627601067,Positive,Very High,37xytNxwRuLRuZcJMFH8w7,['Kizo'],pl,1339198,3,3,True,5.913305156900267
1311,498168,2021-05-27,Test,0.22502050572237595,2.3642512652167555,True,0.1298442826901992,136.42512652167557,Negative,Very High,0mpwQ038ZemHgycGYzLLTl,"['CA$HANOVA BULHAR', 'Nik Tendo']",cz,31501,169,3,True,5.910628163041888
1312,1844597,2019-09-05,Validation,0.22499778866767883,2.3640125810793378,True,0.1298215656355021,136.40125810793378,Negative,Very High,2qG5sZ7Si6sdK74qLxedYM,"['ROSALÍA', 'J Balvin', 'El Guincho']",ec,148826,12,3,True,5.910031452698345
1313,3214502,2015-09-10,Training,0.22495023906230927,2.363512985656713,True,0.12977401603013253,136.35129856567133,Negative,Very High,4th1RQAelzqgY7wL53UGQt,['Avicii'],br,64886,189,3,True,5.908782464141783
1314,2349103,2020-01-16,Validation,0.22492320835590363,2.363228978732037,True,0.1297469853237269,136.32289787320371,Negative,Very High,3ZCTVFBt2Brf31RLEnCkWJ,['Billie Eilish'],ae,24525,13,3,True,5.908072446830093
1315,4341556,2015-07-16,Training,0.2248571664094925,2.3625350875026196,True,0.12968094337731575,136.25350875026197,Negative,Very High,6UqRGwjwYL0stXbaodTxwo,['Tez Cadey'],be,5234,133,3,True,5.906337718756549
1316,451396,2015-09-10,Training,0.22484122216701508,2.362367564123676,True,0.12966499913483834,136.2367564123676,Positive,Very High,0hy1SOTEn9ifXTzOwnCwEr,"['Meek Mill', 'Chris Brown', 'Nicki Minaj']",tw,21448,73,3,True,5.9059189103091905
1317,2720887,2016-11-03,Training,0.22479170560836792,2.3618473022655184,True,0.12961548257619118,136.18473022655184,Negative,Very High,46NBoIAHrmR7qcUGCIFEjR,['David Guetta'],lt,1858,164,3,True,5.904618255663796
1318,2427069,2018-07-19,Training,0.22472310066223145,2.3611264820443454,True,0.1295468776300547,136.11264820443455,Negative,Very High,3ee8Jmje8o58CHK66QrVC2,['XXXTENTACION'],nl,947143,13,3,True,5.902816205110863
1319,4293427,2017-04-27,Training,0.2246866077184677,2.360743057039642,True,0.12951038468629097,136.07430570396423,Negative,Very High,6RUKPb4LETWmmr3iAEQktW,"['The Chainsmokers', 'Coldplay']",ph,1368689,2,3,True,5.901857642599105
1320,4479767,2014-09-07,Training,0.22455738484859467,2.359385334850673,True,0.12938116181641793,135.9385334850673,Positive,Very High,6fxVffaTuwjgEk5h9QyRjy,['Ed Sheeran'],gb,272889,48,3,True,5.898463337126683
1321,2552613,2022-02-24,Test,0.22442912474165333,2.358037728244158,True,0.1292529017094766,135.80377282441577,Negative,Very High,3rmo8F54jFF8OgYsqTxm5d,['Ed Sheeran'],de,928873,46,3,True,5.8950943206103945
1322,3549702,2014-09-07,Training,0.22434943914413452,2.3572004855486597,True,0.12917321611195778,135.72004855486597,Negative,Very High,5PaqFdIb4vspKAmpCqDuzz,['Nico & Vinz'],cy,1491,1,3,True,5.893001213871649
1323,3003540,2017-03-30,Training,0.22422772645950317,2.35592167156809,True,0.12905150342732644,135.59216715680898,Negative,Very High,4aWmUDTfIPGksMNLV2rQP2,"['Luis Fonsi', 'Daddy Yankee']",ad,2897,1,3,True,5.889804178920225
1324,3682925,2016-11-24,Training,0.2242061197757721,2.355694653905036,True,0.12902989674359536,135.5694653905036,Negative,Very High,5aAx2yezTd8zXrkmtKl66Z,"['The Weeknd', 'Daft Punk']",global,26423586,3,3,True,5.88923663476259
1325,5031276,2016-11-24,Training,0.2242061197757721,2.355694653905036,True,0.12902989674359536,135.5694653905036,Negative,Very High,7MXVkk9YMctZqd1Srtv4MB,"['The Weeknd', 'Daft Punk']",global,26423586,3,3,True,5.88923663476259
1326,2495548,2021-01-14,Validation,0.2240690290927887,2.354254265973934,True,0.12889280606061196,135.4254265973934,Negative,Very High,3lCbsHaN1wCxyDzcNN2x4N,"['Migrantes', 'Alico']",bo,109231,8,3,True,5.885635664934835
1327,5038426,2015-11-12,Training,0.22401532530784607,2.3536900096583158,True,0.12883910227566933,135.3690009658316,Positive,Very High,7MmG8p0F9N3C4AXdK6o6Eb,"['Calvin Harris', 'Ellie Goulding']",my,11359,143,3,True,5.884225024145789
1328,4448910,2015-07-09,Training,0.22399257123470306,2.353450936574534,True,0.12881634820252633,135.3450936574534,Negative,Very High,6eE5LWw0DpIbTOdKwDUoE8,"['Tiësto', 'KSHMR', 'VASSY']",sg,12114,123,3,True,5.883627341436335
1329,1833444,2016-01-07,Training,0.22373582422733307,2.350753340481829,True,0.12855960119515633,135.0753340481829,Negative,Very High,2pIKMEk8qb1fPFdTclvo0u,['Marka Akme'],uy,13804,43,3,True,5.876883351204572
1330,5211394,2018-07-26,Training,0.22371503710746765,2.3505349338335804,True,0.1285388140752909,135.05349338335805,Negative,Very High,7m9OqQk4RVRkw9JJdeAw96,['XXXTENTACION'],is,17411,33,3,True,5.876337334583951
1331,4292758,2017-04-27,Training,0.22367574274539948,2.3501220748146334,True,0.12849951971322274,135.01220748146335,Negative,Very High,6RUKPb4LETWmmr3iAEQktW,"['The Chainsmokers', 'Coldplay']",my,325718,2,3,True,5.8753051870365836
1332,208187,2018-08-02,Training,0.22367547452449799,2.350119256664333,True,0.12849925149232125,135.0119256664333,Negative,Very High,0JP9xo3adEtGSdUEISiszL,['XXXTENTACION'],ro,26052,7,3,True,5.875298141660833
1333,1662383,2015-09-10,Training,0.22357966005802155,2.3491125507516175,True,0.1284034370258448,134.91125507516176,Negative,Very High,2YzJaHvzsEb1LzGugXIduK,['Jay Chou'],tw,12257,161,3,True,5.872781376879043
1334,314971,2021-08-12,Test,0.2980641286747741,3.1317078906777587,True,0.20288790564259737,213.17078906777587,Flat,Very High,0UzymivvUH5s8z4PeWZJaK,['ENHYPEN'],ph,860840,25,3,True,5.871952295020797
1335,2349719,2020-01-16,Validation,0.2235095500946045,2.3483759175759835,True,0.12833332706242775,134.83759175759835,Positive,Very High,3ZCTVFBt2Brf31RLEnCkWJ,['Billie Eilish'],cy,8131,9,3,True,5.870939793939959
1336,1403974,2016-09-29,Training,0.2235015630722046,2.348291999322606,True,0.12832534004002785,134.82919993226062,Negative,Very High,2C5SHWhTWqRiheNUBPZgMf,['Innertier'],no,58388,200,3,True,5.8707299983065155
1337,3577890,2015-10-01,Training,0.22346530854701996,2.347911079340392,True,0.12828908551484322,134.7911079340392,Negative,Very High,5RIVoVdkDLEygELLCniZFr,['Silentó'],hn,8169,23,3,True,5.86977769835098
1338,2355339,2020-09-17,Validation,0.22343668341636658,2.3476103200778216,True,0.12826046038418984,134.76103200778215,Negative,Very High,3ZQ3kDvbNYIZI4uR1qQHII,['Intelligency'],ua,14125,122,3,True,5.869025800194554
1339,206799,2020-03-05,Validation,0.22340832650661469,2.3473123789655514,True,0.12823210347443795,134.73123789655514,Negative,Very High,0JP9xo3adEtGSdUEISiszL,['XXXTENTACION'],global,4982070,199,3,True,5.868280947413878
1340,1278552,2018-10-11,Training,0.22339780628681183,2.3472018448482297,True,0.1282215832546351,134.72018448482297,Negative,Very High,22ryCgQttpV7oCrn7llGRu,['BTS'],vn,5177,177,3,True,5.868004612120574
1341,4202436,2023-03-30,Test,0.22334212988362576,2.3466168625762687,True,0.12816590685144902,134.66168625762685,Negative,Very High,6JIC3hbC28JZKZ8AlAqX8h,"['Elton John', 'Dua Lipa', 'PNAU']",za,44485,190,3,True,5.866542156440672
1342,3703888,2020-09-17,Validation,0.2233322262763977,2.3465128070998844,True,0.12815600324422097,134.65128070998844,Negative,Very High,5bgOnX2KXKiC006R5hnHAJ,['kizaru'],ru,121816,54,3,True,5.866282017749711
1343,3769215,2017-03-02,Training,0.22326858341693878,2.345844122659261,True,0.12809236038476204,134.5844122659261,Positive,Very High,5j0tH4MzB4QyJLX8Ys9ofG,"['MC Kevinho', 'Mc Davi']",br,471207,76,3,True,5.864610306648153
1344,1370814,2022-07-28,Test,0.22316806487089708,2.344787991801791,True,0.12799184183872034,134.47879918017912,Positive,Very High,28k6fDcRo7iONQhMxt2OFA,['Júnior e Cézar'],br,901733,143,3,True,5.861969979504478
1345,5227687,2017-06-08,Training,0.22314885258674622,2.3445861316781302,True,0.12797262955456948,134.458613167813,Negative,Very High,7nKBxz47S9SD79N086fuhn,"['Enrique Iglesias', 'Descemer Bueno', 'Zion & Lennox']",co,184417,17,3,True,5.861465329195326
1346,5041178,2018-03-22,Training,0.22305771708488464,2.3436285868317586,True,0.1278814940527079,134.36285868317586,Negative,Very High,7MrDfa1uQGVXx0JMZ2u5tN,"['Ex Battalion', 'O.C. Dawgs']",ph,944373,7,3,True,5.859071467079397
1347,2672212,2021-09-30,Test,0.22303717703561413,2.3434127761112222,True,0.1278609540034374,134.34127761112222,Negative,Very High,42ahuAFlYGjIGBpVdHcLij,"['Bizarrap', 'Duki', 'Nicki Nicole']",ar,1412606,13,3,True,5.858531940278056
1348,886791,2020-04-02,Validation,0.22297179698944092,2.342725839352331,True,0.12779557395726418,134.2725839352331,Negative,Very High,1R4xkZXQUQ8QJtAdwHkSgC,['Samra'],ch,37402,198,3,True,5.8568145983808275
1349,1219285,2016-08-04,Training,0.2229377031326294,2.342367621136422,True,0.12776148010045266,134.23676211364221,Positive,Very High,1xznGGDReH1oQq0xzbwXa3,"['Drake', 'Wizkid', 'Kyla']",ad,1403,1,3,True,5.855919052841055
1350,4150160,2021-08-12,Test,0.2908303618012969,3.055703961933584,True,0.19565413876912016,205.57039619335842,Flat,Very High,6Fz2TpxUD0YvAPsuG8nDMJ,['SB19'],ph,1221031,13,3,True,5.729444928625471
1351,2522950,2021-08-12,Test,0.28602370891545426,3.005201297163859,True,0.19084748588327752,200.5201297163859,Flat,Very High,3pCt2wRdBDa2kCisIdHWgF,['Pamungkas'],ph,1337445,9,3,True,5.6347524321822355
1352,3199799,2021-08-12,Test,0.28373979289279166,2.981204589268753,True,0.18856356986061493,198.1204589268753,Flat,Very High,4saklk6nie3yiGePpBwUoc,['BTS'],ph,624795,32,3,True,5.589758604878911
1353,3341362,2021-08-12,Test,0.2599022922383665,2.730748121308616,True,0.16472606920618973,173.07481213086163,Flat,Very High,55RMhrPQYA6vLu5YMgXxFD,['Zack Tabudlo'],ph,1463074,6,3,True,5.120152727453656
1354,4510120,2016-09-29,Training,0.25743207335472107,2.7047939616987073,True,0.16225585032254433,170.47939616987074,Flat,Very High,6i0V12jOa3mr6uu4WYhUBr,['Twenty One Pilots'],nl,715915,15,3,True,5.0714886781850765
1355,141971,2021-08-12,Test,0.2559589507594395,2.689316119141501,True,0.16078272772726274,168.9316119141501,Flat,Very High,0ClPIeT6MSgfSgQ9ZrJbAq,['Charlie Puth'],ph,1055717,16,3,True,5.042467723390315
1356,1102827,2021-08-12,Test,0.25540468539903405,2.6834925495277115,True,0.1602284623668573,168.34925495277116,Flat,Very High,1nahzW3kfMuwReTka28tH5,['Justin Bieber'],ph,255331,110,3,True,5.031548530364459
1357,998329,2021-08-12,Test,0.25435963822057145,2.67251242082362,True,0.1591834151883947,167.251242082362,Flat,Very High,1dIWPXMX4kRHj6Dt2DStUQ,"['Blxst', 'Tyga', 'Ty Dolla $ign']",ph,969298,21,3,True,5.010960789044288
1358,3416004,2021-08-12,Test,0.253633252481754,2.664880412369451,True,0.15845702944957726,166.48804123694512,Flat,Very High,5CZ40GBx1sQ9agT82CLQCT,['Olivia Rodrigo'],ph,1342366,8,3,True,4.996650773192721
1359,5022543,2021-08-12,Test,0.25326496882404687,2.6610109201163006,True,0.15808874579187013,166.10109201163004,Flat,Very High,7MAibcTli4IisCtbHKrGMh,"['Bruno Mars', 'Anderson .Paak', 'Silk Sonic']",ph,1038733,18,3,True,4.989395475218064
1360,1296464,2021-08-12,Test,0.24868249395363934,2.6128636547130673,True,0.1535062709214626,161.28636547130674,Flat,Very High,249gnXrbfmV8NG6jTEMSwD,['BTS'],ph,376409,62,3,True,4.899119352587001
1361,1893116,2021-08-12,Test,0.2467036540626523,2.592072328602994,True,0.15152743103047556,159.2072328602994,Flat,Very High,2tGvwE8GcFKwNdAXMnlbfl,['Olivia Rodrigo'],ph,1204123,14,3,True,4.860135616130614
1362,1792503,2021-08-12,Test,0.2435730550178527,2.559179669648234,True,0.14839683198567596,155.9179669648234,Flat,Very High,2jbf9EytR7fzpSrPWAYCf9,['Adie'],ph,973164,20,3,True,4.798461880590439
1363,3457778,2021-08-12,Test,0.2435730550178527,2.559179669648234,True,0.14839683198567596,155.9179669648234,Flat,Very High,5Hm2MJQ4ECvQmH5QWCMQrR,['Adie'],ph,973164,20,3,True,4.798461880590439
1364,2998071,2021-08-12,Test,0.2419557217304836,2.542186630464253,True,0.14677949869830687,154.2186630464253,Flat,Very High,4ZtFanR9U6ndgddUvNcjcG,['Olivia Rodrigo'],ph,1302048,10,3,True,4.766599932120474
1365,4172031,2021-08-12,Test,0.23965805903344067,2.5180454886554826,True,0.14448183600126394,151.80454886554827,Flat,Very High,6HU7h9RYOaPRFeh0R3UeAr,['Olivia Rodrigo'],ph,1201883,15,3,True,4.72133529122903
1366,3078691,2021-08-12,Test,0.23774679020043182,2.4979641198837603,True,0.14257056716825509,149.79641198837604,Flat,Very High,4iJyoBOLtHqaGxP12qzhQI,"['Justin Bieber', 'Daniel Caesar', 'Giveon']",ph,917088,22,3,True,4.6836827247820505
1367,4611643,2015-08-13,Training,0.23703311383724213,2.4904656466259127,True,0.1418568908050654,149.04656466259127,Flat,Very High,6pIZ0u32c2Lku8PmCWtnMy,['Years & Years'],pt,30582,30,3,True,4.669623087423586
1368,999417,2021-08-12,Test,0.23491265384887,2.4681863428164386,True,0.13973643081669326,146.81863428164385,Flat,Very High,1dcNEEtODRVZEevQ20Cgmy,['Zack Tabudlo'],ph,1045847,17,3,True,4.627849392780822
1369,3940569,2021-08-12,Test,0.2348704149136464,2.467742545680159,True,0.13969419188146967,146.77425456801592,Flat,Very High,5wANPM4fQCJwkGd4rN57mH,['Olivia Rodrigo'],ph,807191,27,3,True,4.627017273150299
1370,861205,2021-08-12,Test,0.23475485758428577,2.466528404945434,True,0.13957863455210903,146.6528404945434,Flat,Very High,1NUw61RX4Wtmxw7CLiP4kP,['Moira Dela Torre'],ph,332965,72,3,True,4.624740759272688
1371,717380,2021-08-12,Test,0.23205486729249228,2.438160077165914,True,0.13687864426031554,143.8160077165914,Flat,Very High,16iRlyUMJVPqz62DlomMre,['NOBITA'],ph,724264,29,3,True,4.571550144686089
1372,1416819,2015-08-13,Training,0.23017926514148712,2.4184534520104792,True,0.13500304210931038,141.84534520104793,Flat,Very High,2D7ug4cz4Kt0Sys1h4gzDg,['Mabel Matiz'],tr,31588,43,3,True,4.534600222519648
1373,5066453,2021-08-12,Test,0.2300974205299082,2.417593524930254,True,0.13492119749773146,141.7593524930254,Flat,Very High,7bUvgvAf0tdQIty95lV5wf,"['Skusta Clee', 'Yuridope']",ph,297437,85,3,True,4.532987859244226
1374,4154885,2015-09-03,Training,0.22883714735507965,2.4043520541649928,True,0.1336609243229029,140.4352054164993,Flat,Very High,6GRDI9suQHikFP6euIXnpq,['Family of the Year'],tw,17668,91,3,True,4.508160101559361
1375,3181090,2021-08-12,Test,0.22809097344988533,2.396512134892907,True,0.1329147504177086,139.6512134892907,Flat,Very High,4qu63nuBpdn0qHUHuObEj1,"['Marshmello', 'Jonas Brothers']",ph,542453,45,3,True,4.4934602529242005
1376,2127414,2021-08-12,Test,0.2245700089518582,2.3595179741051147,True,0.12939378591968145,135.95179741051146,Flat,Very High,3DarAbFujv6eYNliUTyqtz,"['Doja Cat', 'SZA']",ph,1033119,19,3,True,4.424096201447091
