source_artist_label,match_status
"Elton John, Dua Lipa, PNAU",artist_not_found
"The Weeknd, Daft Punk",artist_not_found
"Major Lazer, MØ, DJ Snake",artist_not_found
"Mark Ronson, Bruno Mars",artist_not_found
"The Chainsmokers, Coldplay",artist_not_found
"Drake, Wizkid, Kyla",artist_not_found
"Avicii, Sandro Cavazza",artist_not_found
"Sam Smith, John Legend",artist_not_found
"Pitbull, Ne-Yo",artist_not_found
"Disclosure, Sam Smith",artist_not_found
"Avicii, Rita Ora",artist_not_found
Family of the Year,artist_not_found
"Flo Rida, Sage The Gemini, Lookas",artist_not_found
"OMI, Felix Jaehn",artist_not_found
"Wiz Khalifa, Charlie Puth",artist_not_found
"AronChupa, Little Sis Nora",artist_not_found
"Pitbull, Chris Brown",artist_not_found
"Luis Fonsi, Daddy Yankee",artist_not_found
"Tiësto, KSHMR, VASSY",artist_not_found
"Enrique Iglesias, Descemer Bueno, Gente De Zona",artist_not_found
"Linkin Park, Kiiara",artist_not_found
"Nicky Jam, Enrique Iglesias",artist_not_found
"Bad Bunny, Drake",artist_not_found
"Eminem, Nate Dogg",artist_not_found
"Robin Schulz, Ilsey",artist_not_found
"BTS, Halsey",artist_not_found
"Fifth Harmony, Kid Ink",artist_not_found
"Martin Garrix, Usher",artist_not_found
"DJ Snake, AlunaGeorge",artist_not_found
"DJ Snake, Justin Bieber",artist_not_found
"Light, Hawk",artist_not_found
"Robin Schulz, Francesco Yates",artist_not_found
"Flo Rida, Robin Thicke, Verdine White",artist_not_found
"Calvin Harris, Ellie Goulding",artist_not_found
"Gente De Zona, Marc Anthony",artist_not_found
"Fetty Wap, Remy Boyz",artist_not_found
"Dua Lipa, DaBaby",artist_not_found
"Bizarrap, Nicky Jam",artist_not_found
"Deorro, Chris Brown",artist_not_found
"Rae Sremmurd, Gucci Mane",artist_not_found
"Meghan Trainor, John Legend",artist_not_found
"Jeremih, Flo Rida",artist_not_found
"Felix Jaehn, Jasmine Thompson",artist_not_found
"Lilly Wood and The Prick, Robin Schulz",artist_not_found
"David Guetta, Afrojack, Bebe Rexha, Nicki Minaj",artist_not_found
"KALUSH, Kalush Orchestra",artist_not_found
"Marshmello, Bastille",artist_not_found
"Kygo, Parson James",artist_not_found
"Omarion, Chris Brown, Jhené Aiko",artist_not_found
"Jack Ü, Skrillex, Diplo, Justin Bieber",artist_not_found
"Matoma, The Notorious B.I.G., Ja Rule, Ralph Tresvant",artist_not_found
"Kygo, Conrad Sewell",artist_not_found
"Macklemore & Ryan Lewis, Macklemore, Ryan Lewis, Ray Dalton",artist_not_found
"A$AP Rocky, Rod Stewart, Miguel, Mark Ronson",artist_not_found
"Post Malone, 21 Savage",artist_not_found
"JóiPé, Króli",artist_not_found
"Mike Posner, Seeb",artist_not_found
"Selena Gomez, Marshmello",artist_not_found
"SNIK, SALVA",artist_not_found
"Calvin Harris, Rihanna",artist_not_found
"Charlie Puth, Meghan Trainor",artist_not_found
"Selena Gomez, Gucci Mane",artist_not_found
"Justin Bieber, Daniel Caesar, Giveon",artist_not_found
"David Guetta, Sia",artist_not_found
"David Guetta, Sam Martin",artist_not_found
"Bizarrap, Shakira",artist_not_found
"Calin, STEIN27",artist_not_found
"Luis Fonsi, Daddy Yankee, Justin Bieber",artist_not_found
"Enrique Iglesias, Wisin",artist_not_found
Silentó,artist_not_found
"SAINt JHN, Imanbek",artist_not_found
"Ariana Grande, Iggy Azalea",artist_not_found
"Pitbull, Kesha",artist_not_found
"Jessie J, Ariana Grande, Nicki Minaj",artist_not_found
"Marama, Fer Vazquez",artist_not_found
"Mr. Probz, Robin Schulz",artist_not_found
"Vigiland, Tham Sway",artist_not_found
"Lady Gaga, Bradley Cooper",artist_not_found
"The Chainsmokers, Halsey",artist_not_found
"Rihanna, Kanye West, Paul McCartney",artist_not_found
"Lil Peep, XXXTENTACION",artist_not_found
"Daft Punk, Pharrell Williams, Nile Rodgers",artist_not_found
"Don Omar, Natti Natasha",artist_not_found
"Mahmood, BLANCO",artist_not_found
"SNIK, Guè, Noizy, Capo Plaza",artist_not_found
"Billie Eilish, Khalid",artist_not_found
"Zedd, Jon Bellion",artist_not_found
"Clean Bandit, Jess Glynne",artist_not_found
"ROSALÍA, J Balvin, El Guincho",artist_not_found
"Justin Bieber, BloodPop®",artist_not_found
"Mora, Bad Bunny, Sech",artist_not_found
"Jhayco, Anuel AA, J Balvin",artist_not_found
"Pitbull, John Ryan",artist_not_found
"Katy Perry, Juicy J",artist_not_found
"Lady Gaga, BLACKPINK",artist_not_found
"Avicii, Aloe Blacc",artist_not_found
"Bizarrap, Eladio Carrion",artist_not_found
"Ed Sheeran, Justin Bieber",artist_not_found
"DJ Snake, Lil Jon",artist_not_found
"Camila Cabello, Young Thug",artist_not_found
"ZAYN, Sia",artist_not_found
"Shawn Mendes, Camila Cabello",artist_not_found
"Pop Smoke, Lil Baby, DaBaby",artist_not_found
"Pia Mia, Chris Brown, Tyga",artist_not_found
"Meek Mill, Chris Brown, Nicki Minaj",artist_not_found
"R. City, Adam Levine",artist_not_found
"Maroon 5, Christina Aguilera",artist_not_found
"Maroon 5, Wiz Khalifa",artist_not_found
"Post Malone, Swae Lee",artist_not_found
"XXXTENTACION, Trippie Redd",artist_not_found
"Alesso, Tove Lo",artist_not_found
"Selena Gomez, A$AP Rocky",artist_not_found
"Paulo e Nathan, Hugo & Guilherme",artist_not_found
"Kygo, Selena Gomez",artist_not_found
"Powfu, beabadoobee",artist_not_found
"Sam Feldt, Kimberly Anne",artist_not_found
"Wisin, Carlos Vives, Daddy Yankee",artist_not_found
"Mora, Jhayco",artist_not_found
"Piso 21, Manuel Turizo",artist_not_found
"Juice WRLD, Trippie Redd",artist_not_found
"Ariana Grande, Nicki Minaj",artist_not_found
"The Weeknd, Ariana Grande",artist_not_found
"Anna Naklab, Alle Farben, YouNotUs",artist_not_found
"Ariana Grande, Lil Wayne",artist_not_found
"Anuel AA, KAROL G",artist_not_found
"Maroon 5, Cardi B",artist_not_found
"Robin Schulz, Jasmine Thompson",artist_not_found
"Post Malone, Quavo",artist_not_found
"J Balvin, Bad Bunny",artist_not_found
"Feder, Lyse",artist_not_found
"Marvin Gaye, Kygo",artist_not_found
"Mente Fuerte, Hawk, Baghdad",artist_not_found
"Bossikan, Light",artist_not_found
"ElGrandeToto, Hamza",artist_not_found
"ElGrandeToto, Smallx",artist_not_found
"Gemitaiz, MadMan",artist_not_found
"ElGrandeToto, 3robi",artist_not_found
"ElGrandeToto, Damso",artist_not_found
"Mad Clip, Hawk, Light, Sapranov",artist_not_found
"Davido, Sunday Service Choir",artist_not_found
"SNIK, Rack",artist_not_found
"SNIK, FLY LO, Mike G",artist_not_found
"SNIK, GAMEBOY",artist_not_found
"SNIK, VLOSPA",artist_not_found
"SNIK, TOQUEL",artist_not_found
"ElGrandeToto, Farid Bang",artist_not_found
"SNIK, Capo Plaza",artist_not_found
"SNIK, Marseaux",artist_not_found
"Đen, MTV Band",artist_not_found
"Mad Clip, Skive",artist_not_found
"Mad Clip, Skive, Justodd Beats",artist_not_found
"Mad Clip, Light, Skive",artist_not_found
"benny blanco, Selena Gomez, J Balvin, Tainy",artist_not_found
"Mad Clip, FLY LO",artist_not_found
"Mad Clip, Fy, Thug Slime",artist_not_found
"Bsw, LMEN PRALA, T. Danny",artist_not_found
"Staysman & Lazz, Staysman, Ringnes-Ronny",artist_not_found
"Avicii, Vargas & Lagola",artist_not_found
"Mad Clip, Rack, Strat",artist_not_found
"Mad Clip, Light, MUNEYLXRD",artist_not_found
"VLOSPA, Light",artist_not_found
"Mad Clip, Josephine",artist_not_found
"Mad Clip, Light, Red face",artist_not_found
"Jonas Blue, Jack & Jack",artist_not_found
"Ed Sheeran, Khalid",artist_not_found
"Juice WRLD, SUGA, BTS",artist_not_found
"Lauv, LANY",artist_not_found
"Bizarrap, Duki, Nicki Nicole",artist_not_found
"Maggie Lindemann, Cheat Codes, CADE",artist_not_found
"Wisin, Jhayco, Anuel AA, Los Legendarios, Myke Towers",artist_not_found
"Super Yei, Jone Quest, Sammy, Myke Towers, Lenny Tavárez, Rafa Pabön",artist_not_found
"Armin van Buuren, Mr. Probz",artist_not_found
"Internet Money, Gunna, Don Toliver, NAV",artist_not_found
"Major Lazer, Nyla, Fuse ODG",artist_not_found
"Doja Cat, SZA",artist_not_found
"Tungevaag, Raaban, Emila",artist_not_found
"Calvin Harris, Disciples",artist_not_found
"Axwell /\ Ingrosso, Axwell, Sebastian Ingrosso",artist_not_found
"J Balvin, Willy William",artist_not_found
"Calvin Harris, John Newman",artist_not_found
"24kGoldn, iann dior",artist_not_found
"Nicky Jam, Anuel AA",artist_not_found
"Lil Wayne, Wiz Khalifa, Imagine Dragons, X Ambassadors, Logic, Ty Dolla $ign",artist_not_found
"Eminem, Rihanna",artist_not_found
"John Legend, Jason Agel, Tiësto",artist_not_found
"French Montana, Swae Lee",artist_not_found
"Jolin Tsai, Namie Amuro",artist_not_found
"Martin Garrix, Dua Lipa",artist_not_found
"Bizarrap, Snow Tha Product",artist_not_found
"Bizarrap, YSY A",artist_not_found
"J Balvin, Bad Bunny, Marciano Cantero",artist_not_found
"Lost Frequencies, Janieck Devy",artist_not_found
"Maroon 5, Kendrick Lamar",artist_not_found
"MC Kevinho, Mc Davi",artist_not_found
"Charlie Puth, Selena Gomez",artist_not_found
"Chino & Nacho, Daddy Yankee",artist_not_found
"Cali Y El Dandee, Juan Magán, Sebastian Yatra",artist_not_found
"Anuel AA, Daddy Yankee, KAROL G, J Balvin, Ozuna",artist_not_found
"Jason Derulo, Nicki Minaj, Ty Dolla $ign",artist_not_found
"Natalie La Rose, Jeremih",artist_not_found
"Sech, Justin Quiles, Maluma, Nicky Jam, Farruko, Dalex, Lenny Tavárez",artist_not_found
"Wisin & Yandel, ROSALÍA",artist_not_found
"Hawk, Sapranov",artist_not_found
"Dalex, Rafa Pabön, KHEA, Sech, Feid, Cazzu, Lenny Tavárez",artist_not_found
"Sech, Darell",artist_not_found
"The Kid LAROI, Justin Bieber",artist_not_found
"Jonas Blue, JP Cooper",artist_not_found
"Tilly Birds, MILLI",artist_not_found
"Bedoes 2115, Lanek",artist_not_found
"Piso 21, Maluma",artist_not_found
"Dr. Dre, Snoop Dogg",artist_not_found
"C. Tangana, Toquinho",artist_not_found
"Marshmello, Khalid",artist_not_found
"Reik, Maluma",artist_not_found
"Bruno Mars, Anderson .Paak, Silk Sonic",artist_not_found
"Duki, KHEA",artist_not_found
"Louane, Tristan Salvati",artist_not_found
"Silent Sanctuary, Ashley Gosiengfiao",artist_not_found
"Migrantes, Alico",artist_not_found
"Snoop Dogg, Wiz Khalifa, Bruno Mars",artist_not_found
"Camilo, Evaluna Montaner",artist_not_found
"Major Lazer, Ellie Goulding, Tarrus Riley",artist_not_found
"Bizarrap, Tiago PZK",artist_not_found
"Nicki Minaj, Skylar Grey",artist_not_found
"Fiersa Besari, Thantri Sundari",artist_not_found
"Jhayco, J Balvin, Bad Bunny",artist_not_found
"Pedro Capó, Farruko",artist_not_found
"Major Lazer, Justin Bieber, MØ",artist_not_found
"Rauw Alejandro, Baby Rasta",artist_not_found
"KAROL G, J Balvin, Nicky Jam",artist_not_found
"Cheat Codes, Kris Kross Amsterdam",artist_not_found
"Surf Mesa, Emilee",artist_not_found
"Khalid, Disclosure",artist_not_found
"Hailee Steinfeld, Grey, Zedd",artist_not_found
"Giorgio Moroder, Sia",artist_not_found
"Eva Simons, Konshens",artist_not_found
"BANDIDO, Duki, Rei, Tiago PZK",artist_not_found
"Blonde, Alex Newell",artist_not_found
"Dímelo Flow, Nicky Jam, Sech, Farruko, Zion, Lunay",artist_not_found
"Alejandro Sanz, Alejandro Fernández",artist_not_found
"Juan Magán, Gente De Zona",artist_not_found
"Chris Brown, Young Thug",artist_not_found
"Jay Chou, Gary Yang",artist_not_found
"Zara Larsson, MNEK",artist_not_found
"DENNIS, MC Nandinho, Nego Bam",artist_not_found
"Tiago PZK, LIT killah",artist_not_found
"Bizarrap, L-Gante",artist_not_found
"Kygo, Ella Henderson",artist_not_found
"Post Malone, Ty Dolla $ign",artist_not_found
"Lady Gaga, Ariana Grande",artist_not_found
"Liam Payne, Rita Ora",artist_not_found
"CA$HANOVA BULHAR, Nik Tendo",artist_not_found
"Martin Solveig, Good Times Ahead",artist_not_found
"The Chainsmokers, Daya",artist_not_found
"Topic, A7S",artist_not_found
"Lil Kleine, Ronnie Flex",artist_not_found
"kizaru, HoodRich Pablo Juan",artist_not_found
"Tiago PZK, LIT killah, Maria Becerra, Nicki Nicole",artist_not_found
"Tainy, Bad Bunny, Julieta Venegas",artist_not_found
"Sebastian Yatra, Reik",artist_not_found
"Ariana Grande, Zedd",artist_not_found
"Clean Bandit, Zara Larsson",artist_not_found
"Myke Towers, Farruko, Arcangel, Sech, Zion",artist_not_found
"CNCO, Yandel",artist_not_found
"Jawsh 685, Jason Derulo",artist_not_found
"Shaggy, Mohombi, Faydee, Costi",artist_not_found
"P!nk, Nate Ruess",artist_not_found
"Drake, Rihanna",artist_not_found
"Dalex, Nicky Jam, Justin Quiles, Sech, Lenny Tavárez, Feid, Rafa Pabön",artist_not_found
"Molo, Benny Jamz, Gilli, MellemFingaMuzik",artist_not_found
"Maluma, Fifth Harmony",artist_not_found
"Richie Campbell, Gson",artist_not_found
"Manuel Turizo, Rauw Alejandro, Myke Towers",artist_not_found
"Regula, Blaya",artist_not_found
"Bad Bunny, Rauw Alejandro",artist_not_found
"Quebonafide, Duit, Daria Zawiałow",artist_not_found
"Juno Mak, Kay Tse",artist_not_found
"Mikael Gabriel, Isac Elliot",artist_not_found
"Wisin & Yandel, Romeo Santos",artist_not_found
"Rauw Alejandro, Chencho Corleone, KEVVO, Bryant Myers, Lyanno, Dalex",artist_not_found
"Alan Walker, Sabrina Carpenter, Farruko",artist_not_found
"Natti Natasha, Bad Bunny",artist_not_found
"Klava Koka, NILETTO",artist_not_found
"ChiChi Peralta, Jandy Feliz",artist_not_found
"Marracash, Luchè, Lazza, Paky, Taxi B",artist_not_found
"Cosculluela, Bad Bunny",artist_not_found
"thasup, Nayt",artist_not_found
"KHEA, Duki, Cazzu, Omar Varela, MYKKA",artist_not_found
"James Hersey, filous",artist_not_found
"DJ Khaled, Rihanna, Bryson Tiller",artist_not_found
"ZAYN, Taylor Swift",artist_not_found
"Zola, Ninho",artist_not_found
"Tiësto, Dzeko, Preme, Post Malone",artist_not_found
"Birnir, Herra Hnetusmjör",artist_not_found
"Teflon Brothers, Tango-Teemu",artist_not_found
"Marshmello, Jonas Brothers",artist_not_found
"Migos, Lil Uzi Vert",artist_not_found
Intelligency,artist_not_found
"Enrique Iglesias, Descemer Bueno, Zion & Lennox",artist_not_found
"Lil Nas X, Jack Harlow",artist_not_found
"Jonas Blue, William Singe",artist_not_found
"Hoang Thuy Linh, Binz",artist_not_found
"Tainy, Anuel AA, Ozuna",artist_not_found
"Riton, Nightcrawlers, Mufasa & Hypeman, Dopamine",artist_not_found
"Romeo Santos, Drake",artist_not_found
"Justin Bieber, Chance the Rapper",artist_not_found
"Majk Spirit, Maxo",artist_not_found
"Nane, El Nino",artist_not_found
"Camilo, El Alfa",artist_not_found
"Maroon 5, Megan Thee Stallion",artist_not_found
"Bad Bunny, Jhay Cortez",artist_not_found
"Pil C, Rytmus",artist_not_found
"Galantis, David Guetta, Little Mix",artist_not_found
"JP Saxe, Julia Michaels",artist_not_found
"Joel Corry, MNEK",artist_not_found
"Azahriah, DESH",artist_not_found
"Anuel AA, Haze",artist_not_found
"benny blanco, Halsey, Khalid",artist_not_found
"Bad Bunny, Jowell & Randy, Ñengo Flow",artist_not_found
"Chris Brown, Tyga",artist_not_found
"David Guetta, Showtek, VASSY",artist_not_found
"Iggy Azalea, Charli XCX",artist_not_found
"G-Eazy, Bebe Rexha",artist_not_found
"Sech, Daddy Yankee, J Balvin, ROSALÍA, Farruko",artist_not_found
"Jay Wheeler, DJ Nelson, Myke Towers",artist_not_found
"Abraham Mateo, Farruko, Christian Daniel",artist_not_found
"Rihanna, Calvin Harris",artist_not_found
"Drake, Majid Jordan",artist_not_found
"Logic, Alessia Cara, Khalid",artist_not_found
"Ricky Martin, Yotuel",artist_not_found
"J Balvin, Zion & Lennox",artist_not_found
"Mad Clip, Display",artist_not_found
"Nicki Minaj, Drake, Lil Wayne",artist_not_found
"Nekfeu, Damso",artist_not_found
"Sam Smith, A$AP Rocky",artist_not_found
"Secreto ""El Famoso Biberon"", Black Jonas Point, Liro Shaq",artist_not_found
"Đen, MIN",artist_not_found
"Inkonnu, Iguidr",artist_not_found
"Sebastian Yatra, Beret",artist_not_found
"C. Tangana, Jorge Drexler",artist_not_found
"SNIK, Light, Mad Clip",artist_not_found
"Nerieš, Kontrafakt",artist_not_found
"Nane, Ian",artist_not_found
"Nane, Oscar, Super Ed",artist_not_found
"SB Maffija, Bedoes 2115, White 2115, Kuqe 2115, flexxy2115, Blacha 2115, Lanek",artist_not_found
"Gazapizm, Cash Flow, Boykot, ZEZE",artist_not_found
"LEX, Dof Twogee",artist_not_found
"Nerieš, Separ",artist_not_found
"Lauv, BTS",artist_not_found
"Senidah, RAF Camora",artist_not_found
"Maluma, Nego do Borel",artist_not_found
"Mata, White 2115, Maurycy Żółtański",artist_not_found
"SNIK, TOQUEL, MG, GAMEBOY",artist_not_found
"Inkonnu, Asmae",artist_not_found
"Los Legendarios, Wisin, Jhayco",artist_not_found
"Nathan Sykes, Ariana Grande",artist_not_found
"LEX, Beats Pliz",artist_not_found
"LEX, Night Grind",artist_not_found
"Inkonnu, Smallx",artist_not_found
"LEX, Solid",artist_not_found
"C. Tangana, Niño de Elche",artist_not_found
"Rudimental, Anne-Marie, Will Heard",artist_not_found
"Thomas Acda, Paul de Munnik, Maan, Typhoon",artist_not_found
"ElGrandeToto, Lefa",artist_not_found
"Wegz, Ash",artist_not_found
"Musicologo The Libro, Lapiz Conciente",artist_not_found
"Azteca, Ian",artist_not_found
"SB Maffija, Kinny Zimmer, Beteo, Białas, Janusz Walczuk, Adi Nowak, Pedro, francis",artist_not_found
"Highsnob, Hu",artist_not_found
"A Boogie Wit da Hoodie, Capo Plaza",artist_not_found
"Naps, Ninho",artist_not_found
"ibe, Blacflaco, Elastinen",artist_not_found
"David Carreira, MC Kevinho",artist_not_found
"Jack Ü, Skrillex, Diplo, kai",artist_not_found
"DJ-MK, M.s, MJ",artist_not_found
"Ditonellapiaga, Donatella Rettore",artist_not_found
"D-Double, Broederliefde, SBMG",artist_not_found
"10AGE, Ramil'",artist_not_found
"6ix9ine, Anuel AA",artist_not_found
"Niska, Ninho",artist_not_found
"Boef, Dopebwoy",artist_not_found
"Young Stunna, Kabza De Small, DJ Maphorisa",artist_not_found
"Manuel, T. Danny",artist_not_found
"Blxst, Tyga, Ty Dolla $ign",artist_not_found
"Manuel, Ekhoe",artist_not_found
"Nio Garcia, Rauw Alejandro, Lenny Tavárez, Myke Towers, Casper Magico, Darell",artist_not_found
"No.1, Melek Mosso",artist_not_found
"Architrackz, CHO, Equalz, Mula B",artist_not_found
"Ermal Meta, Fabrizio Moro",artist_not_found
"Morgan Sulele, Katastrofe",artist_not_found
"Pezet, Kayah",artist_not_found
"Ngô Kiến Huy, Masew",artist_not_found
"Emma Steinbakken, Hver gang vi møtes",artist_not_found
"Inkonnu, Hindi Zahra",artist_not_found
"Quevedo, Myke Towers",artist_not_found
"ReTo, Kubi Producent",artist_not_found
"Chamaco, Boza",artist_not_found
"Beatriz Luengo, Mala Rodríguez",artist_not_found
"club2020, Oki, Otsochodzi, Taco Hemingway, Young Leosia, Dwa Sławy, Gruby Mielzky",artist_not_found
"Boef, Numidia",artist_not_found
"Gulddreng, Skinz",artist_not_found
"Lukas Leon, Cheek, Etta",artist_not_found
"Inkonnu, Nouvo",artist_not_found
"Juan Magán, Dario",artist_not_found
"DJ Snake, Ozuna, Megan Thee Stallion, LISA",artist_not_found
"Bad Bunny, Prince Royce, J Balvin, Mambo Kingz, DJ Luian",artist_not_found
"El Alfa, Lil Pump",artist_not_found
"Henrik von Grogg, Henrik Viken",artist_not_found
"Maluma, Becky G, Anitta",artist_not_found
"RSAC, ELLA",artist_not_found
"L-Gante, El Mas Ladron, DT.Bilardo",artist_not_found
"Raisa, Isyana Sarasvati",artist_not_found
"Skusta Clee, Yuridope",artist_not_found
"Maluma, Bad Bunny, Arcangel, Ñengo Flow, De La Ghetto",artist_not_found
"Ozuna, Anuel AA",artist_not_found
"ANIKV, SALUKI",artist_not_found
"Ex Battalion, O.C. Dawgs",artist_not_found
"Mark Forster, Sido",artist_not_found
"Thalia, Maluma",artist_not_found
"Osmani Garcia ""La Voz"", Pitbull, Sensato",artist_not_found
"Sech, Ozuna",artist_not_found
"Ir Sais, Rauw Alejandro",artist_not_found
"Rauw Alejandro, Farruko",artist_not_found
"Zac Efron, Zendaya",artist_not_found
"Steve Aoki, BTS",artist_not_found
"Ariana Grande, Justin Bieber",artist_not_found
"Karel Gott, Charlotte Ella Gottová",artist_not_found
"Moby, Damien Jurado, Sebastien",artist_not_found
"Lomepal, Roméo Elvis",artist_not_found
"KAROL G, Maluma",artist_not_found
"The Weeknd, Kygo",artist_not_found
"Pritam, Arijit Singh",artist_not_found
"Daddy Yankee, Ozuna",artist_not_found
"Arcangel, Sech, Dímelo Flow",artist_not_found
"Bad Bunny, Tainy",artist_not_found
"Wisin, Ozuna",artist_not_found
"Carlos Vives, Sebastian Yatra",artist_not_found
"Lunay, Daddy Yankee, Bad Bunny",artist_not_found
"Shakira, Maluma",artist_not_found
"Arcangel, Bad Bunny, Mambo Kingz, DJ Luian",artist_not_found
"Einár, ADAAM",artist_not_found
"Wisin, Jennifer Lopez, Ricky Martin",artist_not_found
"Carlos Vives, Shakira",artist_not_found
"Nio Garcia, Casper Magico, Bad Bunny, Darell, Ozuna, Nicky Jam",artist_not_found
"DJ Khaled, Justin Bieber, Quavo, Chance the Rapper, Lil Wayne",artist_not_found
"Y2K, bbno$",artist_not_found
"Clean Bandit, Demi Lovato",artist_not_found
"Pitbull, Gente De Zona",artist_not_found
"Piso 21, Christian Nodal",artist_not_found
"Anuel AA, Romeo Santos",artist_not_found
"Chris Brown, Lil Wayne, Tyga",artist_not_found
"Capital Bra, Loredana",artist_not_found
"Nio Garcia, Flow La Movie",artist_not_found
"Ofenbach, Quarterhead, Norma Jean Martine",artist_not_found
"Los Ángeles Azules, Natalia Lafourcade",artist_not_found
"Rauw Alejandro, Anuel AA",artist_not_found
"Alan Walker, Noah Cyrus, Digital Farm Animals, Juliander",artist_not_found
"Rauw Alejandro, Mr. Naisgai",artist_not_found
"Rihanna, Drake",artist_not_found
"David Guetta, Justin Bieber",artist_not_found
"Myke Towers, Juhn",artist_not_found
"Marshmello, Anne-Marie",artist_not_found
"Deliric, Silent Strike",artist_not_found
"Calvin Harris, Dua Lipa",artist_not_found
"filous, James Hersey",artist_not_found
"Kina, Snøw",artist_not_found
"DaBaby, Roddy Ricch",artist_not_found
"Calvin Harris, Alesso, Hurts",artist_not_found
"R3HAB, Jolin Tsai",artist_not_found
"Yandel, Daddy Yankee",artist_not_found
"Sofía Reyes, Wisin",artist_not_found
"Juice WRLD, Marshmello",artist_not_found
"Dan + Shay, Justin Bieber",artist_not_found
"Mambo Kingz, DJ Luian, Anuel AA, KAROL G, Arcangel",artist_not_found
"Nio Garcia, Anuel AA, Myke Towers, Brray, Juanka",artist_not_found
"Fifth Harmony, Ty Dolla $ign",artist_not_found
"Macklemore, Skylar Grey",artist_not_found
"Snakehips, Tinashe, Chance the Rapper",artist_not_found
"DJ Snake, Bipolar Sunshine",artist_not_found
"Tove Lo, Hippie Sabotage",artist_not_found
"Kelvin Jones, Faul & Wad",artist_not_found
"Anuel AA, Daddy Yankee, Zion & Lennox, Farruko, Wisin",artist_not_found
"Ozuna, J Balvin, Chencho Corleone",artist_not_found
"Jhayco, Anuel AA",artist_not_found
"Robin Schulz, James Blunt",artist_not_found
"SLANDER, Dylan Matthew",artist_not_found
"zzoilo, Aitana",artist_not_found
"Beyoncé, JAY-Z",artist_not_found
"Rudimental, Ed Sheeran",artist_not_found
"Jay Chou, A-Mei Chang",artist_not_found
"FLY LO, Mike G",artist_not_found
"Martin Garrix, Bebe Rexha",artist_not_found
"Wisin, Michel Teló",artist_not_found
"Daddy Yankee, Bad Bunny",artist_not_found
"Young Thug, Travis Scott",artist_not_found
"DJ Khaled, Drake",artist_not_found
"Joel Corry, RAYE, David Guetta",artist_not_found
"Branco, Gilli",artist_not_found
"Keala Settle, The Greatest Showman Ensemble",artist_not_found
"Peking Duk, Nicole Millar",artist_not_found
"Bad Bunny, Sech",artist_not_found
"Jason Derulo, Jennifer Lopez, Matoma",artist_not_found
"Black Eyed Peas, J Balvin",artist_not_found
"Daniel Caesar, H.E.R.",artist_not_found
"Viktor Sheen, Yzomandias",artist_not_found
"Nicky Jam, Ozuna",artist_not_found
"Becky G, Paulo Londra",artist_not_found
"Charly Black, Daddy Yankee",artist_not_found
"Prince Royce, Shakira",artist_not_found
"Eladio Carrion, Zion & Lennox, Wisin & Yandel, Lunay",artist_not_found
"Reykon, Daddy Yankee",artist_not_found
"Carlos Vives, Marc Anthony",artist_not_found
"GIMS, Maluma",artist_not_found
"Mau y Ricky, Manuel Turizo, Camilo",artist_not_found
"Alex Rose, Rauw Alejandro, Lenny Tavárez, Cazzu, Lyanno",artist_not_found
"Lil Tjay, 6LACK",artist_not_found
"MEDUZA, Goodboys",artist_not_found
"Enrique Iglesias, Yandel, Juan Magán",artist_not_found
"J-AX, Fedez",artist_not_found
"Juan Magán, Belinda, Manuel Turizo, Snova, B-Case",artist_not_found
"Sean Paul, Dua Lipa",artist_not_found
"Farruko, Ky-Mani Marley",artist_not_found
Lifehouse,artist_not_found
"SIDARTA, ObieDaz, Pala Tranx",artist_not_found
"Juice WRLD, Halsey",artist_not_found
"Alesso, Roy English",artist_not_found
"Jidenna, Roman GianArthur",artist_not_found
"NLE Choppa, Roddy Ricch",artist_not_found
"The Rudeboyz, Jowell & Randy, Manuel Turizo",artist_not_found
"G-Eazy, Kehlani",artist_not_found
"Hailee Steinfeld, Alesso, Florida Georgia Line, WATT",artist_not_found
"Mente Fuerte, Young Montanas, Mad Clip, TOQUEL",artist_not_found
"NEIKED, Dyo",artist_not_found
"Jonas Blue, Dakota",artist_not_found
"The Chainsmokers, ROZES",artist_not_found
"MG, DJ Stephan, Gosei",artist_not_found
"A Great Big World, Christina Aguilera",artist_not_found
"Calvin Harris, Pharrell Williams, Katy Perry, Big Sean, Funk Wav",artist_not_found
"Chino & Nacho, Farruko, Arbise González",artist_not_found
"Spekti, Tasis",artist_not_found
"Dynoro, Gigi D'Agostino",artist_not_found
"Yandel, El General Gadiel",artist_not_found
"Liam Payne, Quavo",artist_not_found
"Bazzi, Camila Cabello",artist_not_found
"Devi Sri Prasad, Sid Sriram",artist_not_found
"Tinie Tempah, Jess Glynne",artist_not_found
"Kaka Azraff, SleeQ",artist_not_found
"Travis Scott, HVME",artist_not_found
"Ozuna, Romeo Santos",artist_not_found
"Bebe Rexha, Florida Georgia Line",artist_not_found
"Kevin Roldan, Nicky Jam",artist_not_found
"YEW, LANDOKMAI",artist_not_found
"Morat, Juanes",artist_not_found
"Mike Perry, shy martin",artist_not_found
"VIZE, Tom Gregory",artist_not_found
"Nick Jonas, Tinashe",artist_not_found
"Farruko, Shaggy, Nicky Jam",artist_not_found
"Manuel Turizo, Nicky Jam",artist_not_found
"Joey Montana, Sebastian Yatra",artist_not_found
"Jason Derulo, Snoop Dogg",artist_not_found
"IDK, Berechet",artist_not_found
"Reket, Manna",artist_not_found
"Major Lazer, FS Green, Busy Signal, The Flexican",artist_not_found
"J Balvin, Farruko",artist_not_found
"Kygo, Sandro Cavazza",artist_not_found
"Shakira, Anuel AA",artist_not_found
"Maroon 5, Future",artist_not_found
"Ozuna, Manuel Turizo",artist_not_found
"Rudimental, Jess Glynne, Macklemore, Dan Caplen",artist_not_found
"ROSALÍA, Ozuna",artist_not_found
"Brandon Beal, Christopher",artist_not_found
"Melendi, Alejandro Sanz, Arkano",artist_not_found
"Kid Ink, DeJ Loaf",artist_not_found
"Macklemore & Ryan Lewis, Wanz",artist_not_found
"Madcon, Ray Dalton",artist_not_found
"Ezhel, Emel",artist_not_found
"Hilltop Hoods, Montaigne, Tom Thum",artist_not_found
"Maná, Shakira",artist_not_found
"Chris Jedi, J Balvin, Ozuna, Arcangel",artist_not_found
"13 Organisé, SCH, Kofs, Jul, Naps, Soso Maness, Elams, Solda, Houari",artist_not_found
"Bsw, Tankcsapda",artist_not_found
"The Limba, Andro",artist_not_found
"K-391, Wyclef Jean",artist_not_found
"Burak Yeter, Danelle Sandoval",artist_not_found
"Black Eyed Peas, Ozuna, J. Rey Soul",artist_not_found
"Kollegah, Farid Bang",artist_not_found
"Oriente, Cynthia Luz, Delacruz",artist_not_found
"DJ Khaled, Justin Bieber, Quavo, Chance the Rapper",artist_not_found
"Marco Borsato, Armin van Buuren, Davina Michelle",artist_not_found
"No.1, Heja",artist_not_found
"Nininho, Cristiano Maia",artist_not_found
"Sleiman, Gilli",artist_not_found
"Neo Pistea, C.R.O, Obie Wanshot, YSY A, Cazzu, KHEA, Lucho SSJ, Coqeéin Montana, Marcianos Crew, Duki",artist_not_found
"Lil Dicky, Chris Brown",artist_not_found
"G-Eazy, Halsey",artist_not_found
"Jay Wheeler, Myke Towers, Rauw Alejandro, DJ Nelson, Jhayco, Lunay, Kendo Kaponi",artist_not_found
"Ida Paul & Kalle Lindroth, Ida Paul, Kalle Lindroth",artist_not_found
"Tion Wayne, Russ Millions, ArrDee, E1 (3x3), ZT (3x3), Bugzy Malone, Buni, Fivio Foreign, Darkoo",artist_not_found
"Ozuna, Cardi B",artist_not_found
"Brytiago, Daddy Yankee, Ozuna, Darell, Anuel AA",artist_not_found
"Bad Bunny, ROSALÍA",artist_not_found
"Gülşen, Murat Boz",artist_not_found
"Dalex, Lenny Tavárez, Anitta, Natti Natasha, Farruko, Justin Quiles",artist_not_found
"Cosculluela, Nicky Jam",artist_not_found
"SAYGRACE, G-Eazy",artist_not_found
"Greeicy, Nacho",artist_not_found
"Kanye West, Jamie Foxx",artist_not_found
"Salmo, NSTASIA",artist_not_found
"ZHU, Skrillex, THEY.",artist_not_found
"Cazzu, Alan Gomez",artist_not_found
"Myke Towers, Farruko",artist_not_found
"Orelsan, Damso",artist_not_found
"Nicky Jam, Daddy Yankee",artist_not_found
"Bizarrap, C.R.O",artist_not_found
"OneRepublic, Seeb",artist_not_found
"Liu, Samantha Machado",artist_not_found
"Kygo, Kodaline",artist_not_found
"Maluma, J Balvin",artist_not_found
"Kygo, Imagine Dragons",artist_not_found
"Krept & Konan, Jeremih",artist_not_found
"Nico & Vinz, Kid Ink, Bebe Rexha",artist_not_found
"KAROL G, Anuel AA",artist_not_found
"MC L da Vinte, MC Luan da BS, Mc DB, MC Josh, MC Braz, MC Keven da VC",artist_not_found
"CHEN, Punch",artist_not_found
"Markul, Платина",artist_not_found
"Amenazzy, Nicky Jam, Farruko",artist_not_found
"Pineapple StormTv, MC Cabelinho, Bob do Contra, Azzy, Filipe Ret, Dudu, Xamã, Orochi, Maquiny, Salve Malak",artist_not_found
"Boef, Soufiane Eddyani",artist_not_found
"Maes, Ninho",artist_not_found
"Randy, Ape Drums",artist_not_found
"Calvin Harris, Frank Ocean, Migos",artist_not_found
"Nathan Evans, 220 KID, Billen Ted",artist_not_found
"Matoma, Astrid S",artist_not_found
"THRILL PILL, Egor Kreed, MORGENSHTERN",artist_not_found
"Light, Thug Slime",artist_not_found
"Ricky Martin, Maluma",artist_not_found
"Martin Garrix, Troye Sivan",artist_not_found
"Olly Murs, Demi Lovato",artist_not_found
"Yura Yunita, Glenn Fredly",artist_not_found
"Dj Guuga, DJ Ivis",artist_not_found
"Zion & Lennox, J Balvin",artist_not_found
"South Border, Kelly Badon",artist_not_found
"Eladio Carrion, Rels B",artist_not_found
"Skryptonite, 104",artist_not_found
"Los Ángeles Azules, Belinda, Lalo Ebratt, Horacio Palencia",artist_not_found
"O.T. Genasis, Young Dolph",artist_not_found
"PDL, Skusta Clee, Yuridope",artist_not_found
"Skryptonite, 104, T-Fest, Niman",artist_not_found
"Jhayco, Bad Bunny",artist_not_found
"Coldplay, Seeb",artist_not_found
"Maluma, Eli Palacios",artist_not_found
"MEDUZA, Dermot Kennedy",artist_not_found
"MORGENSHTERN, Eldzhey",artist_not_found
"Klava Koka, MORGENSHTERN",artist_not_found
"Leslie Grace, Noriel",artist_not_found
"Seinabo Sey, Kygo",artist_not_found
"DJ Snake, J Balvin, Tyga",artist_not_found
"Ravi Basrur, Ananya Bhat",artist_not_found
"Flume, MAY-A",artist_not_found
"MORGENSHTERN, Vitya AK",artist_not_found
"Anuel AA, Zion",artist_not_found
"A$AP Rocky, Skepta",artist_not_found
"gnash, Olivia O'Brien",artist_not_found
"Machine Gun Kelly, Camila Cabello",artist_not_found
"Sebastian Yatra, Guaynaa",artist_not_found
"CAZZETTE, Newtimers",artist_not_found
"Lost Frequencies, Zonderling",artist_not_found
Dxrk ダーク,artist_not_found
"Bad Bunny, Daddy Yankee",artist_not_found
"Icona Pop, Charli XCX",artist_not_found
"MUKKA, Три дня дождя",artist_not_found
"Kygo, Maty Noyes",artist_not_found
"MAX, SUGA",artist_not_found
"Morat, Aitana",artist_not_found
"Cheat Codes, Demi Lovato",artist_not_found
"Tyga, Offset",artist_not_found
"BENEE, Gus Dapperton",artist_not_found
"MAISONdes, 和ぬか, asmi",artist_not_found
"KAROL G, Mariah Angeliq",artist_not_found
"Coldplay, BTS",artist_not_found
"ZAYN, PARTYNEXTDOOR",artist_not_found
"FRENSHIP, Emily Warren",artist_not_found
"Drake, Future",artist_not_found
"MiyaGi & Endspiel, Rem Digga",artist_not_found
"James Reid, Nadine Lustre",artist_not_found
"Bizarrap, Anuel AA",artist_not_found
"KAROL G, Nicki Minaj",artist_not_found
"El Alfa, Lil Pump, Sech, Myke Towers, Vin Diesel",artist_not_found
"KAROL G, Bad Bunny",artist_not_found
"Jowell & Randy, J Balvin",artist_not_found
"Wyclef Jean, Avicii",artist_not_found
"Cardi B, Bad Bunny, J Balvin",artist_not_found
"Hoodie Allen, Ed Sheeran",artist_not_found
"Revol, Bad Bunny, Bryant Myers, Zion, De La Ghetto",artist_not_found
"Bad Bunny, Mora",artist_not_found
"Arijit Singh, Nikhita Gandhi",artist_not_found
"Daddy Yankee, Anuel AA",artist_not_found
"Future, Juice WRLD",artist_not_found
"SALUKI, 104, ANIKV, BILIK",artist_not_found
"Rahat Fateh Ali Khan, Asees Kaur, Tanishk Bagchi",artist_not_found
"Zedd, Elley Duhé",artist_not_found
"Maluma, Trap Capos, Noriel, Bryant Myers, Juhn",artist_not_found
"Syn Cole, Broiler",artist_not_found
"Kontrafakt, Viktor Sheen, Calin",artist_not_found
"Dalex, Lenny Tavárez",artist_not_found
"David Bisbal, Greeicy",artist_not_found
"JVG, Pete Parkkonen",artist_not_found
"Manuel Turizo, Ozuna",artist_not_found
"Maluma, Lenny Tavárez, Justin Quiles",artist_not_found
"Mc Livinho, Rennan da Penha",artist_not_found
"Ice Paris, Pearwah",artist_not_found
"MYA, TINI, Duki",artist_not_found
"Feid, Manuel Turizo",artist_not_found
"Jaonaay, Juné",artist_not_found
"The Chainsmokers, ILLENIUM, Lennon Stella",artist_not_found
"Alex Rose, Cazzu, Rauw Alejandro, Lenny Tavárez",artist_not_found
"Marracash, Guè",artist_not_found
"Eladio Carrion, Myke Towers",artist_not_found
"Carlos Vives, ChocQuibTown",artist_not_found
"Duran Duran, Janelle Monáe, Nile Rodgers",artist_not_found
"Jack Harlow, Tory Lanez, DaBaby, Lil Wayne",artist_not_found
"Robin Packalen, SANNI",artist_not_found
"Hkeem, Temur",artist_not_found
"J Balvin, KAROL G, Nicky Jam, Crissin, Totoy El Frio, Natan & Shander",artist_not_found
"Jax Jones, Martin Solveig, Madison Beer, Europa",artist_not_found
"Saske, Beyond, Issy Beats",artist_not_found
"Emilia, Nicki Nicole",artist_not_found
"JVG, Raappana",artist_not_found
"Sebastian Yatra, Nacho, Wisin",artist_not_found
"LISTENBEE, Naz Tokio",artist_not_found
"Jason Derulo, French Montana",artist_not_found
"Mark B., El Alfa",artist_not_found
"Sech, Arcangel",artist_not_found
"Lyanno, Rauw Alejandro, Lenny Tavárez, Maria Becerra",artist_not_found
"AJ Tracey, Not3s",artist_not_found
"Yandel, Wisin",artist_not_found
"Becky G, KAROL G",artist_not_found
"Starley, Ryan Riback",artist_not_found
"Drake, Lil Baby",artist_not_found
"Clean Bandit, Sean Paul, Anne-Marie",artist_not_found
"Khalid, Normani",artist_not_found
"Rochak Kohli, Arijit Singh, Neha Kakkar",artist_not_found
"Romeo Santos, Marc Anthony",artist_not_found
"Paulo Londra, Lenny Tavárez",artist_not_found
"Sebastian Yatra, Myke Towers",artist_not_found
"Ed Sheeran, Beyoncé",artist_not_found
"K-391, Alan Walker, Tungevaag, Mangoo",artist_not_found
"Coolio, L.V.",artist_not_found
"J Balvin, Maria Becerra",artist_not_found
"PEDRO SAMPAIO, Mc Pedrinho",artist_not_found
"Dardan, Nimo",artist_not_found
"Dosseh, Booba",artist_not_found
"Badshah, Uchana Amit",artist_not_found
"Becky G, Prince Royce, DJ Luian, Mambo Kingz, Anuel AA",artist_not_found
"The Vamps, Matoma",artist_not_found
"Micro TDH, Jerry Di, Big Soto, ADSO, Akapellah",artist_not_found
"Shakira, Nicky Jam",artist_not_found
"Anitta, J Balvin",artist_not_found
"Papu DJ, L-Gante",artist_not_found
"Alok, Bruno Martini, Zeeba",artist_not_found
"Eminem, Juice WRLD",artist_not_found
"Paty Cantú, Juhn",artist_not_found
"Offset, Metro Boomin",artist_not_found
"Meek Mill, Drake",artist_not_found
"CKay, Dj Yo 1, AX'EL",artist_not_found
"The Chainsmokers, 5 Seconds of Summer",artist_not_found
"THE SCOTTS, Travis Scott, Kid Cudi",artist_not_found
"Męskie Granie Orkiestra 2018, Kortez, Dawid Podsiadło, Krzysztof Zalewski",artist_not_found
"Justin Bieber, Halsey",artist_not_found
"Anuel AA, Ozuna",artist_not_found
"MEDUZA, Becky Hill, Goodboys",artist_not_found
"Baby K, Giusy Ferreri",artist_not_found
"Pop Smoke, Lil Tjay",artist_not_found
"Justin Quiles, Natti Natasha, Farruko, Lenny Tavárez, Dalex, Zion",artist_not_found
"Daddy Yankee, Snow",artist_not_found
"5MIINUST, nublu",artist_not_found
"Saske, Givi",artist_not_found
"Sam Smith, Normani",artist_not_found
"Zedd, Selena Gomez",artist_not_found
"Hov1, Einár",artist_not_found
"Lunay, Ozuna, Anuel AA",artist_not_found
"Wisin, Myke Towers, Los Legendarios",artist_not_found
"Arijit Singh, Parampara Tandon",artist_not_found
"Because, Leslie",artist_not_found
"Ariana Grande, The Weeknd",artist_not_found
"Becky G, Natti Natasha",artist_not_found
"Shadow Blow, Mozart La Para",artist_not_found
"Samurai Jay, M4W, Dat Boi Dee, Geolier",artist_not_found
"Pixa, Kis Grófo",artist_not_found
"Rack, IAMSTRONG",artist_not_found
"Martin Garrix, Bonn",artist_not_found
"G-Eazy, Remo",artist_not_found
"Megan Thee Stallion, Beyoncé",artist_not_found
"Nicki Minaj, Drake, Lil Wayne, Chris Brown",artist_not_found
"Maluma, Myke Towers",artist_not_found
"Kygo, Whitney Houston",artist_not_found
"Tedua, Chris Nolan",artist_not_found
"Feid, Sech",artist_not_found
"Kendrick Lamar, SZA",artist_not_found
"Gestört aber GeiL, LEA",artist_not_found
"Gülşen, Ozan Çolakoğlu",artist_not_found
"Lord Est, Meiju Suvas",artist_not_found
"Disclosure, Eliza Doolittle, Flume",artist_not_found
"Calvin Harris, HAIM",artist_not_found
"Robin Thicke, T.I., Pharrell Williams",artist_not_found
"The Script, will.i.am",artist_not_found
"Juice WRLD, YoungBoy Never Broke Again",artist_not_found
"Ed Sheeran, Rudimental",artist_not_found
"Xantos, Dynell",artist_not_found
"Machine Gun Kelly, X Ambassadors, Bebe Rexha",artist_not_found
"Marshmello, Lil Peep",artist_not_found
"Pop Smoke, 50 Cent, Roddy Ricch",artist_not_found
"Lauv, Troye Sivan",artist_not_found
"Clayton & Romário, Jorge & Mateus",artist_not_found
"Lil Kleine, Jonna Fraser",artist_not_found
"Gotye, Kimbra",artist_not_found
"Wegz, Disco Misr",artist_not_found
"Wande Coal, Olamide",artist_not_found
"Thyro, Yumi",artist_not_found
"Maná, Nicky Jam",artist_not_found
"Skryptonite, Andy Panda, 104",artist_not_found
"RAF Camora, Luciano",artist_not_found
"Robin Schulz, Erika Sirola",artist_not_found
"Dua Lipa, BLACKPINK",artist_not_found
"Rauw Alejandro, Dalex, Lenny Tavárez, Dímelo Flow",artist_not_found
"Pineapple StormTv, MC Hariel, Negra Li, Ducon, MC Kevin o Chris, Chris MC, Matuê, Dk 47, Vitão, Salve Malak",artist_not_found
"Afgan, Raisa",artist_not_found
"Colapesce, Dimartino",artist_not_found
"Romeo Santos, Daddy Yankee, Nicky Jam",artist_not_found
"SB Maffija, Lanek, Beteo, Fukaj, White 2115, Pedro, francis",artist_not_found
"Flume, Tove Lo",artist_not_found
"Bad Bunny, The Marías",artist_not_found
"Tungevaag, Raaban",artist_not_found
"Roddy Ricch, Mustard",artist_not_found
"BigDaddy, Emily",artist_not_found
"Snelle, Yade Lauren",artist_not_found
"Matisse, Guaynaa",artist_not_found
"Achille Lauro, Boss Doms, Frenetik&Orang3",artist_not_found
"Mäkki, Sini Sabotage",artist_not_found
"Eminem, Beyoncé",artist_not_found
"馬念先, 9m88",artist_not_found
"Mørland, Debrah Scarlett",artist_not_found
"Lil Zey, Kozmos",artist_not_found
"Sam Feldt, RANI",artist_not_found
"Young Stunners, Talha Anjum, Talhah Yunus, Rap Demon",artist_not_found
"Post Malone, Roddy Ricch",artist_not_found
"Jeremy Zucker, Chelsea Cutler",artist_not_found
"Chip Charlez, Jairzinho",artist_not_found
"Kizo, BeMelo, Wac Toja",artist_not_found
"Alan Walker, Ava Max",artist_not_found
"Dani M, Linda Pira",artist_not_found
"Adel, Dree Low",artist_not_found
"Machine Gun Kelly, blackbear",artist_not_found
"YG, Tyga, Jon Z",artist_not_found
"LUDMILLA, Anitta",artist_not_found
"Ozuna, Mambo Kingz, DJ Luian, Bad Bunny, Wisin, Almighty",artist_not_found
"LUDMILLA, Mc Doguinha, MC Pupio",artist_not_found
"Ben&Ben, Young K",artist_not_found
"Payal Dev, Jubin Nautiyal",artist_not_found
"ATYPISK, Branco",artist_not_found
"IU, DEAN",artist_not_found
"Takagi & Ketra, OMI, Giusy Ferreri",artist_not_found
"Jan Smit, Broederliefde",artist_not_found
"Alok, Vintage Culture, FAULHABER",artist_not_found
"24kGoldn, Justin Bieber, J Balvin, iann dior",artist_not_found
"De La Ghetto, Ñejo, Luigi 21 Plus, Nicky Jam, Ñengo Flow",artist_not_found
"Evelina, Mikael Gabriel",artist_not_found
"MC Cabelinho, Bielzin, Mc Poze do Rodo, Tz da Coronel, Neo Beats",artist_not_found
"Wisin, Ozuna, Bad Bunny, De La Ghetto, Arcangel, Noriel, Almighty",artist_not_found
"Kuban, Favst",artist_not_found
"Didomido, Eglo G",artist_not_found
"La Pantera, Quevedo, Juseph, Abhir Hathi, Bejo, Cruz Cafuné, EL IMA",artist_not_found
"Bizarrap, KHEA",artist_not_found
"Simba La Rue, Bobo",artist_not_found
"Reik, Ozuna, Wisin",artist_not_found
"Bomba Estéreo, Tainy",artist_not_found
"Camilo, Pedro Capó",artist_not_found
"OG Version, Proflame",artist_not_found
"Lacrim, Soso Maness",artist_not_found
"Teflon Brothers, Ollie",artist_not_found
"Room 39, โป่ง หินเหล็กไฟ",artist_not_found
"Rauw Alejandro, Chencho Corleone",artist_not_found
"MONATIK, Vera Brezhneva",artist_not_found
"Madame, Sfera Ebbasta",artist_not_found
"Poshlaya Molly, KATERINA",artist_not_found
"Specktors, Tessa, TopGunn",artist_not_found
"Romeo Santos, Ozuna",artist_not_found
"SLAVA MARLOW, MK",artist_not_found
"Kaija Koo, Cheek",artist_not_found
"Oki, Sobel, Young Igi, Sekko",artist_not_found
"Moira Dela Torre, Jason Marvin",artist_not_found
"J-AX, Neffa",artist_not_found
"Majestic, Boney M.",artist_not_found
"Платина, OBLADAET",artist_not_found
"Manuel, Azahriah",artist_not_found
"FANN, Bloody Hawk, Hades",artist_not_found
"Bizarrap, Villano Antillano",artist_not_found
"Deorro, Elvis Crespo",artist_not_found
"Mandy Moore, Jonathan Foreman",artist_not_found
"Z.E, Jiggz",artist_not_found
"Ñengo Flow, Bad Bunny",artist_not_found
"Leslie Tay, Cherrie",artist_not_found
"ByeAlex és a Slepp, Manuel",artist_not_found
"Tzanca Uraganu, Manele Mentolate",artist_not_found
"Megan Thee Stallion, Dua Lipa",artist_not_found
"Neima Ezza, Nko",artist_not_found
"ADHD, Yahya Hassan",artist_not_found
"Męskie Granie Orkiestra 2021, Daria Zawiałow, Dawid Podsiadło, Vito Bambino",artist_not_found
"Britney Spears, Iggy Azalea",artist_not_found
"Robledo, Alex Martini",artist_not_found
"Ozuna, J Balvin",artist_not_found
"Milly, Farruko, Nio Garcia, Jay Wheeler, Amenazzy",artist_not_found
"December Avenue, Moira Dela Torre",artist_not_found
"Ronnie Flex, SFB",artist_not_found
"Badshah, Diljit Dosanjh, Aastha Gill",artist_not_found
"DJ Snake, Selena Gomez, Ozuna, Cardi B",artist_not_found
"Bizarrap, Chucky73",artist_not_found
"Ofenbach, Lagique",artist_not_found
Stuðlabandið,artist_not_found
"C. Tangana, Gipsy Kings, Nicolás Reyes, Tonino Baliardo",artist_not_found
"Rochak Kohli, Jubin Nautiyal, Neeti Mohan",artist_not_found
"Natti Natasha, Romeo Santos",artist_not_found
"Eladio Carrion, Bad Bunny",artist_not_found
"Quebonafide, Kiełas",artist_not_found
"Emilia, Duki",artist_not_found
"Mr. Polska, Malik Montana, Abel de Jong",artist_not_found
"ATB, Topic, A7S",artist_not_found
"Dree Low, Einár",artist_not_found
"Ballinciaga, Kevin Lauren",artist_not_found
"PRO8L3M, Wanda i Banda",artist_not_found
"Ozuna, Cosculluela, Revol",artist_not_found
"Lil Nas X, Billy Ray Cyrus",artist_not_found
"MC Zaquin, MC Rick",artist_not_found
"Maluma, Don Omar, Wisin",artist_not_found
"Ali B, Numidia, Ronnie Flex",artist_not_found
"Dayvi, Victor Cardenas, Kelly Ruíz",artist_not_found
"Amedeo Preziosi, Riccardo Dose, Awed",artist_not_found
"Thiago Brava, Jorge",artist_not_found
Larissa Lambert,artist_not_found
"Viktor Sheen, Robin Zoot",artist_not_found
"David Bisbal, Sebastian Yatra",artist_not_found
Welshly Arms,artist_not_found
"Justin Bieber, Quavo",artist_not_found
"Jesse & Joy, Gente De Zona",artist_not_found
"Kizo, Oki",artist_not_found
"Quebonafide, Natalia Szroeder",artist_not_found
"Sentino, Schwesta Ewa",artist_not_found
"Bedoes 2115, Lanek, DJ Johny",artist_not_found
"Roope Salminen & Koirat, Ida Paul",artist_not_found
"Pitbull, Don Miguelo",artist_not_found
"Stepz, Sivas",artist_not_found
"Bonez MC, RAF Camora, Maxwell",artist_not_found
"Hiền Hồ, Vuong Anh Tu",artist_not_found
"Gryffin, Elley Duhé",artist_not_found
"Yash Narvekar, Parampara Tandon, Tanishk Bagchi",artist_not_found
"Bella Shmurda, Omah Lay",artist_not_found
"Viktor Sheen, Nik Tendo",artist_not_found
"Frenna, Chivv",artist_not_found
"BOWKYLION, ว่าน วันวาน",artist_not_found
"Capital Bra, Ufo361",artist_not_found
"Teflon Brothers, Sahamies",artist_not_found
"El Alfa, Dowba Montana, Mark B.",artist_not_found
"Chris Brown, Usher, Gucci Mane",artist_not_found
"Hailee Steinfeld, DNCE",artist_not_found
"Heuss L'enfoiré, Jul",artist_not_found
"MD$, Sexmane, B.Baby",artist_not_found
"P!nk, Willow Sage Hart",artist_not_found
"TINI, KHEA",artist_not_found
"Pitbull, J Balvin, Camila Cabello",artist_not_found
"Shabjdeed, Al Nather",artist_not_found
"Gesaffelstein, The Weeknd",artist_not_found
"BIG Naughty, 10cm",artist_not_found
"Jason Mraz, Colbie Caillat",artist_not_found
"SNIK, A!MS",artist_not_found
"Luis Fonsi, Demi Lovato",artist_not_found
"RAP VIỆT, GDucky",artist_not_found
"Yellow Claw, Mustard, Ty Dolla $ign, Tyga",artist_not_found
"Burry Soprano, Ilkay Sencan",artist_not_found
"Mario Bautista, Lalo Ebratt",artist_not_found
"Antti Tuisku, JVG",artist_not_found
"HÚGÓ, Herra Hnetusmjör",artist_not_found
"DJ.Silence, RICTA",artist_not_found
"Major Lazer, Anitta, Pabllo Vittar",artist_not_found
"Stan, Light, Skive",artist_not_found
"Skinz, Le Boeuf",artist_not_found
"CREAM SODA, HLEB",artist_not_found
"Tiësto, Matthew Koma",artist_not_found
"Ringnes-Ronny, Lothepus, hekkan",artist_not_found
"Metejoor, Babet",artist_not_found
"Lil Nas X, RM, BTS",artist_not_found
"Clicherik & Mäx, gameboy tetris",artist_not_found
"Rich Music LTD, Sech, Dalex, Justin Quiles, Lenny Tavárez, Feid",artist_not_found
"Katharine McPhee, Jason Reeves",artist_not_found
"Ahmed Saad, 3enba, Double Zuksh",artist_not_found
"Bubbi Morthens, BRÍET",artist_not_found
"Rahat Fateh Ali Khan, Tanishk Bagchi",artist_not_found
"Viktor Sheen, Hugo Toxxx",artist_not_found
"Daddy Yankee, Wisin & Yandel",artist_not_found
"Jason Derulo, Nuka",artist_not_found
"Tokischa, ROSALÍA",artist_not_found
"Sech, Jhayco",artist_not_found
"Oliwka Brazil, Kubi Producent",artist_not_found
"Becky G, El Alfa",artist_not_found
"JONE, Silke",artist_not_found
"Đen, Nguyên Thảo",artist_not_found
"Chris Brown, Justin Bieber, Ink",artist_not_found
"Hassan Shakosh, Omar Kamal",artist_not_found
"La Reserva, Chule",artist_not_found
"Prince Royce, Jennifer Lopez, Pitbull",artist_not_found
"Imagine Dragons, Broiler",artist_not_found
"Major Lazer, Showtek",artist_not_found
"Steve Aoki, Daddy Yankee, Play-N-Skillz, Elvis Crespo",artist_not_found
"Armaan Malik, Rochak Kohli, Bappi Lahiri",artist_not_found
"Black Eyed Peas, Shakira",artist_not_found
"Andrés Cepeda, Morat",artist_not_found
"RAP VIỆT, RPT MCK, JustaTee",artist_not_found
"Oki, Young Igi, Otsochodzi, OIO, Kubi Producent",artist_not_found
"Spekti, miro",artist_not_found
"Ofenbach, Nick Waterhouse",artist_not_found
"Ed Sheeran, Felix Jaehn",artist_not_found
"LEA, Capital Bra",artist_not_found
"Eminem, Ed Sheeran",artist_not_found
"Nicky Jam, De La Ghetto, J Balvin, Zion, Arcangel",artist_not_found
"Ed Sheeran, Camila Cabello, Cardi B",artist_not_found
"NIKI, 88rising",artist_not_found
"Papi Hans, Tita",artist_not_found
"JVG, Ellinoora",artist_not_found
"Tinashe, Iggy Azalea",artist_not_found
"Marracash, Mahmood",artist_not_found
"maNga, Göksel",artist_not_found
"Galantis, Hook N Sling",artist_not_found
"Baby K, Chiara Ferragni",artist_not_found
"Marcos & Belutti, Ferrugem",artist_not_found
"Polo G, Lil Tjay",artist_not_found
"Enrique Iglesias, Juan Luis Guerra 4.40",artist_not_found
"Quebonafide, Sentino",artist_not_found
"James Arthur, Anne-Marie",artist_not_found
"MC Fioti, Future, J Balvin, Stefflon Don, Juan Magán",artist_not_found
"KHEA, Lenny Santos",artist_not_found
"Chris Brown, Drake",artist_not_found
"La Mafia del Amor x El Combo Perfecto, El Combo Perfecto",artist_not_found
Joel Adams,artist_not_found
"David Guetta, Bebe Rexha",artist_not_found
"Kungs, Jamie N Commons",artist_not_found
"Greekazo, DnoteOnDaBeat, Yei Gonzalez",artist_not_found
"Ivan Greko, BeTaf Beats",artist_not_found
"Adriel Favela, Javier Rosas Y Su Artillería Pesada",artist_not_found
"Saske, Kareem Kalokoh, Moose, Grandbois",artist_not_found
"Charlie Puth, Jung Kook, BTS",artist_not_found
"Sofía Reyes, Reykon",artist_not_found
"Neha Kakkar, Tulsi Kumar, B Praak",artist_not_found
"Sia, David Guetta",artist_not_found
"Ak4:20, Pailita, Cris Mj",artist_not_found
"MC Kevinho, MC Kekel",artist_not_found
"Dua Lipa, Angèle",artist_not_found
"Camila Cabello, Ed Sheeran",artist_not_found
"Yasin, Aden",artist_not_found
"Neha Kakkar, Maninder Buttar",artist_not_found
"Lipta, GUYGEEGEE",artist_not_found
"Robin Schulz, KIDDO",artist_not_found
"Rim'K, Ninho",artist_not_found
"Snelle, Maan",artist_not_found
"El Alfa, French Montana, Braulio Fogon, Kaly Ocho",artist_not_found
"ROOFTOP, AUTTA",artist_not_found
"Hasan, Nik Tendo",artist_not_found
"Cali Y El Dandee, Danna Paola",artist_not_found
"Marracash, Luchè",artist_not_found
"Viktor Sheen, Calin",artist_not_found
"Darshan Raval, Asees Kaur, Lijo George-Dj Chetas",artist_not_found
"Anitta, Jhama",artist_not_found
"Hearts & Colors, Andrelli",artist_not_found
"Sech, Nicky Jam, Rauw Alejandro",artist_not_found
"Ariana Grande, John Legend",artist_not_found
"Kygo, Miguel",artist_not_found
"Gigolo Y La Exce, Bad Bunny",artist_not_found
"Waa Wei, Di Ma",artist_not_found
"A-Lin, Xiao Yu",artist_not_found
"Burak Bulut, Kurtuluş Kuş",artist_not_found
"Purple Disco Machine, Sophie and the Giants",artist_not_found
"2 Chainz, Wiz Khalifa",artist_not_found
"Empire Cast, Jussie Smollett",artist_not_found
"Marracash, Madame",artist_not_found
"Maes, Jul",artist_not_found
"pluuto, nublu, Reket, Siimi",artist_not_found
"Changg, Lemese",artist_not_found
"Pritam, Arijit Singh, Antara Mitra",artist_not_found
"HGEMONA$, LEX, Skive",artist_not_found
"Master KG, Nomcebo Zikode",artist_not_found
"Deemz, Sobel, Oki",artist_not_found
"A Boogie Wit da Hoodie, 6ix9ine",artist_not_found
"Fetty Wap, Monty",artist_not_found
"Bad Gyal, Busy Signal",artist_not_found
"Rondodasosa, Nko, Sacky",artist_not_found
"Orange, Hoàng Dũng",artist_not_found
"Pil C, Ben Cristovao",artist_not_found
"Greekazo, DnoteOnDaBeat",artist_not_found
"Reminisce, BNXN fka Buju, D Smoke",artist_not_found
"Marracash, thasup, Sfera Ebbasta",artist_not_found
"Sean Paul, David Guetta, Becky G",artist_not_found
"Clean Bandit, Julia Michaels",artist_not_found
"Duke Dumont, Jax Jones",artist_not_found
"David Otero, Taburete",artist_not_found
"Tainy, J Balvin",artist_not_found
"TINI, Lalo Ebratt",artist_not_found
"La La Love You, Axolotes Mexicanos",artist_not_found
"Anuel AA, Bad Bunny",artist_not_found
"Marracash, Coez",artist_not_found
"Keişan, Khontkar",artist_not_found
"S1mba, Hooligan Hefs, Youngn Lipz, Hooks",artist_not_found
"Dante Klein, Cheat Codes",artist_not_found
"Decky, Viktor Sheen",artist_not_found
"J Balvin, Jowell & Randy",artist_not_found
"Supa Squad, Deejay Telio, Deedz B",artist_not_found
"Nicky Jam, Sech",artist_not_found
"Mata, GOMBAO 33, Sir Mich",artist_not_found
"Rocco Hunt, Neffa",artist_not_found
"Piso 21, Micro TDH",artist_not_found
"Jesse & Joy, Alejandro Sanz",artist_not_found
"Marília Mendonça, Henrique & Juliano",artist_not_found
"Taco Hemingway, Dawid Podsiadło",artist_not_found
"Daoko, Kenshi Yonezu",artist_not_found
"LouiVos, 3robi, Idaly",artist_not_found
"Jawad Ahmad, Shaarib Toshi, Arijit Singh, Shreya Ghoshal",artist_not_found
"Bruno Mars, Cardi B",artist_not_found
"TINI, Beéle",artist_not_found
"Ziak, Maes",artist_not_found
"Jossef, Jamby El Favo, Eix",artist_not_found
"Mansesteri, So11, Tappara Fan Club",artist_not_found
"Gio, Keizer, Freddy Moreira",artist_not_found
"Jesse & Joy, Luis Fonsi",artist_not_found
"ALLY, GRAY",artist_not_found
"MC Ysa, DJ 2F, DJ Anderson França, MK no Beat",artist_not_found
"Justin Bieber, Cody Simpson",artist_not_found
"ILARI, Kuningas Pähkinä, Setä Tamu",artist_not_found
"Chris Jedi, Ozuna, Brytiago",artist_not_found
"Lérica, Beret, Lalo Ebratt",artist_not_found
"Rack, Oge",artist_not_found
"Casper Magico, Anuel AA",artist_not_found
"Viktor Sheen, Nik Tendo, Calin, Hasan",artist_not_found
"Justin Quiles, Chimbala, Zion & Lennox",artist_not_found
"Don Omar, Zion & Lennox",artist_not_found
"Mente Fuerte, Leaderbrain",artist_not_found
"Alan Walker, Gavin James",artist_not_found
"Starr Chen, Jolin Tsai",artist_not_found
"Jay Chou, Ashin Chen",artist_not_found
"Shiva, Paky",artist_not_found
"Ricky Rich, ARAM Mafia",artist_not_found
"Flume, Chet Faker",artist_not_found
"Yellow Claw, Ayden",artist_not_found
"Olamide, Wande Coal",artist_not_found
"Lil Dicky, Fetty Wap, Rich Homie Quan",artist_not_found
"Imany, Filatov & Karas",artist_not_found
"Sech, Daddy Yankee",artist_not_found
"RAP VIỆT, 16 Typh",artist_not_found
"Bhavi, Seven Kayne",artist_not_found
"Konstantin, Sofi Marinova",artist_not_found
"Kabza De Small, DJ Maphorisa, Aymos, Samthing Soweto, Mas Musiq, Myztro",artist_not_found
"Marracash, Massimo Pericolo",artist_not_found
"Rvssian, Farruko, J Balvin",artist_not_found
"Dalex, Lenny Tavárez, Chencho Corleone, Juhn, Dímelo Flow",artist_not_found
"Tourist LeMC, Meskerem Mees",artist_not_found
"Sech, Ozuna, Anuel AA, Darell, Nicky Jam",artist_not_found
"Milion Plus, Yzomandias, Hasan, Nik Tendo, Kamil Hoffmann",artist_not_found
"Atif Aslam, Arko",artist_not_found
"Guaynaa, Nicky Jam, Farruko, Becky G, Sech",artist_not_found
"Alonzo, MHD",artist_not_found
"andrei, Killa Fonic, Nane, bbno$, Azteca",artist_not_found
"Bossikan, Chico Beatz",artist_not_found
"Nicki Nicole, Delaossa",artist_not_found
"FRIZ, MASNY BEN, mgng, Ekipa",artist_not_found
"Floni, Birnir",artist_not_found
"Pil C, Viktor Sheen",artist_not_found
"Aastha Gill, Badshah",artist_not_found
"Sevn Alias, Jairzinho, Jason Futuristic, BKO",artist_not_found
"Sech, Manuel Turizo",artist_not_found
"Aaron Smith, Krono, Luvli",artist_not_found
"Alonzo, Jul",artist_not_found
"VVS Collective, Nik Makino, Renzy, Raf Davis, M$TRYO",artist_not_found
"88rising, BIBI",artist_not_found
"Frenna, Philly Moré",artist_not_found
"Yandel, Bad Bunny",artist_not_found
"Stormy, Draganov",artist_not_found
"Amir Ve Ben, Jane Bordeaux",artist_not_found
"Ricky Star, Lăng LD, AMEE",artist_not_found
"Ude Af Kontrol, Pattesutter",artist_not_found
"Tuomas Kauhanen, Mikko",artist_not_found
"SHAED, ZAYN",artist_not_found
"Bizarrap, Nicki Nicole",artist_not_found
"Cris Mj, Duki, Nicki Nicole, Standly, Stars Music Chile",artist_not_found
"Karan Sehmbi, Tanishk Bagchi, Goldboy",artist_not_found
"Martin Garrix, Tiësto",artist_not_found
"Lil Kleine, Ronnie Flex, Jonna Fraser",artist_not_found
"Bad Bunny, Buscabulla",artist_not_found
"Crissin, Totoy El Frio, Natan & Shander",artist_not_found
"The Chainsmokers, Phoebe Ryan",artist_not_found
"Madeon, Kyan",artist_not_found
"Diogo Piçarra, Bispo",artist_not_found
"Binz, Touliver",artist_not_found
"Francesca Michielin, Fedez",artist_not_found
"Nine Chen, Feng Ze",artist_not_found
"Afterklaps, Mike Palace",artist_not_found
"Maninder Buttar, Asees Kaur, MixSingh",artist_not_found
"Bad Bunny, Bryant Myers",artist_not_found
"Banda MS de Sergio Lizárraga, Snoop Dogg",artist_not_found
"Oscar, Ian",artist_not_found
"Kerchak, Ziak",artist_not_found
"Justin Bieber, J Balvin",artist_not_found
"Future, Rihanna",artist_not_found
"Gente De Zona, Becky G",artist_not_found
"5MIINUST, nublu, PLUUTO",artist_not_found
"Kid Ink, Chris Brown",artist_not_found
"Quebonafide, Taco Hemingway",artist_not_found
"Lil Uzi Vert, Oh Wonder",artist_not_found
"Petri Nygård, Vesku Jokinen",artist_not_found
"K.I.Z, Henning May",artist_not_found
"Pikku G, BEHM",artist_not_found
"Contiez, Treyy G",artist_not_found
"fun., Janelle Monáe",artist_not_found
"Nik Tendo, Hasan",artist_not_found
"Cali Y El Dandee, Sebastian Yatra",artist_not_found
"Isyana Sarasvati, Rayi Putra",artist_not_found
"Neha Kakkar, Jubin Nautiyal, Jaani",artist_not_found
"Iuly Neamtu, Manele Mentolate",artist_not_found
"El Reja, Lira",artist_not_found
"Hov1, Veronica Maggio",artist_not_found
"Metro Boomin, Future, Don Toliver",artist_not_found
"RICTA, Immune, Savv",artist_not_found
"Gera MX, Christian Nodal",artist_not_found
"Kontra K, RAF Camora",artist_not_found
"Zuna, Azet, Noizy",artist_not_found
"21 Savage, Metro Boomin",artist_not_found
"Sin Boy, Mad Clip, Ypo, iLLEOo",artist_not_found
"Camila e Haniel, Fernando & Sorocaba",artist_not_found
"Alejandro Fernández, Morat",artist_not_found
"A.R. Rahman, Arijit Singh",artist_not_found
"Dimitri Vegas & Like Mike, Ummet Ozcan",artist_not_found
"Ovy On The Drums, Danny Ocean, KAROL G",artist_not_found
"Ty Dolla $ign, Post Malone",artist_not_found
"Pikku G, Ilta",artist_not_found
"J-AX, Nina Zilli",artist_not_found
"Nayt, 3D",artist_not_found
"Los Ángeles Azules, Nicki Nicole",artist_not_found
"Lalo Ebratt, Trapical",artist_not_found
"Philip George, Anton Powers",artist_not_found
"Quebonafide, Sokół, Czarny HIFI",artist_not_found
"Enrique Iglesias, Bad Bunny",artist_not_found
"Rauw Alejandro, Camilo",artist_not_found
"Beathoven, Capow x 2G",artist_not_found
"Sadam, Beats Pliz",artist_not_found
"Telecom Egypt, Ahmed Mekky, Wegz",artist_not_found
"Oliver Heldens, Shaun Frank, Delaney Jane",artist_not_found
"Zlatan, Seyi Vibez",artist_not_found
"Pyhimys, Saimaa",artist_not_found
"A$AP Rocky, Drake, 2 Chainz, Kendrick Lamar",artist_not_found
"Otsochodzi, Taco Hemingway",artist_not_found
"Shakira, Rauw Alejandro",artist_not_found
"Drake, Michael Jackson",artist_not_found
"DRAM, Lil Yachty",artist_not_found
"Post Malone, The Weeknd",artist_not_found
"El Alfa, Darell, Farruko, Big O, Myke Towers",artist_not_found
"J Balvin, Khalid",artist_not_found
"Quebonafide, Mata",artist_not_found
"Live Aid Uusi Lastensairaala 2017, Cheek, Jari Sillanpää, Jenni Vartiainen, Jesse Kaikuranta, Johanna Kurkela, Jorma Uotinen, Juha Tapio, Lauri Tähkä, Lilli Paasikivi, Matti Salminen, Pekka Kuusisto, Peter Franzen, Riki Sorsa, Samu Haber, Samuli Edelmann, Tuomas Holopainen, Lauri Ylönen",artist_not_found
"Jitano, Trannos, Thug Slime",artist_not_found
"Drake, Quavo, Travis Scott",artist_not_found
"Katy Perry, Migos",artist_not_found
"IU, SUGA",artist_not_found
"Kaija Koo, Reino Nordin",artist_not_found
"Mc Don Juan, MC G15, Mc Davi",artist_not_found
"Wankelmut, Emma Louise",artist_not_found
"Dzo 729, Guyu Pane, YoungStunner",artist_not_found
"Katastrofe, OnklP, Kriss",artist_not_found
"JóiPé, Króli, Smjörvi, Helgi A",artist_not_found
"Christopher, Brandon Beal",artist_not_found
"Ozuna, Arcangel, Farruko",artist_not_found
"Witt Lowry, Ava Max",artist_not_found
"Kris Kross Amsterdam, Kraantje Pappie, Tabitha",artist_not_found
"JJ Lin, G.E.M.",artist_not_found
"YB026, Nuteh Jonez",artist_not_found
"JóiPé, Króli, Herra Hnetusmjör",artist_not_found
"Joey Christ, Floni",artist_not_found
"Maria Becerra, Tiago PZK",artist_not_found
"21 Savage, Offset, Metro Boomin, Travis Scott",artist_not_found
"Cali Y El Dandee, Shaggy",artist_not_found
"Lenin Ramírez, Grupo Firme",artist_not_found
"Becky G, Bad Bunny",artist_not_found
"Punnany Massif, Pásztor Anna, Charlie, Pető Szabolcs",artist_not_found
"Badshah, Asees Kaur, Jubin Nautiyal",artist_not_found
"Fedez, Francesca Michielin",artist_not_found
"Sech, Myke Towers",artist_not_found
"VIZE, Joker Bra, Leony",artist_not_found
"Robin Zoot, Viktor Sheen",artist_not_found
"Calvin Harris, Sam Smith, Jessie Reyez",artist_not_found
"Luis Fonsi, Stefflon Don",artist_not_found
"Major Lazer, J Balvin, El Alfa, Diplo",artist_not_found
"Ellie Goulding, Diplo, Swae Lee",artist_not_found
"Markul, Oxxxymiron",artist_not_found
"Shiva, Eiffel 65",artist_not_found
"Don Omar, Lucenzo",artist_not_found
"Bad Bunny, Ozuna, Farruko, Arcangel, Ñengo Flow, DJ Luian, Mambo Kingz",artist_not_found
"Gigolo Y La Exce, Myke Towers, Arcangel, El Alfa, Farruko",artist_not_found
"Tuuli, Daniel Okas",artist_not_found
"Jay Rock, Kendrick Lamar, Future, James Blake",artist_not_found
"Henkie T, JoeyAK",artist_not_found
"Jhoni The Voice, Kevin Roldan",artist_not_found
"Blessd, Justin Quiles, Lenny Tavárez",artist_not_found
"Dof Twogee, Zinon, Kaishen",artist_not_found
"Pasabordo, Dalmata",artist_not_found
"Lartiste, Awa Imani",artist_not_found
"Kris Kross Amsterdam, Conor Maynard, Ty Dolla $ign",artist_not_found
"Alx Veliz, Don Omar",artist_not_found
"Lous and The Yakuza, thasup, Mara Sattei",artist_not_found
"XXXTENTACION, Lil Pump, Swae Lee, Maluma",artist_not_found
"Super Sako, Panos Kiamos, Bo",artist_not_found
"Davina Michelle, Beste Zangers",artist_not_found
"Galena, Medi",artist_not_found
"Jamie xx, Young Thug, Popcaan",artist_not_found
"Sobel, Magiera",artist_not_found
"Wiz Khalifa, Lil Uzi Vert",artist_not_found
"Bizarrap, Ptazeta",artist_not_found
"ProfJam, Lhast",artist_not_found
"Samey, Saul",artist_not_found
"Chayanne, Yandel",artist_not_found
"Darshan Raval, Neha Kakkar, Manan Bhardwaj",artist_not_found
"Nekfeu, Sneazzy",artist_not_found
"Rack, Dof Twogee",artist_not_found
"Arif Murakami, Karpe",artist_not_found
"Salmo, Rose Villain",artist_not_found
"Petter, Veronica Maggio",artist_not_found
"Deemz, Bedoes 2115, Young Multi",artist_not_found
"Tanishk Bagchi, Dhvani Bhanushali, Rashmi Virag",artist_not_found
"B4, Wonderboyz",artist_not_found
"Megan Thee Stallion, DaBaby",artist_not_found
"Porsche Boy, Zayo, Taomi",artist_not_found
"A-Mei Chang, Eve Ai, LaLa Hsu",artist_not_found
"Amenazzy, Lary Over",artist_not_found
"Agapornis, Hernan y La Champion's Liga, Lauro",artist_not_found
Mr.Kitty,artist_not_found
"Kore, Ninho",artist_not_found
"Pancho Barraza, Grupo Firme",artist_not_found
"Erik Follestad, Linni Meister",artist_not_found
"Atif Aslam, Nusrat Fateh Ali Khan, Rochak Kohli",artist_not_found
"Booba, JSX",artist_not_found
"LOLO, Branco, Larry",artist_not_found
"Ali B, Poke, Judeska",artist_not_found
"Feid, J Balvin, Maluma, Nicky Jam, Sech, Justin Quiles",artist_not_found
"Sinsinati, Álvaro De Luna",artist_not_found
"Martin Garrix, Khalid",artist_not_found
"David Guetta, Cedric Gervais, Chris Willis",artist_not_found
"Piolo Pascual, Sarah Geronimo",artist_not_found
"Farruko, Beéle, Natti Natasha, Manuel Turizo",artist_not_found
"Rkomi, Tommaso Paradiso",artist_not_found
"Teflon Brothers, Mariska",artist_not_found
"Kevin Roldan, Bryant Myers, Lyanno",artist_not_found
"Post Malone, Young Thug",artist_not_found
"Alex Rose, Rafa Pabön",artist_not_found
"Capital Bra, Juju",artist_not_found
"Regard, Troye Sivan, Tate McRae",artist_not_found
"Lomepal, Orelsan",artist_not_found
"Saad Lamjarred, Zouhair Bahaoui",artist_not_found
"Sabi, Galena",artist_not_found
"Young T & Bugsey, Headie One",artist_not_found
"Luísa Sonza, Mariah Angeliq",artist_not_found
"Junge Junge, Kyle Pearce",artist_not_found
"DVBBS, CMC$, Gia Koka",artist_not_found
"K/DA, Madison Beer, (G)I-DLE, Lexie Liu, Jaira Burns, Seraphine, League of Legends",artist_not_found
"Piso 21, Paulo Londra",artist_not_found
"Friðrik Dór, BRÍET",artist_not_found
"Javed-Mohsin, Arijit Singh, Shreya Ghoshal",artist_not_found
"Sigma, Ella Henderson",artist_not_found
"Yuvan Shankar Raja, Dhanush, Dhee",artist_not_found
"Ude Af Kontrol, Faustix",artist_not_found
"Taylor Swift, Shawn Mendes",artist_not_found
"Dopebwoy, Lil Kleine",artist_not_found
"Bru-C, Bou",artist_not_found
"Vishal-Shekhar, Arijit Singh, Shilpa Rao, Kumaar",artist_not_found
"Anys, Dizzy DROS",artist_not_found
"Wiz Khalifa, Empire of the Sun",artist_not_found
"Felix Jaehn, R. City, Bori",artist_not_found
"Arcangel, Sech, Romeo Santos",artist_not_found
"Brytiago, Rafa Pabön, Sech, Myke Towers, Cazzu, Rauw Alejandro",artist_not_found
陳卓賢 Ian,artist_not_found
"Bebe Rexha, Nicki Minaj",artist_not_found
"Elastinen, Johanna Kurkela",artist_not_found
"Jaap Reesema, Pommelien Thijs",artist_not_found
"Ellize, Kidd",artist_not_found
"Gregory Porter, Claptone",artist_not_found
"Jonas Blue, Liam Payne, Lennon Stella",artist_not_found
"Hermitude, Mataya, Young Tapz",artist_not_found
"Sech, J Balvin",artist_not_found
"Nicki Nicole, Rauw Alejandro",artist_not_found
"Quebonafide, Bedoes 2115",artist_not_found
"Becky Hill, Topic",artist_not_found
"Justin Quiles, Maluma",artist_not_found
"Mahmut Orhan, Sena Şener",artist_not_found
"ChocQuibTown, Zion & Lennox, Farruko, Manuel Turizo",artist_not_found
Thomas Jack,artist_not_found
"Ozuna, KAROL G, Myke Towers",artist_not_found
"Nevada, Mark Morrison, Fetty Wap",artist_not_found
"Yandel, El General Gadiel, Farruko",artist_not_found
"Nicky Jam, Myke Towers",artist_not_found
"ILOVEMAKONNEN, Drake",artist_not_found
"JustaTee, Hoang Thuy Linh, Đen",artist_not_found
"Nekfeu, Nemir",artist_not_found
"MAYOT, BUSHIDO ZHO, SEEMEE",artist_not_found
"Gzuz, LX, Bonez MC, Maxwell",artist_not_found
"Lea Rue, Broiler",artist_not_found
"Amel Bent, Hatik",artist_not_found
"Shade, Federica Carta",artist_not_found
"Reykon, Maluma",artist_not_found
"Dons, Ozols",artist_not_found
"BIG Naughty, CHANGMO, Jay Park",artist_not_found
"LA Vision, Gigi D'Agostino",artist_not_found
"Kanye West, Paul McCartney",artist_not_found
"Jax Jones, RAYE",artist_not_found
"Cazzu, Lyanno, Rauw Alejandro, Dalex",artist_not_found
"Feid, Justin Quiles",artist_not_found
"Young Stunners, Talha Anjum, Talhah Yunus",artist_not_found
"Jax Jones, Martin Solveig, RAYE, Europa",artist_not_found
"Ranveer Singh, Dub Sharma, DIVINE",artist_not_found
"DJ Tunez, Wizkid, Alpha P, Tay Iwar",artist_not_found
"Flume, Vince Staples, KUČKA",artist_not_found
"Miyagi & Andy Panda, TumaniYO",artist_not_found
"Quebonafide, Klaudia Szafrańska",artist_not_found
"Zayo, Dalyb",artist_not_found
"Big Zulu, Riky Rick, Intaba Yase Dubai",artist_not_found
"Xamã, Gustah, Neo Beats, Bagua Records",artist_not_found
"S3RL, Lexi",artist_not_found
"Juanes, Lalo Ebratt",artist_not_found
"Doli & Penn, Anna Zak, Nasrin Kadri",artist_not_found
"RAVA, Iustin",artist_not_found
"Fatih Bogalar, DJ Wirtual",artist_not_found
"Lacrim, GIMS",artist_not_found
"Residente, Bad Bunny",artist_not_found
"The Chainsmokers, Kelsea Ballerini",artist_not_found
"Anis Don Demina, SAMI",artist_not_found
"Matthaios, Lonezo",artist_not_found
"Arcangel, Jay Wheeler, Miky Woodz",artist_not_found
"Melendi, Ha*Ash",artist_not_found
"Madonna, Nicki Minaj",artist_not_found
"Akhil Sachdeva, Tulsi Kumar",artist_not_found
"Jr Crown, Kath, Cyclone, Young Weezy",artist_not_found
"Whogaux, Karl-Kristjan, Maian",artist_not_found
"Mc Anjim, Dj Lv Mdp, DJ PH DA SERRA",artist_not_found
"ROSALÍA, Travis Scott",artist_not_found
"Tanishk Bagchi, Arijit Singh, Asees Kaur",artist_not_found
"Jeremih, YG",artist_not_found
"Camilo, Christian Nodal",artist_not_found
"Ozuna, Camilo",artist_not_found
"Mrs. GREEN APPLE, Sonoko Inoue",artist_not_found
"Trueno, WOS, Taiu, TATOOL, Evlay",artist_not_found
"Natanael Cano, Oscar Maydon",artist_not_found
"Grupo Firme, Maluma",artist_not_found
"Sebastian Yatra, Luis Figueroa, Lary Over",artist_not_found
"Alvaro Diaz, Rauw Alejandro",artist_not_found
"Lunay, Lyanno, Anuel AA, Brytiago, Alex Rose",artist_not_found
"KHEA, Bad Bunny, Duki, Cazzu",artist_not_found
"Loud Luxury, Brando",artist_not_found
"Macklemore, Kesha",artist_not_found
"Rauw Alejandro, Anuel AA, Natti Natasha, Farruko, Lunay",artist_not_found
"Cheek, Elastinen, JVG, Kube, Nikke Ankara, Pete Parkkonen",artist_not_found
"Juan Luis Guerra 4.40, Romeo Santos",artist_not_found
"Ronghao Li, A-Mei Chang",artist_not_found
"Alfa, Yanomi",artist_not_found
"Valentino, Manuel Turizo",artist_not_found
"Alle Farben, ILIRA",artist_not_found
"French Montana, Drake",artist_not_found
"Hardy Caprio, One Acen",artist_not_found
"Taylor Swift, Brendon Urie, Panic! At The Disco",artist_not_found
"League of Legends, Alan Walker, Against The Current, Mako",artist_not_found
"Miley Cyrus, Dua Lipa",artist_not_found
"Kali, Peter Pann, Alan Murin, Čis T",artist_not_found
"K-391, Alan Walker, Julie Bergan, SEUNGRI",artist_not_found
"Kygo, Andrew Jackson",artist_not_found
"Nelly, Florida Georgia Line",artist_not_found
"Terence Siufay 小肥, Serrini",artist_not_found
"Farruko, Lary Over, Bad Bunny",artist_not_found
"Zara Larsson, Ty Dolla $ign",artist_not_found
"Lethal Bizzle, Diztortion",artist_not_found
"Galee Galee, Harry Nach, Pablo Chill-E",artist_not_found
"KOIT TOOME, Laura",artist_not_found
"Sech, Justin Quiles, De La Ghetto, Dímelo Flow",artist_not_found
"Tobias Rahim, andreas odbjerg",artist_not_found
"nân, Ngơ",artist_not_found
"Amr Diab, Jana Diab",artist_not_found
"Static & Ben El, Pitbull",artist_not_found
"Doode, Teto, Matuê",artist_not_found
"Ninho, Hös Copperfield",artist_not_found
"Shawn Mendes, Zedd",artist_not_found
"Debi Nova, Franco De Vita",artist_not_found
"Pabllo Vittar, Mateus Carrilho",artist_not_found
"Mad Clip, Strat, BeTaf Beats",artist_not_found
"David Guetta, Bebe Rexha, J Balvin",artist_not_found
"A Boogie Wit da Hoodie, Kodak Black",artist_not_found
"Projota, Negra Li",artist_not_found
"Fifth Harmony, Fetty Wap",artist_not_found
"Full Trunk, Sivan Talmor",artist_not_found
"Peso Pluma, Natanael Cano",artist_not_found
"Ozuna, Arcangel, EZ El Ezeta",artist_not_found
Jolyon Petch,artist_not_found
"BLACKPINK, Selena Gomez",artist_not_found
"Lukas Leon, F",artist_not_found
"Wegz, LZHYMR",artist_not_found
"Sia, Nicky Jam",artist_not_found
"Big Sean, E-40",artist_not_found
"David Guetta, Martin Garrix, Brooks",artist_not_found
"L-Gante, DT.Bilardo, El Mas Ladron, Damas Gratis",artist_not_found
"JENCARLOS, Ky-Mani Marley",artist_not_found
"Marc Seguí, Rauw Alejandro, Pol Granch",artist_not_found
"Luigi 21 Plus, Ozuna",artist_not_found
"Cardi B, Megan Thee Stallion",artist_not_found
"Super Yei, Sammy, Myke Towers, Lenny Tavárez, Rafa Pabön",artist_not_found
"Iggy Azalea, Rita Ora",artist_not_found
"Mc Poze do Rodo, Bielzin, Mainstreet, MC Cabelinho, PL Quest, Neo Beats",artist_not_found
"21 Savage, Metro Boomin, Future",artist_not_found
"Fedez, Robert Miles",artist_not_found
"LiL CaKe, Migrantes, Nico Valdi",artist_not_found
"Juice WRLD, The Kid LAROI",artist_not_found
"MC 張天賦, Jay Fung",artist_not_found
"Kraantje Pappie, Bizzey",artist_not_found
"JOSEPE EL DEMENTE, Sayian Jimmy",artist_not_found
"Immune, Dof Twogee, Solid",artist_not_found
"Alexander Brown, Jack Savoretti",artist_not_found
"Yzomandias, Lvcas Dope",artist_not_found
"Juan Magán, Paulina Rubio, DCS",artist_not_found
"Dasoul, Nacho",artist_not_found
"Kygo, Store P, Lars Vaular",artist_not_found
"KESI, Sivas, Gilli",artist_not_found
"DJ Khaled, Chris Brown, Lil Wayne, Big Sean",artist_not_found
"Zivert, NILETTO",artist_not_found
"Alan Walker, K-391, Emelie Hollow",artist_not_found
"Future, Drake, Tems",artist_not_found
"Roope Salminen & Koirat, ABREU",artist_not_found
"TIX, The Pøssy Project",artist_not_found
"Armaan Malik, Thaman S",artist_not_found
"DJ Fresh, Ella Eyre",artist_not_found
"Ricky Martin, Pitbull",artist_not_found
"Ali Loka, Ouzzy",artist_not_found
"Angèle, Roméo Elvis",artist_not_found
"Liilz, ZieZie",artist_not_found
"Hilltop Hoods, James Chatburn",artist_not_found
"The Hardkiss, MONATIK",artist_not_found
"Tromba, Bomba KRK, Zeju POG",artist_not_found
"Seeb, Neev",artist_not_found
"Demarco Flamenco, Maki",artist_not_found
"Sigala, Bryn Christopher",artist_not_found
"Khaled, GASHI",artist_not_found
"Pitbull, Sensato, Osmani Garcia ""La Voz""",artist_not_found
"Rack, Saske",artist_not_found
"Aya Nakamura, Maluma",artist_not_found
"Alkilados feat. Nicky Jam, J. Alvarez, El Roockie",artist_not_found
"Raps On The Run, Wang, Electabaz",artist_not_found
"Gym Class Heroes, Adam Levine",artist_not_found
"Galin, Lidia",artist_not_found
La Delio Valdez,artist_not_found
"Deorro, DyCy, Adrian Delgado",artist_not_found
"JAY-Z, Kanye West",artist_not_found
"Pepe Aguilar, Ángela Aguilar, Melissa, La Marisoul",artist_not_found
"Nicky Jam, J Balvin",artist_not_found
"Calvin Harris, Rag'n'Bone Man",artist_not_found
"Tedi Aleksandrova, Monkey",artist_not_found
"Petre Stefan, YNY Sebi",artist_not_found
"Silvestre Dangond, Nicky Jam",artist_not_found
"Kodak Black, Offset, Travis Scott",artist_not_found
"Bonez MC, RAF Camora",artist_not_found
"Eden Hason, Jasmin Moallem",artist_not_found
"Wiatr, Sobel, be vis",artist_not_found
"Sevn Alias, Jairzinho, Kevin",artist_not_found
"Fy, Light, MC Bin Laden, Mad Clip, Mente Fuerte",artist_not_found
"Lagum, Ana Gabriela",artist_not_found
"Feid, ICON",artist_not_found
"Eminem, Joyner Lucas",artist_not_found
"Gemitaiz, Fabri Fibra",artist_not_found
"Dadju, Alonzo, GIMS",artist_not_found
"Farruko, Bad Bunny, Rvssian",artist_not_found
"Särre, Karri Koira",artist_not_found
N'Samble,artist_not_found
"Contra, Anıl Piyancı",artist_not_found
"ZENTYARB, PUNYARB, Lazyloxy",artist_not_found
"Imagine Dragons, JID, Arcane, League of Legends",artist_not_found
"bbno$, JVG, NCO, Rich Brian",artist_not_found
"Bobby Green, Sean Michael Murray",artist_not_found
"Danny Saucedo, Malcolm B",artist_not_found
"Bizarrap, Morad",artist_not_found
"A.R. Rahman, Arijit Singh, Shashaa Tirupati",artist_not_found
"Famous Dex, A$AP Rocky",artist_not_found
"Arttu Wiskari, TIPPA",artist_not_found
"C. Tangana, Becky G",artist_not_found
"Travie McCoy, Sia",artist_not_found
"KESI, Don Stefano",artist_not_found
"Shaka Loveless, Medina",artist_not_found
"Cledos, Bizi",artist_not_found
"Mc Davi, Mc Pedrinho, Mc Don Juan, DJ 900",artist_not_found
"Alka Yagnik, Arijit Singh",artist_not_found
"The Doorbeen, Ragini",artist_not_found
"LFERDA, Witness, kouz1",artist_not_found
"Thalia, Natti Natasha",artist_not_found
"Deejay Telio, Deedz B",artist_not_found
"Guè, Akon",artist_not_found
"Oki, Young Igi, Otsochodzi, OIO, Michał Anioł",artist_not_found
"Nerieš, DMS",artist_not_found
"Queen, David Bowie",artist_not_found
"Netsky, Digital Farm Animals",artist_not_found
"Ed Sheeran, Lil Baby",artist_not_found
"Dillon Francis, DJ Snake",artist_not_found
"Sech, Mozart La Para, Farina",artist_not_found
"J. Cole, Cults, Amber Coffman",artist_not_found
"187 Strassenbande, Bonez MC, Frauenarzt",artist_not_found
"Nio Garcia, J Balvin, Bad Bunny",artist_not_found
"Karpe, Omar Sheriff",artist_not_found
"Post Malone, Nicki Minaj",artist_not_found
"OAFF, Savera, Lothika, Ankur Tewari",artist_not_found
"Villanosam, Japanese",artist_not_found
"Taylor Swift, Ed Sheeran",artist_not_found
"Luis Fonsi, Juan Luis Guerra 4.40",artist_not_found
"Arcangel, Justin Quiles, Eladio Carrion, De La Ghetto",artist_not_found
"Jamie xx, Romy",artist_not_found
"James Hype, Kelli-Leigh",artist_not_found
"Nathan Goshen, Eden Ben Zaken",artist_not_found
"Pil C, Otis, Luca Brassi10x, sak10denz",artist_not_found
"Hawk, Smuggler, Above The Hood",artist_not_found
"Elastinen, Snoop Dogg",artist_not_found
"Samey, Taomi",artist_not_found
"Peter Pann, Separ, Kali",artist_not_found
"Drake, Lil Durk",artist_not_found
"Nicky Jam, Wisin",artist_not_found
"Noa Kirel, Itay Galo",artist_not_found
"Sachet Tandon, Nikhita Gandhi, Madhubanti Bagchi, Sachin-Jigar",artist_not_found
"Cardi B, 21 Savage",artist_not_found
"Diplo, Sleepy Tom",artist_not_found
"Ziv Zaifman, Hugh Jackman, Michelle Williams",artist_not_found
"Tedy, Mr. Bow",artist_not_found
"Lele Pons, Guaynaa",artist_not_found
"De La Ghetto, Mambo Kingz, DJ Luian, Arcangel, Ozuna, Anuel AA",artist_not_found
"Arcangel, Bad Bunny",artist_not_found
"Sonny Alven, Cayo",artist_not_found
"Tungevaag, Raaban, Richard Smitt",artist_not_found
"Los Ángeles Azules, Pepe Aguilar",artist_not_found
"Naughty Boy, Beyoncé, Arrow Benjamin",artist_not_found
"Chris Brown, Usher, Rick Ross",artist_not_found
"Frenna, Jandro",artist_not_found
"Rochy RD, Myke Towers, Nicki Nicole",artist_not_found
"Rvssian, Rauw Alejandro, Chris Brown",artist_not_found
"Donnie, Rene Froger",artist_not_found
"Bad Bunny, Kendo Kaponi, Arcangel",artist_not_found
"Hidra, Şehinşah, FerzanBeats",artist_not_found
"Khai Bahar, Fatin Husna",artist_not_found
"Jon Henrik Fjällgren, Aninia",artist_not_found
"Hindia, Rara Sekar",artist_not_found
Madh,artist_not_found
"Niska, Guy2bezbar",artist_not_found
"Kygo, Rita Ora",artist_not_found
"Silk City, Dua Lipa, Diplo, Mark Ronson",artist_not_found
"Becky G, Maluma",artist_not_found
"JVG, Elias Gould, MGI",artist_not_found
"Ozuna, Zion & Lennox",artist_not_found
"Danny Romero, Juan Magán",artist_not_found
"Ellie Goulding, Juice WRLD",artist_not_found
"Ghetto Kids, Guaynaa, Mad Fuentes",artist_not_found
"Reik, Farruko, Camilo",artist_not_found
"Oxlade, Mayorkun",artist_not_found
"ZICO, HOMIES",artist_not_found
"Đen, Phương Anh Đào",artist_not_found
"Yzomandias, Nik Tendo",artist_not_found
"Yandel, Farruko, Zion & Lennox, Egbert Rosa aka Haze",artist_not_found
"Maite Perroni, Cali Y El Dandee",artist_not_found
"Branco, KESI",artist_not_found
"Jubin Nautiyal, Tanishk Bagchi, Nusrat Fateh Ali Khan, Emraan Hashmi",artist_not_found
"Grupo Firme, Marca MP",artist_not_found
"6ix9ine, Tory Lanez",artist_not_found
"Cavallini & Shrty, Gettomasa",artist_not_found
"Cris Mj, Marcianeke, Simon la Letra, Stars Music Chile",artist_not_found
"Clau, Cortesia Da Casa, Haikaiss",artist_not_found
"Sarit Hadad, Osher Cohen",artist_not_found
"DJ Luian, Mambo Kingz, Anuel AA, Nicky Jam, Darell, Brytiago",artist_not_found
"Samey, Yzomandias, Ego",artist_not_found
"schafter, Taco Hemingway",artist_not_found
"Poshlaya Molly, Eldzhey",artist_not_found
"DrefGold, FSK SATELLITE",artist_not_found
"Stefanie Sun, Lin Zheng-Zhong",artist_not_found
"Naughty Boy, Sam Smith",artist_not_found
"FRANKIEONTHEGUITAR, T-Rex, LON3R JOHNY, Bispo",artist_not_found
"Bebe Rexha, Lil Wayne",artist_not_found
"Lvcas Dope, DJ Wich, Kali, Rytmus, Ego",artist_not_found
"Ammy Virk, Shahid Mallya",artist_not_found
"Sansar Salvo, Kaan Boşnak",artist_not_found
"The Oh Hellos, David K.",artist_not_found
"JóiPé, Króli, Emmsjé Gauti",artist_not_found
"Drake, 21 Savage",artist_not_found
"Justin Timberlake, Chris Stapleton",artist_not_found
"Deeperise, Burak Akyol",artist_not_found
"TIX, Meland x Hauken",artist_not_found
"Jasleen Royal, B Praak, Romy, Anvita Dutt",artist_not_found
"Fergie, Q-Tip, GoonRock",artist_not_found
"Kungs, Cookin' On 3 Burners",artist_not_found
"Young Igi, Żabson",artist_not_found
"BEGE, Nova Norda",artist_not_found
"Kizo, Young Igi",artist_not_found
"Migos, Gucci Mane",artist_not_found
"Naps, SCH",artist_not_found
"Kendrick Lamar, Rihanna",artist_not_found
"Cheloo, Margineanu",artist_not_found
"Casper Magico, Bryant Myers, Alex Rose, Juhn",artist_not_found
"Jason Derulo, David Guetta, Nicki Minaj, Willy William",artist_not_found
"Broiler, RAVVEL",artist_not_found
"THE ANXIETY, WILLOW, Tyler Cole",artist_not_found
"CKay, ElGrandeToto",artist_not_found
"Jimin, HA SUNG WOON",artist_not_found
"Seeb, Dagny",artist_not_found
"Pitbull, Mohombi, Wisin",artist_not_found
"Jhayco, Ozuna",artist_not_found
"Wet Bed Gang, CHARLIE BEATS",artist_not_found
"Marília Mendonça, Maiara & Maraisa",artist_not_found
"Paradise Hotel 2019, Bro",artist_not_found
"Justin Quiles, Zion & Lennox",artist_not_found
"iLLEOo, Hawk",artist_not_found
"Agam Buhbut, הפשוטע",artist_not_found
"Young Thug, J. Cole, Travis Scott",artist_not_found
"Robin Packalen, Elastinen",artist_not_found
"Natti Natasha, Ozuna",artist_not_found
"Drake, PARTYNEXTDOOR",artist_not_found
"Miguel, Travis Scott",artist_not_found
"Jairzinho, Sevn Alias, Two Crooks",artist_not_found
"YNY Sebi, Petre Stefan, Aron, Niku",artist_not_found
"Samra, Capital Bra",artist_not_found
"Aya Nakamura, Damso",artist_not_found
"Eden Ben Zaken, Static & Ben El, Stephane Legar",artist_not_found
"Kube, Cledos",artist_not_found
"Gil Vain, Benaia Barabi",artist_not_found
"Miyagi & Andy Panda, Mav-d",artist_not_found
"Maluma, Yandel",artist_not_found
"KHEA, Natti Natasha, Prince Royce, Lenny Santos",artist_not_found
"Farruko, Anuel AA, Kendo Kaponi",artist_not_found
"Little Mix, Jason Derulo",artist_not_found
"Silvestre Dangond, Maluma",artist_not_found
"Matoma, Becky Hill",artist_not_found
"GAULOIS, Ninho",artist_not_found
"J Balvin, Dua Lipa, Bad Bunny, Tainy",artist_not_found
"Hasan Raheem, Justin Bibis, Talal Qureshi",artist_not_found
"Elastinen, Lauri Tähkä",artist_not_found
"Yandel, Ozuna",artist_not_found
"Rhove, Shiva",artist_not_found
"DJ Patrick Muniz, Dj Olliver, Mc Topre, Mc Rennan",artist_not_found
"Frej Larsson, Young Earth Sauce, ODZ",artist_not_found
"J Balvin, Yandel, Farruko, Nicky Jam, De La Ghetto, Daddy Yankee, Zion, Arcangel, Sky Rompiendo, Alejandro ""Mosty"" Patiño",artist_not_found
"Lost Frequencies, Calum Scott",artist_not_found
"David Guetta, Akon, Ne-Yo",artist_not_found
"Marcos & Belutti, Wesley Safadão",artist_not_found
"Chino & Nacho, Daddy Yankee, Don Omar, Wisin",artist_not_found
"I.M.T. Smile, Ben Cristovao",artist_not_found
"Pil C, Ektor",artist_not_found
"Lana Del Rey, The Weeknd",artist_not_found
"Juan Magán, Mala Rodríguez",artist_not_found
"Tedua, Ghali",artist_not_found
"Ariff Bahran, Sarah Suhairi",artist_not_found
"Hugh Jackman, Keala Settle, Zac Efron, Zendaya, The Greatest Showman Ensemble",artist_not_found
"Eldzhey, FEDUK",artist_not_found
"Louis Tomlinson, Bebe Rexha, Digital Farm Animals",artist_not_found
"Josylvio, Do",artist_not_found
"Farruko, Bad Bunny",artist_not_found
"AMEE, Hoàng Dũng",artist_not_found
"Carl Brave, Max Gazzè",artist_not_found
"Twister el Rey, Mr Steve",artist_not_found
"Marka Akme, El Villano",artist_not_found
"GLK, Landy, DA Uzi, Hornet La Frappe",artist_not_found
"Aron Can, Bergur Leó",artist_not_found
"Sigríður Thorlacius, Valdimar Guðmundsson, Bragi Valdimar Skúlason",artist_not_found
"Gleb, Separ",artist_not_found
"Noa Kirel, Gitit Fisher",artist_not_found
"Robin Schulz, Alida",artist_not_found
"Liam Payne, J Balvin",artist_not_found
"Anuel AA, Enrique Iglesias",artist_not_found
"Abraham Mateo, Sofía Reyes",artist_not_found
"Martin Garrix, Clinton Kane",artist_not_found
"A.R. Rahman, Javed Ali, Mohit Chauhan",artist_not_found
"Estilo Libre, Rasel",artist_not_found
"Txrbo, แพรวา",artist_not_found
"CLMD, Astrid S",artist_not_found
"Lana Del Rey, Cedric Gervais",artist_not_found
"Selena Gomez, Rauw Alejandro",artist_not_found
"Aseel Hameem, Hussain Al Ghazal",artist_not_found
"Klingande, Broken Back",artist_not_found
"Young Igi, Malik Montana",artist_not_found
"Tiago PZK, Trueno",artist_not_found
"Sin Laurent, TOQUEL",artist_not_found
"Kygo, Justin Jesso",artist_not_found
"Justin Bieber, benny blanco",artist_not_found
"Taco Hemingway, Ras",artist_not_found
"ACRAZE, Cherish",artist_not_found
"Pitbull, Daddy Yankee, Natti Natasha",artist_not_found
"NOTD, Bea Miller",artist_not_found
"Rae Sremmurd, Swae Lee, Slim Jxmmi, Juicy J",artist_not_found
"BTS, Steve Aoki",artist_not_found
"Ali B, Ruben Annink",artist_not_found
"Ozan Doğulu, Gülden Mutlu, Bahadır Tatlıöz",artist_not_found
"Yall, Gabriela Richardson",artist_not_found
ZIAN,artist_not_found
"Samir Badran, Kevin",artist_not_found
"Soner Sarıkabadayı, Ozan Çolakoğlu",artist_not_found
"Mustard, Roddy Ricch",artist_not_found
"T-Fest, Skryptonite",artist_not_found
"Doja Cat, The Weeknd",artist_not_found
"Robbie Doherty, Keees.",artist_not_found
"Rich Music LTD, Sech, Dalex, Justin Quiles, Lenny Tavárez, Feid, De La Ghetto, Zion & Lennox",artist_not_found
"Rack, Ortiz",artist_not_found
"Sech, Alex Rose",artist_not_found
"Velet, Canbay, Wolker",artist_not_found
"Clean Bandit, Mabel, 24kGoldn",artist_not_found
"Lil Baby, Gunna",artist_not_found
"MC Kevinho, Simone & Simaria",artist_not_found
"JVG, Robin Packalen",artist_not_found
"Jason Derulo, 2 Chainz",artist_not_found
"Larry, RK",artist_not_found
"Niila, Repliikki",artist_not_found
"Mura Masa, A$AP Rocky",artist_not_found
"Zion & Lennox, Farruko, Yandel",artist_not_found
"Sima, Heikki Kuula",artist_not_found
"KAROL G, Anuel AA, J Balvin",artist_not_found
"R-chord, Diana Wang",artist_not_found
"Tourist LeMC, Spiritually Wally",artist_not_found
"Yera, Morat",artist_not_found
"Jan-Rapowanie, Nocny, Szpaku, Guzior",artist_not_found
"Wezza Montaser, Wegz",artist_not_found
"Anitta, Marília Mendonça",artist_not_found
"JENCARLOS, Charly Black",artist_not_found
"Kiko Rivera, Dasoul",artist_not_found
"KYLE, Lil Yachty",artist_not_found
"Juan Magán, Maffio",artist_not_found
"Grand Corps Malade, Camille Lellouche",artist_not_found
"Amit Trivedi, Kavita Seth, Amitabh Bhattacharya",artist_not_found
"Cristian D, $hirak, Brysa, Ashafar",artist_not_found
"Vegas Jones, Nitro",artist_not_found
"Benny Jamz, AMRO",artist_not_found
"Calle 13, Silvio Rodríguez",artist_not_found
"Leo Ku, Keung To",artist_not_found
"Afrojack, Mike Taylor",artist_not_found
"CAZZETTE, Terri B!",artist_not_found
"Headie One, Young T & Bugsey",artist_not_found
"Fred De Palma, Ana Mena",artist_not_found
"Maluma, Beéle, Rauw Alejandro, Mambo Kingz, DJ Luian, Darell",artist_not_found
"Maffio, Justin Quiles, Nacho, Shelow Shaq",artist_not_found
"Dame, Nerieš, Separ",artist_not_found
"Juju, Henning May",artist_not_found
"DizzyTooSkinny, Intomymind",artist_not_found
"tlinh, Trung Trần",artist_not_found
"El Joker, Haram",artist_not_found
"Wilkinson, Becky Hill",artist_not_found
"Logic, Eminem",artist_not_found
"Pikku G, JENNA ALEXA",artist_not_found
"Majka, Curtis, Király Viktor",artist_not_found
"Svanur, Baldvin, Hjalti",artist_not_found
"Kasza Tibi, Dér Heni",artist_not_found
"SHAUN, Conor Maynard, Sam Feldt",artist_not_found
"Pop Smoke, Rowdy Rebel",artist_not_found
"Mark Ronson, Miley Cyrus",artist_not_found
"Ozuna, Bad Bunny, Farruko, Arcangel, Ñengo Flow, DJ Luian, Mambo Kings",artist_not_found
"Sam Feldt, VIZE, Leony",artist_not_found
"Rovalio, Abdul Hannan",artist_not_found
"Joker Bra, VIZE",artist_not_found
"Reynmen, Zeynep Bastık, Arem Ozguc, Arman Aydin",artist_not_found
"Sebastian Yatra, Dalmata",artist_not_found
"Nacho, Yandel, Bad Bunny, Mambo Kingz, DJ Luian",artist_not_found
"Sean Paul, J Balvin",artist_not_found
"Einár, Thrife",artist_not_found
"DJ Neptune, Ruger",artist_not_found
"Ian, Azteca, Amuly",artist_not_found
"Benny Jamz, Gilli, KESI, B.O.C, Rasmus Seebach",artist_not_found
"Sam Feldt, EDX",artist_not_found
"Brytiago, Darell",artist_not_found
"Cyril Kamer, Rvfv, Cano",artist_not_found
"Mc Don Juan, Tarcísio do Acordeon, DG e Batidão Stronda",artist_not_found
"Rae Sremmurd, Nicki Minaj, Young Thug",artist_not_found
"8 Kambarys, Niko",artist_not_found
"Farruko, Sean Paul",artist_not_found
"KDA, Tinie Tempah, Katy B",artist_not_found
"Aventura, Don Omar",artist_not_found
"GASHI, French Montana, DJ Snake",artist_not_found
"Gettomasa, Gracias",artist_not_found
"Immune, Chico Beatz",artist_not_found
"MC Cabelinho, Gloria Groove, Dallass",artist_not_found
"Luude, Colin Hay",artist_not_found
"Geezly, Rochy RD, Yomel El Meloso, Tivi Gunz, La Demente",artist_not_found
"MoTrip, Lary",artist_not_found
"Kygo, Ellie Goulding",artist_not_found
"CNCO, Wisin",artist_not_found
"Los Cadillac's, Wisin",artist_not_found
"Tori Kelly, Ed Sheeran",artist_not_found
"FILV, Edmofo, Emma Peters",artist_not_found
"Ronnie Flex, Frenna",artist_not_found
"Future, Drake",artist_not_found
"Zion & Lennox, Nicky Jam",artist_not_found
"Martin Garrix, Macklemore, Fall Out Boy",artist_not_found
"Yksi Totuus, Matti Nykänen",artist_not_found
"Katy Perry, Skip Marley",artist_not_found
"Feride Hilal Akın, Hakan Tunçbilek",artist_not_found
"Drake, Giggs",artist_not_found
"Grupo Play, VI-EM",artist_not_found
"SEEMEE, SODA LUV",artist_not_found
"Juno, Janna",artist_not_found
"Slow J, Papillon",artist_not_found
"El Mayor Clasico, Shadow Blow",artist_not_found
"Emma Heesters, Rolf Sanchez, Beste Zangers",artist_not_found
"Fabbio, Omar Montes, Lennis Rodriguez, Chus Santana",artist_not_found
Amine,artist_not_found
"Wiz Khalifa, Swae Lee",artist_not_found
"Rack, Haik22, Immune, BeTaf Beats",artist_not_found
"Trueno, Nicki Nicole, Bizarrap, Taiu, TATOOL",artist_not_found
"Raappana, SINI YASEMIN",artist_not_found
"Ego, Lvcas Dope, Paulie Garand",artist_not_found
"Tinlicker, Helsloot",artist_not_found
"Kygo, Tina Turner",artist_not_found
"Cochise, $NOT",artist_not_found
"Katastrofe, Staysman, M.M.B",artist_not_found
"JóiPé, Króli, Aron Can",artist_not_found
"Gazapizm, Cem Adrian",artist_not_found
"Lemaitre, Jennie A.",artist_not_found
"Lucas & Steve, Alida",artist_not_found
"Anıl Piyancı, Ezhel",artist_not_found
"LON3R JOHNY, ProfJam",artist_not_found
"J. Cole, Lil Baby",artist_not_found
"El Alfa, Bryant Myers, Jon Z, Miky Woodz, Noriel, Plan B",artist_not_found
"Robin Schulz, David Guetta, Cheat Codes",artist_not_found
"Mustard, Migos",artist_not_found
"A.R. Rahman, Mohit Chauhan, Shreya Ghoshal",artist_not_found
"Dj Guuga, Mc Livinho",artist_not_found
"Dardan, Monet192",artist_not_found
"Steve Aoki, Louis Tomlinson",artist_not_found
"Sanluis, Chino & Nacho",artist_not_found
"Follow The Flow, Varázslatos Magyarország",artist_not_found
Avalanche City,artist_not_found
"VALMAR, Manuel",artist_not_found
"Klass-A, kouz1",artist_not_found
"Phuong Ly, TINLE",artist_not_found
"Dame 5, The La Planta",artist_not_found
"Olexesh, Edin",artist_not_found
"Đen, Ngọc Linh",artist_not_found
"Stepz, Gilli, Benny Jamz, Branco",artist_not_found
"DaBaby, Lil Baby, Moneybagg Yo",artist_not_found
"Maluma, Arcangel",artist_not_found
"D-Block Europe, RAYE",artist_not_found
"Einár, Trobi, VC Barre",artist_not_found
"Thelma Aoyama, SoulJa",artist_not_found
"SQWOZ BAB, The First Station",artist_not_found
"Vilma Alina, Teflon Brothers",artist_not_found
"Ian, Amtilb, Simiz",artist_not_found
"Maxwell, RAF Camora, Bonez MC",artist_not_found
"Sech, Farruko, Zion & Lennox",artist_not_found
"The Avener, Ane Brun",artist_not_found
"Bad Bunny, Duki, Pablo Chill-E",artist_not_found
"Calvin Harris, Future, Khalid, Funk Wav",artist_not_found
"Capital Bra, Samra",artist_not_found
"Faul & Wad, PNAU",artist_not_found
"Maria Becerra, Rusherking",artist_not_found
"Tito ""El Bambino"", Chencho",artist_not_found
"Tawsen, Manal, ElGrandeToto",artist_not_found
"Preslava, Konstantin",artist_not_found
"Danny Romero, Maluma",artist_not_found
"Boza, faster",artist_not_found
"Capo Plaza, Aya Nakamura",artist_not_found
"Super Yei, Sammy, Jone Quest, Towy, Osquel, Beltito, Sammy & Falsetto",artist_not_found
"Massimo Pericolo, Crookers",artist_not_found
"Miss Montreal, Beste Zangers",artist_not_found
"Juan Magán, Belinda, Lapiz Conciente",artist_not_found
"Boza, Faster",artist_not_found
"Faya, F1rstman, I am Aisha",artist_not_found
"Mau y Ricky, Camilo",artist_not_found
"Niska, Booba",artist_not_found
"Carlos Vives, Maluma",artist_not_found
"Mindset, DABOYWAY, Younggu, DIAMOND MQT",artist_not_found
"Salvador Da Rima, NOG, Mc Kevin, MC Ryan SP, Mc Lele JP",artist_not_found
"Bushido, Capital Bra",artist_not_found
"Artz, Ezhel",artist_not_found
"Luis Fonsi, Ozuna",artist_not_found
"Veysel, Mozzik",artist_not_found
"Paky, Kermit",artist_not_found
"Kid Cudi, MGMT, Ratatat",artist_not_found
"Arcangel, DJ Luian",artist_not_found
"Shawn Mendes, Justin Bieber",artist_not_found
"Joey Montana, De La Ghetto",artist_not_found
"Cledos, TIPPA, Gracias, MD$, Bizi, Mikael Gabriel",artist_not_found
"Nicky Jam, Ozuna, Bad Bunny",artist_not_found
"CHO, La Rouge",artist_not_found
"Sevn Alias, Lil Kleine, Boef",artist_not_found
"TINI, Cali Y El Dandee",artist_not_found
"Bad Bunny, Tony Dize",artist_not_found
"Kris Kross Amsterdam, Tino Martin, Emma Heesters",artist_not_found
"Miss Bolivia, Leo García",artist_not_found
"StarBoi3, Doja Cat",artist_not_found
"Reik, Nicky Jam",artist_not_found
"Sech, Justin Quiles",artist_not_found
"Aitch, AJ Tracey, Tay Keith",artist_not_found
"Merk & Kremont, Ady Suleiman",artist_not_found
"AP Dhillon, Gurinder Gill",artist_not_found
"Kaleb Di Masi, Locura Mix",artist_not_found
"Lil Skies, Landon Cube",artist_not_found
"V $ X V PRiNCE, Кисло-Сладкий & Bonah",artist_not_found
"RAF Camora, Bonez MC, Gzuz, Maxwell",artist_not_found
"Trill Pem, Wac Toja",artist_not_found
"Adriel Favela, Código FN",artist_not_found
"Bad Bunny, Jhayco",artist_not_found
"Paulina Rubio, Morat",artist_not_found
"Raving George, Oscar and the Wolf",artist_not_found
"Karim Mahmoud Abdelaziz, Mohamed Osama",artist_not_found
"James Newton Howard, Jennifer Lawrence",artist_not_found
"Camila Cabello, Daddy Yankee",artist_not_found
"Rauw Alejandro, Daddy Yankee",artist_not_found
"Lil PoP, Ypo, Ivan Greko",artist_not_found
"Emma Stone, Callie Hernandez, Sonoya Mizuno, Jessica Rothe",artist_not_found
"Piso 21, Myke Towers",artist_not_found
"Gente De Zona, Pitbull",artist_not_found
"DrefGold, Sfera Ebbasta",artist_not_found
"Mikael Gabriel, Diandra",artist_not_found
"SNIK, Tamta",artist_not_found
"Junior H, Natanael Cano",artist_not_found
"Jabberwocky, Elodie Wildstars",artist_not_found
"Lucas Lucco, Marília Mendonça",artist_not_found
"Daddy Yankee, Anuel AA, Kendo Kaponi",artist_not_found
"Camila Cabello, DaBaby",artist_not_found
"The Chainsmokers, Bebe Rexha",artist_not_found
"Strat, Mad Clip",artist_not_found
"Owl City, Aloe Blacc",artist_not_found
"BroyS, Pbb Yea",artist_not_found
"Valentino, Nicky Jam, Justin Quiles",artist_not_found
"Leon Machère, Stard Ova, KALUMA",artist_not_found
"Will Sparks, Wiley, Elen Levon",artist_not_found
"Binz, Phuong Ly",artist_not_found
"SUPER-Hi, NEEKA",artist_not_found
"Nik Tendo, Separ",artist_not_found
"Vishal-Shekhar, KK, Shilpa Rao",artist_not_found
"Ana Vilela, Luan Santana",artist_not_found
"Fer Palacio, DJ Alex, Santiago Saez",artist_not_found
"Felix Jaehn, Hight, Alex Aiono",artist_not_found
"Akhil, Dhvani Bhanushali, Abhijit Vaghani, Bob",artist_not_found
"Damas Gratis, L-Gante, Marita",artist_not_found
"Jacob Forever, Farruko",artist_not_found
"Joakim Lundell, Sophie Elise",artist_not_found
"Avicii, Agnes, Vargas & Lagola",artist_not_found
"Soso Maness, PLK",artist_not_found
"The Game, Drake",artist_not_found
"Dadju, Ninho",artist_not_found
"PRO8L3M, Brodka",artist_not_found
"The Doorbeen, Shreya Sharma",artist_not_found
"Ufo361, RIN",artist_not_found
"Brytiago, Bad Bunny",artist_not_found
"Cocos de la Calarasi, Vali Vijelie, Iuly Neamtu, Manele Mentolate",artist_not_found
"Shiva, thasup",artist_not_found
"Achille Lauro, Boss Doms, Gemitaiz, Quentin40, Puritano",artist_not_found
"Jory Boy, Bad Bunny",artist_not_found
"Marama, Rombai",artist_not_found
"Bad Bunny, Don Omar",artist_not_found
"Wisin, Daddy Yankee, Yandel",artist_not_found
"Heijan, Muti",artist_not_found
"Iggy Azalea, Jennifer Hudson",artist_not_found
"Therapie TAXI, Roméo Elvis",artist_not_found
"Akhil, Dhvani Bhanushali",artist_not_found
"Pitbull, Farruko",artist_not_found
"Diplo, Faustix, Imanos, kai",artist_not_found
"Lalo Ebratt, Sebastian Yatra, Yera, Trapical Minds",artist_not_found
"Drake, Future, Young Thug",artist_not_found
สมอารมณ์,artist_not_found
"Drax Project, SIX60",artist_not_found
"Josylvio, Kevin, Vic9, Sevn Alias",artist_not_found
"Bad Bunny, Mambo Kingz, DJ Luian, Arcangel, Almighty, Bryant Myers, Noriel, Baby Rasta, Brytiago",artist_not_found
"Amaarae, Kali Uchis, Moliy",artist_not_found
"Alex Rose, Casper Magico, Ñengo Flow, Bryant Myers, Noriel, Juhn Allstar, Miky Woodz, Jhay Cortez, Myke Towers",artist_not_found
"Haze, Myke Towers",artist_not_found
"AMEE, Obito",artist_not_found
"Lola Indigo, TINI, Belinda",artist_not_found
"SFB, Ronnie Flex",artist_not_found
"Santa Fe Klan, Nanpa Básico",artist_not_found
"Mora, Feid",artist_not_found
"MellemFingaMuzik, Gilli",artist_not_found
"Marshmello, Halsey",artist_not_found
"Alan Walker, Au/Ra, Tomine Harket",artist_not_found
"Midel, Arse, KHEA, Duki, Klave",artist_not_found
"Hoda Bondok, Muslim",artist_not_found
"Carmon, Stepz",artist_not_found
"Trettmann, Bonez MC, RAF Camora",artist_not_found
"Musketeers, Maiyarap",artist_not_found
"The Chainsmokers, Winona Oak",artist_not_found
"J Hus, MoStack, MIST",artist_not_found
"Jhay Cortez, Wisin & Yandel",artist_not_found
"JAYLERR, Ice Paris",artist_not_found
"Đen, Biên",artist_not_found
"Tymek, Brodka, Urbanski",artist_not_found
"Tuna, Tzlil Danin",artist_not_found
"Lacrim, Maes",artist_not_found
"Giaime, Andry The Hitmaker, Capo Plaza",artist_not_found
"Darren Espanto, Morissette",artist_not_found
"Enrique Iglesias, Arcangel, Javada, Luny Tunes",artist_not_found
Fyfe,artist_not_found
"Bryant Myers, Bad Bunny",artist_not_found
"Białas, Lanek",artist_not_found
"Pritam, Tochi Raina, Rekha Bhardwaj",artist_not_found
"El Super Hobby, Bryan Alvez",artist_not_found
"Capo Plaza, AVA",artist_not_found
"Kendji Girac, Soolking",artist_not_found
"Bushido, Samra, Capital Bra",artist_not_found
"AlbertNbn, Mgk666",artist_not_found
"Lunay, Chris Jedi, Gaby Music",artist_not_found
"Vanya, Medi",artist_not_found
"DJ Snake, George Maple",artist_not_found
"Farruko, Arcangel, Noriel, Bryant Myers, Alex Gargola",artist_not_found
"SDP, Capital Bra",artist_not_found
"Piso 21, Nicky Jam",artist_not_found
"Sia, Sean Paul",artist_not_found
"Fasma, GG",artist_not_found
"Lunay, Myke Towers, Ozuna, Chencho Corleone, Rauw Alejandro",artist_not_found
"MC Gustta, MC DG",artist_not_found
"Ankerstjerne, Shaka Loveless",artist_not_found
"Camila Cabello, Quavo",artist_not_found
"FMK, Tiago PZK, Mau y Ricky",artist_not_found
"DJ Maphorisa, Tyler ICU, Visca, Madumane, Mpura, Daliwonga",artist_not_found
"Bao Anh, Táo",artist_not_found
"Noriel, Myke Towers, Rauw Alejandro, Almighty",artist_not_found
"Felipe Peláez, Maluma",artist_not_found
"Saweetie, Doja Cat",artist_not_found
"Istanbul Trip, Muşta, Şehinşah, SvA",artist_not_found
"Camilo, Pablo Alborán",artist_not_found
"Kweyama Brothers, Mpura, Abidoza, Thabiso Lavish",artist_not_found
"Carlos Baute, Piso 21",artist_not_found
"Lasso, Sebastian Yatra",artist_not_found
"Maluma, Sech",artist_not_found
"Massimo Pericolo, Crookers, Nic Sarno",artist_not_found
"DJ DYLVN, Hansie, Tabitha",artist_not_found
"Shiva, Pyrex",artist_not_found
"B.U.G. Mafia, AMI",artist_not_found
"Shawn Mendes, Astrid S",artist_not_found
"Chance the Rapper, Justin Bieber, Towkio",artist_not_found
"Alejandro Sanz, Marc Anthony",artist_not_found
"Dímelo Flow, Dalex, Rafa Pabön",artist_not_found
"J Balvin, Pharrell Williams, BIA, Sky Rompiendo",artist_not_found
"Ryan Gosling, Emma Stone",artist_not_found
"Afrojack, Lucas & Steve, DubVision",artist_not_found
"Soprano, Vincenzo",artist_not_found
"TaynguyenSound, Tofu, PC, Dick",artist_not_found
"Nacho, Manuel Turizo",artist_not_found
"ZK, Sivas",artist_not_found
"Hugh Jackman, The Greatest Showman Ensemble",artist_not_found
"Zé Felipe, Mc Danny",artist_not_found
"Jax Jones, Ina Wroldsen",artist_not_found
"Felix Jaehn, VIZE, Miss Li",artist_not_found
"Vishal-Shekhar, Shilpa Rao, Caralisa Monteiro, Vishal Dadlani, Shekhar Ravjiani, Kumaar",artist_not_found
"Becky G, Myke Towers",artist_not_found
"DJ Abdel, Soprano, Jul",artist_not_found
"Zedd, Alessia Cara",artist_not_found
"Rauw Alejandro, Nicky Jam",artist_not_found
"SB Maffija, Bedoes 2115, Solar, Jan-Rapowanie, Białas, Janusz Walczuk, Pedro, francis",artist_not_found
"Rjóminn, SZK",artist_not_found
"Malik Montana, Diho, Alberto, Bibič",artist_not_found
"Sebastian Yatra, Mau y Ricky",artist_not_found
"S.Pri Noir, Nekfeu",artist_not_found
"Prince Royce, Marc Anthony",artist_not_found
"DCS, Juan Magán",artist_not_found
"Bad Bunny, J Balvin, Ozuna, Arcangel",artist_not_found
"Kenny Man, Sebastian Yatra",artist_not_found
"Gavin D, PUI, VARINZ, Nonny9, Z TRIP, MITEENNN",artist_not_found
"Usher, Juicy J",artist_not_found
"Gilli, MellemFingaMuzik",artist_not_found
"Badshah, Nikhita Gandhi",artist_not_found
"ProfJam, Fínix MG",artist_not_found
"Pineapple StormTv, L7NNON, Chris MC, Xamã, Lourena, Cesar Mc, Djonga, Filipe Ret, Salve Malak",artist_not_found
"ADAAM, D50",artist_not_found
"1.Cuz, Greekazo, Yei Gonzalez",artist_not_found
"Kendrick Lamar, Zacari",artist_not_found
"A.R. Rahman, Badshah, Tanishk Bagchi, Shashaa Tirupati, Jubin Nautiyal",artist_not_found
"Pitbull, G.R.L.",artist_not_found
"BENIM, Radoz",artist_not_found
"Mata, Ezra Williams, Sarcastic Sounds",artist_not_found
"Joe Flizzow, SonaOne",artist_not_found
"ibe, MELO",artist_not_found
"Ozuna, Daddy Yankee, J Balvin, Farruko, Anuel AA",artist_not_found
"Alina Baraz, Galimatias, Felix Jaehn",artist_not_found
"Bedoes 2115, Kubi Producent",artist_not_found
"Jason Derulo, Puri, Jhorrmountain",artist_not_found
"Prince Royce, Maluma",artist_not_found
"Shablo, Geolier, Sfera Ebbasta",artist_not_found
"Swedish House Mafia, The Weeknd",artist_not_found
"PARTYNEXTDOOR, Rihanna",artist_not_found
"Nicky Jam, Romeo Santos",artist_not_found
"Summer Cem, Veysel",artist_not_found
"Thomas Rhett, Kane Brown, Ava Max",artist_not_found
"Hugh Jackman, Zac Efron",artist_not_found
"Gazo, Ninho",artist_not_found
"Pop Smoke, A Boogie Wit da Hoodie",artist_not_found
"Dudu Aharon, Eden Meiri",artist_not_found
"TINI, Maria Becerra",artist_not_found
"Brädi, Juha Tapio",artist_not_found
"Branco, Gilli, Amina",artist_not_found
"Nik Tendo, Decky",artist_not_found
"Mauku Sencis, Grandmasters Neons",artist_not_found
"Javed-Mohsin, Darshan Raval",artist_not_found
"Route 94, Jess Glynne",artist_not_found
"TACONAFIDE, Quebonafide, Taco Hemingway",artist_not_found
"villemdrillem, Elina Born",artist_not_found
"Bad Bunny, Yaviah",artist_not_found
"Dvicio, Jesús Reik, Mau y Ricky",artist_not_found
"Akim, Sech",artist_not_found
"Marcus & Martinus, Alex Rose",artist_not_found
"Nick Jonas, Tove Lo",artist_not_found
"Gustavo Mioto, Jorge e Mateus",artist_not_found
"Paulie Garand, DJ Wich, Pil C, Rytmus",artist_not_found
"De Mthuda, Sir Trill, Da Muziqal Chef",artist_not_found
"Gunna, Young Thug",artist_not_found
"Nicky Youre, dazy",artist_not_found
"Hafiz Suip, Adira Suhaimi",artist_not_found
"Skrillex, Rick Ross",artist_not_found
"Cheek, Ilta",artist_not_found
"Arko, B Praak",artist_not_found
"Kacperczyk, Julia Wieniawa",artist_not_found
"MC 張天賦, 藍仔頭",artist_not_found
"gamaliél, Isyana Sarasvati",artist_not_found
"Duki, Neo Pistea, YSY A",artist_not_found
"Irina Kairatovna, Shiza",artist_not_found
"Pineapple StormTv, Froid, Xamã, Dk 47, Chris MC, Cynthia Luz, Luccas Carlos",artist_not_found
"Tyler, The Creator, Kali Uchis",artist_not_found
"Kiiara, Felix Snow",artist_not_found
"Post Malone, DaBaby",artist_not_found
"Sachet Tandon, Sachet-Parampara",artist_not_found
"JACKBOYS, Travis Scott, Young Thug",artist_not_found
"Rob $tone, J. Davi$, J Spooks",artist_not_found
"Bizarrap, Aleman",artist_not_found
"El Alfa, Darell, Noriel",artist_not_found
"Semicenk, Funda Arar",artist_not_found
"GIMS, Sofiane",artist_not_found
"Alle Farben, YouNotUs",artist_not_found
"Alan Walker, Ruben",artist_not_found
"Shakira, Rihanna",artist_not_found
"jautì, Gabrielė Vilkickytė",artist_not_found
"Flume, kai",artist_not_found
"Blessd, Maluma",artist_not_found
"Hardwell, Jason Derulo",artist_not_found
"Kyla La Grange, Kygo",artist_not_found
"Gemitaiz, Achille Lauro",artist_not_found
"ChildsPlay, Jayh",artist_not_found
"Christian Nodal, Ángela Aguilar",artist_not_found
"Nea, Felix Jaehn",artist_not_found
"BELL, Roc Boyz",artist_not_found
"Mister V, PLK",artist_not_found
"KALUSH, Jerry Heil",artist_not_found
"Zedd, Maren Morris, Grey",artist_not_found
"Leslie Shaw, Legarda",artist_not_found
"Elastinen, Robin Packalen",artist_not_found
"Guzior, Favst",artist_not_found
"The Vamps, Martin Jensen",artist_not_found
"BlocBoy JB, Drake",artist_not_found
"C. Tangana, Niño de Elche, La Húngara",artist_not_found
"Skryptonite, Райда",artist_not_found
"Fouli, Branco",artist_not_found
"Lamix, Mwuana, Jireel, Blizzy, Elias Abbas",artist_not_found
"Silvestre Dangond, Natti Natasha",artist_not_found
"Dadá Boladão, Tati Zaqui, OIK",artist_not_found
"Charlie Charles, Sfera Ebbasta, Ghali",artist_not_found
"AP Dhillon, Gurinder Gill, Intense",artist_not_found
"Kabza De Small, Nkosazana Daughter, Murumba Pitch",artist_not_found
"MamboLosco, Edo Fendy",artist_not_found
"Robin Schulz, Akon",artist_not_found
"Lenny Tavárez, Justin Quiles",artist_not_found
"Jan-Rapowanie, Nocny",artist_not_found
"Maluma, Ricky Martin",artist_not_found
"Snor, Tagne, Stormy",artist_not_found
"Reykon, Cosculluela",artist_not_found
"Sebastian Yatra, Daddy Yankee, Natti Natasha, Jonas Brothers",artist_not_found
"P.A.T., Separ",artist_not_found
"JVG, Märkä-Simo",artist_not_found
"The Kid LAROI, Juice WRLD",artist_not_found
"Badoxa, G-Amado",artist_not_found
"Sfera Ebbasta, DrefGold",artist_not_found
"Cartel De Santa, Millonario",artist_not_found
"Chance the Rapper, Lil Wayne, 2 Chainz",artist_not_found
"Vytinho NG, Bianca",artist_not_found
"Zynakal, Yonnyboii",artist_not_found
"emre aydın, Model",artist_not_found
"Kav Verhouzer, Sjaak",artist_not_found
"Elastinen, Sami Hedberg",artist_not_found
"MEDUZA, Alok, Goodboys",artist_not_found
"bbno$, Rich Brian",artist_not_found
"Rich Music LTD, Sech, Dalex, Justin Quiles, Lenny Tavárez, Feid, Wisin, Zion",artist_not_found
"Röyksopp, Robyn",artist_not_found
"Mad Clip, DJ Stephan",artist_not_found
"Doli & Penn, Beit Habubot, Rotem Cohen",artist_not_found
"Lijpe, Frenna",artist_not_found
"Balbi El Chamako, El BAI, Marcianeke, Pailita, Young Cister, Jairo Vera, Harry Nach, Forest, Julianno Sosa, franco el gorila, Cris Mj",artist_not_found
NDG,artist_not_found
"BTS, Lauv",artist_not_found
"Drake, Giveon",artist_not_found
"Tamta, Mente Fuerte",artist_not_found
"Brytiago, Jay Wheeler",artist_not_found
"Akon, Matoma",artist_not_found
"Maxwell, Bonez MC",artist_not_found
"Curtis Waters, Harm Franklin",artist_not_found
"Reik, Zion & Lennox",artist_not_found
"Frenna, Mula B",artist_not_found
"Rack, Immune, DJ.Silence",artist_not_found
"PLK, OBOY",artist_not_found
"ProfJam, benji price",artist_not_found
"Taylor Swift, Ed Sheeran, Future",artist_not_found
"Antti Tuisku, VilleGalle",artist_not_found
"2Pac, Outlawz",artist_not_found
"Ronnie Flex, Idaly, Lil Kleine, Bokoesam, Jonna Fraser",artist_not_found
"BK, Mr. Saik, Akim",artist_not_found
"T.I., Young Thug",artist_not_found
"R3HAB, A Touch Of Class",artist_not_found
"Robin og Bugge, Gaute Ormåsen",artist_not_found
"Ufo361, Luciano",artist_not_found
"DKB, King Africa",artist_not_found
"Alex Sensation, Ozuna",artist_not_found
"Dopebwoy, Boef, SRNO",artist_not_found
"Fuerza Regida, Grupo Frontera",artist_not_found
"Tiësto, Ava Max",artist_not_found
"Ceza, Sezen Aksu",artist_not_found
"6ix9ine, Nicki Minaj, Murda Beatz",artist_not_found
"Sebastian Yatra, Rauw Alejandro, Manuel Turizo, Cosculluela, Lalo Ebratt, Llane, Dalmata",artist_not_found
"Metro Boomin, Offset, Drake",artist_not_found
"João Bosco & Vinicius, Henrique & Juliano",artist_not_found
"Nathan Goshen, KVR",artist_not_found
"Sleepy Hallow, 347aidan",artist_not_found
"Fahed Bin Fasla, فالح بن فصلا",artist_not_found
"Goldy Boy, Ozuna",artist_not_found
"Einár, Greekazo",artist_not_found
"Chivas, White 2115",artist_not_found
"Bad Bunny, Bomba Estéreo",artist_not_found
"Drake, Lil Durk, Giveon",artist_not_found
"Kevin Roldan, Zion & Lennox, DJ Maff",artist_not_found
"Charli XCX, Rita Ora",artist_not_found
"4Keus, Niska",artist_not_found
"Morvasu, TangBadVoice",artist_not_found
"David Guetta, Kid Cudi",artist_not_found
"Jr Crown, Thome, Chris Line",artist_not_found
"Taco Hemingway, Keeko, Zeppy Zep",artist_not_found
"Skepta, Jme",artist_not_found
"Juice WRLD, The Weeknd",artist_not_found
"Maroon 5, SZA",artist_not_found
"Monica Geuze, Ronnie Flex, MafÉ, Abira, Frenna, Emms",artist_not_found
"Feder, Emmi",artist_not_found
"Dalyb, Nik Tendo",artist_not_found
"Snakehips, Anne-Marie, Joey Bada$$",artist_not_found
"TINI, Sebastian Yatra",artist_not_found
"Dree Low, Adel",artist_not_found
"Eladio Carrion, Jay Wheeler",artist_not_found
"Kris Winther, LamboLaz, SuperJonny, Lil Holmie, Rapposaurus Rex",artist_not_found
"Davina Michelle, Snelle",artist_not_found
"Kasmir, SAARA",artist_not_found
"Víctor Manuelle, Bad Bunny",artist_not_found
"Sixto Rein, El Potro Alvarez, Farruko",artist_not_found
"Agir, Regula",artist_not_found
"fellow fellow, Blacksheep",artist_not_found
"Mustafa Ceceli, Ekin Uzunlar",artist_not_found
"Dyna, F1rstman, Lil Kleine, Bollebof",artist_not_found
"IAmChino, Pitbull, Yandel, El Chacal",artist_not_found
"Andy Rivera, Jhonny Rivera, Jessi Uribe",artist_not_found
"Jebroer, Paul Elstak",artist_not_found
"Dj Ademar, Boy Teddy",artist_not_found
"MC Kekel, MC Rita",artist_not_found
"Zayo, Samey",artist_not_found
"Yandel, Sebastian Yatra, Manuel Turizo",artist_not_found
"Bizzey, Yung Felix, Josylvio, 3robi",artist_not_found
"Momo, Hoodini",artist_not_found
"Gabry Ponte, LUM!X, Prezioso",artist_not_found
"MC Levin, DJ Nikolas Alves Exclusive, DJ Kaioken, DJ Gege",artist_not_found
"ALYPH, SonaOne",artist_not_found
"Metro Boomin, The Weeknd, 21 Savage",artist_not_found
"Fedez, Noemi",artist_not_found
"Tungevaag, ItaloBrothers",artist_not_found
"Nekfeu, Ed Sheeran",artist_not_found
"ROSALÍA, The Weeknd",artist_not_found
"Teflon Brothers, Pandora",artist_not_found
"Mc Don Juan, Mc Davi",artist_not_found
"Hilltop Hoods, Illy, Ecca Vandal",artist_not_found
"Calin, SKiNNY BARBER",artist_not_found
"Dani Gambino, Dj The Boy",artist_not_found
"Ryan Castro, Feid",artist_not_found
"NEIKED, Mae Muller, Polo G",artist_not_found
"Tabitha, Rolf Sanchez, Poke",artist_not_found
"João Neto & Frederico, Simone & Simaria",artist_not_found
"Nause, Pretty Sister",artist_not_found
"Azzi Memo, Capo",artist_not_found
"Elastinen, Jenni Vartiainen",artist_not_found
"Cosculluela, Daddy Yankee",artist_not_found
"Don Bigg, ElGrandeToto",artist_not_found
"NAV, Travis Scott",artist_not_found
"Henrique & Diego, MC Guime",artist_not_found
"Ozuna, Daddy Yankee",artist_not_found
"Ninho, Jul",artist_not_found
"Rauw Alejandro, Lyanno, Brray",artist_not_found
"Krisko, Tita",artist_not_found
"Soolking, Dhurata Dora",artist_not_found
"The Avener, Kadebostany",artist_not_found
"Matisse, Camilo",artist_not_found
"Calvin Harris, Tom Grennan",artist_not_found
"Micro TDH, Rels B, Lenny Tavárez, Justin Quiles",artist_not_found
"Jebroer, Paul Elstak, Dr Phunk",artist_not_found
"Frenna, Boef",artist_not_found
"Simon la Letra, Pablo Chill-E",artist_not_found
"Mike Bahía, Greeicy",artist_not_found
"Prince Royce, Manuel Turizo",artist_not_found
"Jeremih, J. Cole",artist_not_found
"Cash Cash, Conor Maynard",artist_not_found
"Jace Chan, Terence Lam",artist_not_found
"Kina, Adriana Proenza",artist_not_found
"Gucci Mane, Bruno Mars, Kodak Black",artist_not_found
"11:11 Music Group, Martin Arteta",artist_not_found
"Galin, SIMONA",artist_not_found
"Opgeblazen, Wilbert Pigmans",artist_not_found
"Lê Hiếu, SOOBIN, Touliver",artist_not_found
"Dzeko & Torres, Delaney Jane",artist_not_found
"Carlos Baute, Marta Sánchez",artist_not_found
"Arijit Singh, Asees Kaur",artist_not_found
"Anitta, Lexa, Luísa Sonza, Rebecca",artist_not_found
"KEVVO, Farruko, Chencho Corleone, Arcangel, Darell, Ñengo Flow, Brytiago, Myke Towers",artist_not_found
"Sivas, NODE, Gilli",artist_not_found
"Salvatore Ganacci, Alex Aris, Enya",artist_not_found
"GIULIA BE, Luan Santana",artist_not_found
"Alexio, Daddy Yankee, Nicky Jam, Farruko, Arcangel, De La Ghetto, Zion, Ñengo Flow",artist_not_found
"Le classico organisé, Koba LaD, Jul, PLK, SCH, Gazo, Soso Maness, Kofs, Guy2bezbar, Naps",artist_not_found
"Post Malone, Doja Cat",artist_not_found
"Smolasty, Otsochodzi",artist_not_found
"Kinny Zimmer, Szpaku",artist_not_found
"Anıl Piyancı, Zeynep Bastık",artist_not_found
"Mata, Quebonafide, Malik Montana",artist_not_found
Daniel Santacruz,artist_not_found
"Leto, Ninho",artist_not_found
"ANAVITÓRIA, TIAGO IORC",artist_not_found
"Young T & Bugsey, DaBaby",artist_not_found
"Yovie Widianto, Tulus, Glenn Fredly",artist_not_found
"Gigolo Y La Exce, Arcangel, De La Ghetto",artist_not_found
"Osad, VRT",artist_not_found
"Badshah, Harrdy Sandhu, Lisa Mishra, Asees Kaur",artist_not_found
"Nathan Goshen, Ishay Ribo",artist_not_found
"salem ilese, TOMORROW X TOGETHER, Alan Walker",artist_not_found
"Phlake, Mercedes the Virus",artist_not_found
"SFB, Broederliefde, Ronnie Flex",artist_not_found
"Cheat Codes, CADE",artist_not_found
"Guzior, D3W, Szpaku",artist_not_found
"Humlan Djojj, Josefine Götestam",artist_not_found
"D.A.M.A, Salvador Seixas",artist_not_found
"Rizky Febian, Ziva Magnolya",artist_not_found
"GAMPER & DADONI, Emily Roberts",artist_not_found
"Macklemore & Ryan Lewis, Mary Lambert",artist_not_found
"Los Auténticos Decadentes, Mon Laferte",artist_not_found
"KAROL G, Wisin & Yandel, Nicky Jam, Ivy Queen, Zion, Alberto Stylee",artist_not_found
"Bonez MC, RAF Camora, Gzuz",artist_not_found
"JP THE WAVY, OZworld, LEX",artist_not_found
"MC JottaPê, MC Kekel, MC Kevinho",artist_not_found
"Alok, Mc Don Juan, Dj GBR",artist_not_found
"Wallows, Clairo",artist_not_found
"Static & Ben El, Nasrin Kadri",artist_not_found
"RAVA, Amuly, Tussin, Ravisval",artist_not_found
"Olly Murs, Travie McCoy",artist_not_found
"PLK, Hamza",artist_not_found
"Gradur, Heuss L'enfoiré",artist_not_found
"Mc Pepeu, DJ Swat",artist_not_found
"Marc Anthony, Will Smith, Bad Bunny",artist_not_found
"Calibre 50, El Komander",artist_not_found
"J-AX, Il Cile",artist_not_found
"Rácz Gergõ, Orsovai Reni",artist_not_found
"Carlos Vives, Ricky Martin",artist_not_found
"Calin, Ben Cristovao",artist_not_found
"Joe Stone, Montell Jordan",artist_not_found
"Manuel Turizo, Maluma",artist_not_found
"Justin Quiles, Daddy Yankee, El Alfa",artist_not_found
"millennium parade, Belle",artist_not_found
"Lauv, Anne-Marie",artist_not_found
"Rusherking, Duki",artist_not_found
"Os Barões Da Pisadinha, Jorge",artist_not_found
"Faija, Tauski",artist_not_found
"Danny Ocean, TINI",artist_not_found
"sanah, Artur Rojek",artist_not_found
"Original Elias, Moncho Chavea, Yotuel, C de Cama",artist_not_found
"Carl Brave, Mara Sattei, thasup",artist_not_found
"Matt Simons, Falco Van Den Aker, Bob Van Ratingen",artist_not_found
"Mente Fuerte, HGEMONA$",artist_not_found
"Mike Perry, Casso",artist_not_found
"Idaly, Ronnie Flex, Famke Louise, Bizzey",artist_not_found
"SkandaU, Атанас Колев, Бате Пешо (Studio Buster)",artist_not_found
"Mahmut Orhan, Eneli",artist_not_found
"Rudimental, Foy Vance",artist_not_found
"Lil Uzi Vert, Future",artist_not_found
"Sofía Reyes, Jason Derulo, De La Ghetto",artist_not_found
"Mc Tato, DJ Ak beats",artist_not_found
"Jonas Blue, RAYE",artist_not_found
"Nikke Ankara, Irina",artist_not_found
"Marc E. Bassy, G-Eazy",artist_not_found
"Pitsa, Reket, kohver, boipepperoni",artist_not_found
"Nekfeu, Murkage Dave",artist_not_found
"Pil C, Smack",artist_not_found
"DELLAFUENTE, C. Tangana",artist_not_found
Ylenia,artist_not_found
"Luísa Sonza, LUDMILLA",artist_not_found
"Fernando Daniel, Melim",artist_not_found
"Kygo, Zara Larsson, Tyga",artist_not_found
"Katy Perry, Nicki Minaj",artist_not_found
"HONNE, BEKA",artist_not_found
"Kendrick Lamar, Kodak Black",artist_not_found
"FMK, Kodigo",artist_not_found
"Daft Punk, Julian Casablancas",artist_not_found
"Innertier, Lex Press",artist_not_found
"Ozuna, Wisin, Yandel",artist_not_found
"Yandel, Feid",artist_not_found
"Mayday, Stefanie Sun",artist_not_found
"Konstantinos Argiros, Eleni Foureira",artist_not_found
"Nekfeu, S.Pri Noir",artist_not_found
"KALUSH, Skofka",artist_not_found
"The Avener, Adam Cohen",artist_not_found
"IRONBOY, สิงห์น้อย, Posneg",artist_not_found
"Volga Tamöz, Hande Yener",artist_not_found
"Galantis, OneRepublic",artist_not_found
"Manuel Turizo, Wisin & Yandel",artist_not_found
"The Kiffness, Boombox",artist_not_found
"Ben&Ben, HARV",artist_not_found
"Talha Anjum, Umair, Annural Khalid",artist_not_found
"Pepe Quintana, Farruko, Ozuna, Arcangel, Anuel AA, Bryant Myers, Kevin Roldan, Ñengo Flow, Alexis La Bestia, Ñejo",artist_not_found
"G-Eazy, Chris Brown, Tory Lanez",artist_not_found
"STEIN27, Václav Rouček",artist_not_found
"Static & Ben El, Netta",artist_not_found
"Grupo Firme, Carin Leon",artist_not_found
"SFB, Ronnie Flex, Lil Kleine, Bokoesam",artist_not_found
"Grey256, Psycho Rhyme",artist_not_found
"Feid, Sky Rompiendo",artist_not_found
"RICTA, DJ.Silence",artist_not_found
"Purple Disco Machine, Eyelar",artist_not_found
"Jnr Choi, Sam Tompkins",artist_not_found
"MARINA, Nai Na",artist_not_found
"D.A.M.A, Mia Rose",artist_not_found
"El Alfa, Bad Bunny",artist_not_found
"CHANYEOL, Punch",artist_not_found
"Lil Silvio, El Vega, Big Al, L Jake",artist_not_found
Bishara,artist_not_found
"Miksu / Macloud, Summer Cem, Luciano, Jamule",artist_not_found
"Vice, Skizzy Mars, Jasmine Thompson",artist_not_found
"Bang For The Buck, ABREU, JVG",artist_not_found
"Jonna Fraser, Lil Kleine",artist_not_found
"MISIA, HIDE (GReeeeN)",artist_not_found
"Lil Tjay, Polo G, Fivio Foreign",artist_not_found
"Omar, Fouli",artist_not_found
"Kabza De Small, Nkosazana Daughter",artist_not_found
"Eurythmics, Annie Lennox, Dave Stewart",artist_not_found
"Bad Bunny, El Alfa",artist_not_found
"Mäkki, Kielijuhani, Slim Mill",artist_not_found
"Luny Tunes, Daddy Yankee, Wisin, Don Omar, Yandel",artist_not_found
"La Nueva Escuela, Omar Montes",artist_not_found
"João Gustavo e Murilo, Analaga",artist_not_found
"Dillon Francis, Kygo, James Hersey",artist_not_found
"Joel Corry, Jax Jones, Charli XCX, Saweetie",artist_not_found
"JhayCo, J Balvin, Bad Bunny",artist_not_found
"Janine Teñoso, Arthur Nery",artist_not_found
"Boomdabash, Alessandra Amoroso",artist_not_found
"Andrés Cepeda, Fonseca",artist_not_found
"Chance the Rapper, MadeinTYO, DaBaby",artist_not_found
"Gzuz, LX",artist_not_found
"Michael Jackson, Justin Timberlake",artist_not_found
"Bizarrap, Residente",artist_not_found
"Ayse Hatun Onal, Onurr",artist_not_found
"Ego, Momo",artist_not_found
"Chris Viz, Young Vene",artist_not_found
"Kendrick Lamar, Jay Rock",artist_not_found
"Guaynaa, Cauty",artist_not_found
"TAEYANG, Jimin",artist_not_found
"Cauty, Brytiago, Darell, Cosculluela, Rafa Pabön, Chencho Corleone",artist_not_found
"Dardan, Eno",artist_not_found
"Hardwell, Chris Jones",artist_not_found
"Rei, Quevedo",artist_not_found
"Jairzinho, Jonna Fraser",artist_not_found
"Kalash, Damso",artist_not_found
"JVG, TIPPA",artist_not_found
"Axwell /\ Ingrosso, Kid Ink",artist_not_found
"AP Dhillon, Shinda Kahlon, Gminxr",artist_not_found
"Suspekt, Lukas Graham",artist_not_found
"Bryant Myers, Plan B",artist_not_found
"KUMMER, Fred Rabe",artist_not_found
"Phạm Nguyên Ngọc, VAnh, BMZ",artist_not_found
"Jayh, SBMG, Broederliefde",artist_not_found
"Dalex, Sech",artist_not_found
"Alexandra Stan, INNA, Daddy Yankee",artist_not_found
"SNBRN, Nate Dogg",artist_not_found
"SZK, Króli",artist_not_found
"Harry Nach, Young Kieff",artist_not_found
Aaron Carter,artist_not_found
"Herra Hnetusmjör, Huginn, Þormóður",artist_not_found
Jeloz,artist_not_found
"MKDMSK, Pyhimys",artist_not_found
"MC MM, DJ RD",artist_not_found
"RedOne, Enrique Iglesias, R. City, Serayah, Shaggy",artist_not_found
"El Fecho RD, You R",artist_not_found
"Brytiago, Daddy Yankee, Nicky Jam",artist_not_found
"Stefano Lentini, Matteo Paolillo - Icaro, Lolloflow, Raiz",artist_not_found
"غريب ال مخلص, Abdullah Al Mukhles",artist_not_found
"Cosculluela, Maluma",artist_not_found
"CNCO, Little Mix",artist_not_found
"TIX, El Papi",artist_not_found
"Atif Aslam, Alisha Chinai, Pritam",artist_not_found
"Yandel, Pitbull",artist_not_found
"Martin Garrix, David Guetta, Jamie Scott, Romy Dya",artist_not_found
"Keko Salata, Diandra",artist_not_found
"Allyawan, Näääk",artist_not_found
"INNA, J Balvin",artist_not_found
"AK AUSSERKONTROLLE, Veysel",artist_not_found
"Badpojken, Frida Green",artist_not_found
"Davi Kneip, Mc Frog, Dj Gabriel do Borel",artist_not_found
"Samey, Momo",artist_not_found
"M.O.B, DJ Madness",artist_not_found
"Aurora, Keko Salata",artist_not_found
"Stamp, Christopher Chu",artist_not_found
"Madden, 6AM",artist_not_found
"Oliver Heldens, Becky Hill",artist_not_found
"Alisson Shore, Kiyo",artist_not_found
"El Alfa, Chael Produciendo",artist_not_found
"Osmani Garcia ""La Voz"", Pitbull",artist_not_found
"Tiësto, KAROL G",artist_not_found
"Ellinoora, Juha Tapio",artist_not_found
"Stereoact, Kerstin Ott",artist_not_found
"Kaleb Di Masi, Omar Varela",artist_not_found
"Kuban, Szpaku",artist_not_found
"Río Roma, Fonseca",artist_not_found
"Villamizar, Maluma, Elvis Crespo, J.D.B",artist_not_found
"Jubël, NEIMY",artist_not_found
"Yksi Totuus, Tommi Läntinen",artist_not_found
"Big Baby Tape, kizaru",artist_not_found
"ZAYN, Zhavia",artist_not_found
"Asake, Russ",artist_not_found
"Alejandro Sanz, Camila Cabello",artist_not_found
"Rauw Alejandro, J Balvin",artist_not_found
"L7NNON, Os Hawaianos, DJ Bel da CDD, DJ Biel do Furduncinho",artist_not_found
"Lalo Ebratt, J Balvin, Trapical",artist_not_found
"HGEMONA$, HV$K",artist_not_found
"Calin, Ben Cristovao, KOJO, STEIN27",artist_not_found
"Sebastian Yatra, Camilo",artist_not_found
"Capo Plaza, Sfera Ebbasta, DrefGold",artist_not_found
"Separ, P.A.T., Rytmus",artist_not_found
"Rod Wave, ATR Son Son",artist_not_found
"Bad Bunny, Nicky Jam",artist_not_found
"Prince Narula, Munawar Faruqui, Rony Ajnali",artist_not_found
"ATYPISK, Branco, Gilli",artist_not_found
"Busta 929, Boohle",artist_not_found
"Eddy Lover, Akim",artist_not_found
"Waii, Koen",artist_not_found
"Carlos Vives, Shakira, Maluma",artist_not_found
"Carlos Baute, Alexis y Fido",artist_not_found
"Dimitri Vegas & Like Mike, David Guetta, Daddy Yankee, Afro Bros, Natti Natasha, Dimitri Vegas, Like Mike",artist_not_found
"Mok Saib, Zaho",artist_not_found
"Ina Wroldsen, Broiler",artist_not_found
"Alejo, Feid, ROBI",artist_not_found
"X-Tense, Los Cavakitos",artist_not_found
"Bryant Myers, Quimico Ultra Mega, Secreto, Black Jonas Point, Mark B.",artist_not_found
"Nikos Vertis, Amir",artist_not_found
"Takagi & Ketra, Elodie, Mariah Angeliq, Gipsy Kings, Nicolas Reyes, Tonino Baliardo",artist_not_found
"Silvestre Dangond, Farruko",artist_not_found
"Asake, Burna Boy",artist_not_found
"Ecko, Sander Wazz",artist_not_found
"Ufo361, Future",artist_not_found
"Młodypago, florek, Piluś",artist_not_found
"Ronnie Flex, Leafs",artist_not_found
"Ricky Martin, Wisin, Yandel",artist_not_found
"Taco Hemingway, Kizo",artist_not_found
"Ñengo Flow, Anuel AA",artist_not_found
"Danna Paola, Sebastian Yatra",artist_not_found
"Zay Hilfigerrr, Zayion McCall",artist_not_found
"Bad Bunny, Myke Towers",artist_not_found
"Dalmata, Zion & Lennox",artist_not_found
"Migos, Nicki Minaj, Cardi B",artist_not_found
"Kizo, BeMelo, Gory",artist_not_found
"LIT killah, Bizarrap",artist_not_found
"Eladio Carrion, Brytiago",artist_not_found
"Rvfv, Rels B",artist_not_found
"Ninho, Tito",artist_not_found
"Rusherking, Maria Becerra",artist_not_found
"Jorja Smith, Burna Boy",artist_not_found
"Luan Santana, MC Kekel",artist_not_found
"Aventura, Bad Bunny",artist_not_found
"Murilo Huff, Marília Mendonça",artist_not_found
"will.i.am, Justin Bieber",artist_not_found
なとり,artist_not_found
"Miu Chu, Andrew Tan",artist_not_found
"Taco Hemingway, schafter",artist_not_found
"Azzi Memo, Eno",artist_not_found
niteboi,artist_not_found
"Oki, Nolyrics Beats",artist_not_found
"MC Du Black, DJ 2F",artist_not_found
"Summer Cem, KC Rebell, Capital Bra",artist_not_found
"Buddha Bless, เกรียน Peace",artist_not_found
"Marshmello, CHVRCHES",artist_not_found
"Perro Primo, L-Gante, Homer El Mero Mero",artist_not_found
"Kanye West, Dwele",artist_not_found
"Arcangel, Brytiago, Cosculluela, Ozuna",artist_not_found
"Robin Schulz, Wes",artist_not_found
"Evelina, JVG",artist_not_found
"Lauana Prado, Maiara & Maraisa",artist_not_found
"El Reja, Agustín Casanova, The La Planta",artist_not_found
"YG, Drake, Kamaiyah",artist_not_found
"Kalash, Gazo",artist_not_found
"Juan Magán, Luciana",artist_not_found
"Arcangel, Sech",artist_not_found
"Little Mix, Nicki Minaj",artist_not_found
"Bliss n Eso, Gavin James",artist_not_found
"SALUKI, LSP",artist_not_found
"Maria Becerra, Becky G",artist_not_found
"Nacho, Ozuna",artist_not_found
"Rizky Febian, Aisyah Aziz",artist_not_found
"Maria Becerra, Cazzu",artist_not_found
"Jonas Blue, Theresa Rex",artist_not_found
"Vitaa, Slimane",artist_not_found
"Snakehips, MØ",artist_not_found
"Shiva, Sfera Ebbasta",artist_not_found
"Lunay, Myke Towers",artist_not_found
"Jan-Rapowanie, Nocny, Holak",artist_not_found
"Tellaman, Shekhinah, Nasty C",artist_not_found
"Migos, Drake",artist_not_found
"El Taiger, DJ Conds",artist_not_found
"Emilia, Darell",artist_not_found
"BTS, Sia",artist_not_found
"The Chainsmokers, Charlee",artist_not_found
"Paluch, PSR",artist_not_found
"Sivas, Gilli",artist_not_found
"IliassOpDeBeat, Dopebwoy, LouiVos",artist_not_found
"James Hype, Miggy Dela Rosa",artist_not_found
"Killa Fonic, Nane",artist_not_found
"LOLO, ATYPISK",artist_not_found
"Jme, Giggs",artist_not_found
"Nik Tendo, Yzomandias",artist_not_found
"FMK, Tiago PZK, LIT killah, Rusherking",artist_not_found
"Kid Ink, Fetty Wap",artist_not_found
"Luis Fonsi, Sebastian Yatra, Nicky Jam",artist_not_found
Dimension Latina,artist_not_found
"Big Sean, Kanye West, John Legend",artist_not_found
"Soraia Ramos, Calema",artist_not_found
"Tedi Aleksandrova, Emanuela",artist_not_found
"Ronnie Flex, Jandro, Cartiez, Lijpe",artist_not_found
"Eladio Carrion, Corina Smith",artist_not_found
"Duki, Bizarrap",artist_not_found
"Little Mix, Sean Paul",artist_not_found
"Lil Baby, Drake",artist_not_found
"Black M, Dr. Beriz",artist_not_found
"Keith Urban, P!nk",artist_not_found
"Yan Block, Jay Wheeler, DJ Nelson",artist_not_found
"Mike Bahía, Llane, Pj Sin Suela, Mozart La Para",artist_not_found
"Riton, Oliver Heldens, Vula",artist_not_found
"MC K.K, Dj TG Beats, Dj Aurélio, MC Lipivox",artist_not_found
"Kato, TopGunn, Brandon Beal",artist_not_found
"Boef, Lil Kleine",artist_not_found
"BTS, Desiigner, Steve Aoki",artist_not_found
"Marion Jola, Laleilmanino",artist_not_found
"NOTD, Felix Jaehn, Captain Cuts, Georgia Ku",artist_not_found
"Kenji Wu, 宋智孝",artist_not_found
"Sachet Tandon, Parampara Tandon, Sachet-Parampara",artist_not_found
"Cheque, Ayra Starr",artist_not_found
"Ptazeta, Farina, Juacko",artist_not_found
"Hamza, Gambi",artist_not_found
"Calvin Harris, Young Thug, Pharrell Williams, Ariana Grande",artist_not_found
"Giggs, Donae'o",artist_not_found
"Rei, Callejero Fino",artist_not_found
"Logos Timis, Sativa, Koraki, Eleuthero Pneuma, Smok5",artist_not_found
"Kygo, OneRepublic",artist_not_found
"MG, Acejax, Ellize",artist_not_found
"Nikke Ankara, Aki Tykki",artist_not_found
"Luciano, Samra",artist_not_found
"Patron, Ati242",artist_not_found
"Sara Lugo, Protoje",artist_not_found
"Noa Kirel, שחר סאול",artist_not_found
"Malu, DJ Lucas Beat",artist_not_found
"Simone & Simaria, Anitta",artist_not_found
"Hassan Shakosh, Yasmin Raeis",artist_not_found
"Lost Frequencies, Regi, Lester Williams",artist_not_found
"Kane Brown, blackbear",artist_not_found
"Jay Park, IU",artist_not_found
"Paulo Londra, De La Ghetto, Justin Quiles",artist_not_found
"Tori Kelly, Big Sean",artist_not_found
"Ammy Virk, Sonam Bajwa",artist_not_found
"Bausa, Apache 207",artist_not_found
"Ha*Ash, Prince Royce",artist_not_found
"Mc Kevin, Mc Davi",artist_not_found
"Profeetat, Cheek, Elastinen",artist_not_found
"BACALL, Malo",artist_not_found
"Timmy Trumpet, Krunk!",artist_not_found
"JVG, Evelina",artist_not_found
"Messiah, Don Miguelo",artist_not_found
"Lidia, Dessita, SIMONA",artist_not_found
"Rvfv, Omar Montes, Daviles de Novelda",artist_not_found
"Krúbi, Killakikitt",artist_not_found
"Lojay, Sarz",artist_not_found
"NAV, Lil Uzi Vert",artist_not_found
"Seyi Vibez, Simi",artist_not_found
"Reik, Manuel Turizo",artist_not_found
"Marco Rahim, Branco",artist_not_found
"Ovy On The Drums, Beéle",artist_not_found
"Kehlani, Ty Dolla $ign",artist_not_found
"Tiên Tiên, TRANG",artist_not_found
"SNIK, Mente Fuerte",artist_not_found
"LunchMoney Lewis, Chloe Angelides",artist_not_found
"Hov1, Jireel",artist_not_found
"Guè, Sfera Ebbasta",artist_not_found
"Capo, Nimo",artist_not_found
"Imanbek, BYOR",artist_not_found
"Jador, Lino Golden",artist_not_found
"Felix Jaehn, ALMA",artist_not_found
"El Sawareekh, Zoka, Shehta Karika",artist_not_found
"Sech, Daddy Yankee, J Balvin",artist_not_found
"Wisin, Camilo, Los Legendarios",artist_not_found
"Mike Bahía, Ovy On The Drums",artist_not_found
"QARAN, Badshah",artist_not_found
"Shindy, Shirin David",artist_not_found
"AP Dhillon, Shinda Kahlon, Gurinder Gill, Gminxr",artist_not_found
"Wisin, Jhayco, Ozuna, Los Legendarios",artist_not_found
"iLLEOo, DJ Benz, Hawk",artist_not_found
"Dani M, Einár, Simon Superti",artist_not_found
"KALUSH, Tember Blanche",artist_not_found
"LIT killah, Kodigo",artist_not_found
"R3HAB, Julie Bergan",artist_not_found
"Reece Madlisa, Zuma, Busta 929, Beast Rsa, Dladla Mshunqisi",artist_not_found
"RAF Camora, Bonez MC",artist_not_found
"Sachin-Jigar, Shreya Ghoshal, Tochi Raina",artist_not_found
"Feanna Wong, 英仁合唱團",artist_not_found
"Raisa, Andi Rianto",artist_not_found
"Zedd, Foxes",artist_not_found
"Al James, Rjay Ty, Lexus",artist_not_found
"Denz, Jiggz, Z.E",artist_not_found
"Tymek, Big Scythe",artist_not_found
"Anitta, ZAAC, Maejor, Tropkillaz, DJ Yuri Martins",artist_not_found
"Rack, LILA, Beyond",artist_not_found
"Rochak Kohli, Atif Aslam, Tulsi Kumar",artist_not_found
"Cash Cash, Christina Perri",artist_not_found
"Boomdabash, Baby K",artist_not_found
"BTS, Megan Thee Stallion",artist_not_found
"Young Ellens, Josylvio, Kevin, BKO",artist_not_found
"MZ, Nekfeu",artist_not_found
"Sido, Luciano",artist_not_found
"Philipp Dittberner, Marv",artist_not_found
"Shamoon Ismail, Hasan Raheem",artist_not_found
"Sia, Diplo, Labrinth, LSD",artist_not_found
"Flume, Andrew Wyatt",artist_not_found
"J Balvin, Sech",artist_not_found
"Trap Capos, Noriel, Bad Bunny, Almighty",artist_not_found
"Santa Fe Klan, Neto Peña, Yoss Bones",artist_not_found
"Emma Bale, Milow",artist_not_found
"Yovie Widianto, Glenn Fredly",artist_not_found
"Macklemore & Ryan Lewis, Grandmaster Melle Mel, Eric Nally, Grandmaster Caz, Kool Moe Dee",artist_not_found
"Liis Lemsalu, STEFAN",artist_not_found
"Taylor Swift, Bon Iver",artist_not_found
"Peso Pluma, Raul Vega",artist_not_found
"Broiler, Money For Nothing",artist_not_found
"DJ Matt D, Menor MC, MC GP, Vulgo FK",artist_not_found
"Güneş, UZI",artist_not_found
"Aleyna Tilki, Emrah Karaduman",artist_not_found
"K/DA, Madison Beer, (G)I-DLE, Jaira Burns, League of Legends",artist_not_found
"Reik, Christian Nodal",artist_not_found
"TIA, Le Thien Hieu",artist_not_found
"Myke Towers, Maluma, Farruko",artist_not_found
"Tiësto, Charli XCX",artist_not_found
"YNY Sebi, Mgk666",artist_not_found
"Eypio, Burak King",artist_not_found
"Angèle, Damso",artist_not_found
"Ninho, Griff",artist_not_found
"Preslava, Galin",artist_not_found
"Eason Chan, eason and the duo band",artist_not_found
"Swedish House Mafia, John Martin",artist_not_found
"C. Tangana, Antonio Carmona",artist_not_found
"Wesley Safadão, Marília Mendonça",artist_not_found
"Yo Gotti, Nicki Minaj",artist_not_found
"Rich Music LTD, Sech, Dalex, Justin Quiles, Lenny Tavárez, Feid, Cazzu",artist_not_found
"Gemitaiz, Mixer T",artist_not_found
"Booba, Benash",artist_not_found
"Chris Jedi, J Balvin, Ozuna, Cardi B, Offset, Anuel, Arcangel",artist_not_found
"Carolina Gaitán - La Gaita, Mauro Castillo, Adassa, Rhenzy Feliz, Diane Guerrero, Stephanie Beatriz, Encanto - Cast",artist_not_found
"Nego do Borel, Anitta, Wesley Safadão",artist_not_found
"Białas, prod.Białas",artist_not_found
"Suzan & Freek, Snelle",artist_not_found
"Kygo, Will Heard",artist_not_found
"Mäkki, Keko Salata",artist_not_found
"Azet, Zuna",artist_not_found
"MC WM, MC Lan",artist_not_found
"Mau y Ricky, Nicky Jam",artist_not_found
"Creepy Nuts, Ayase, Lilas Ikuta",artist_not_found
"Teflon Brothers, Ressu Redford, Heavyweight",artist_not_found
"Vishal-Shekhar, Vishal Dadlani, Payal Dev, Kishore Kumar",artist_not_found
"Pritam, Arijit Singh, Shashwat Singh",artist_not_found
"Cledos, A36",artist_not_found
"Lary Over, Amenazzy, Farruko",artist_not_found
"Marshmello, Kane Brown",artist_not_found
"Abra, Chito Miranda of Parokya Ni Edgar",artist_not_found
"ANAVITÓRIA, Matheus & Kauan",artist_not_found
"Robin Packalen, Santa Cruz, Nikke Ankara, Brädi, Jussi 69",artist_not_found
"Prāta Vētra, Musiqq",artist_not_found
"DJane HouseKat, Rameez",artist_not_found
"CA$HANOVA BULHAR, Labello",artist_not_found
"MC Braz, MC Tairon, Dj Win",artist_not_found
"Farruko, Messiah",artist_not_found
"Mr. Vegas, Lizi, Walshy Fire",artist_not_found
"Mendez, Alvaro Estrella",artist_not_found
"Nimo, Hava",artist_not_found
"Blaya, Laton, No Maka",artist_not_found
"Piruka, 1Kilo",artist_not_found
"Regard, RAYE",artist_not_found
"MG, iLLEOo",artist_not_found
"Hornet La Frappe, Ninho",artist_not_found
"Erol Evgin, Sıla",artist_not_found
"Martin Garrix, Matisse & Sadko",artist_not_found
"Arijit Singh, Harshdeep Kaur",artist_not_found
"Mahmood, Sfera Ebbasta, Feid",artist_not_found
"Eden Ben Zaken, Itay Galo",artist_not_found
"Nimo, Yung Hurn, Ufo361",artist_not_found
"SNIK, Mad Clip",artist_not_found
"Equalz, SBMG",artist_not_found
"Andrei Zevakin, pluuto",artist_not_found
"Bhavi, Ecko",artist_not_found
"HEDEGAARD, Brandon Beal",artist_not_found
"Nikke Ankara, Ollie",artist_not_found
"Itzo Hazarta, Homelesz",artist_not_found
"Essam Sasa, Hamo ElTikha",artist_not_found
"AMEE, B Ray",artist_not_found
"Malkata, DENIS TEOFIKOV",artist_not_found
"Norlie & KKV, estraden",artist_not_found
"Majka, Curtis, Nika",artist_not_found
"Birnir, Aron Can",artist_not_found
"R.K.M & Ken-Y, Natti Natasha",artist_not_found
"Kris Kross Amsterdam, The Boy Next Door, Conor Maynard",artist_not_found
"Siboy, Benash, Damso",artist_not_found
"NAV, Gunna, Travis Scott",artist_not_found
"JAY-Z, Justin Timberlake",artist_not_found
"Favst, Gibbs, Kukon",artist_not_found
"Geolier, Sfera Ebbasta",artist_not_found
"Mau y Ricky, Camilo, Lunay",artist_not_found
"Lauv, Julia Michaels",artist_not_found
"Sigma, Mente Fuerte",artist_not_found
"Gabry Ponte, Danti",artist_not_found
"Regi, Jake Reese, OT",artist_not_found
"YOUNGOHM, DIAMOND MQT",artist_not_found
"MC Kevinho, Dadá Boladão, MC JottaPê",artist_not_found
"SANNI, TIPPA",artist_not_found
"Post Malone, Ozzy Osbourne, Travis Scott",artist_not_found
"Bir, Dhanju, thiarajxtt",artist_not_found
"Pretty Scream, MAYOT",artist_not_found
"Doli & Penn, Noa Kirel, Liran Danino",artist_not_found
"Malik Montana, FRNKIE, K Koke",artist_not_found
"Fonseca, Cali Y El Dandee",artist_not_found
"Dímelo Flow, Dalex, Sech, Justin Quiles, Arcangel, De La Ghetto, Lenny Tavárez",artist_not_found
"Kleine John, JMANI, Jhorrmountain",artist_not_found
"D.A.M.A, Gabriel O Pensador",artist_not_found
"Takagi & Ketra, Tommaso Paradiso, Jovanotti, Calcutta",artist_not_found
"F.HERO, Txrbo",artist_not_found
"Ishay Ribo, Amir Benayoun, Amir Dadon",artist_not_found
"Billy Hlapeto, Lexus, Dim4ou",artist_not_found
"Hanin Dhiya, Ahmad Dhani",artist_not_found
"Taco Hemingway, Dawid Podsiadło, Rosalie.",artist_not_found
"שחר סאול, Agam Buhbut, NOROZ",artist_not_found
"G.E.M., Eric Chou",artist_not_found
"Trippie Redd, Playboi Carti",artist_not_found
"El Profesor, HUGEL",artist_not_found
"Black M, Kev Adams",artist_not_found
"Nerieš, Ego",artist_not_found
"Trettmann, Gzuz",artist_not_found
"Daddy Yankee, Marc Anthony",artist_not_found
"Don Patricio, Cruz Cafuné",artist_not_found
"Azet, RAF Camora",artist_not_found
"Bernt Hulsker, Den nye Mads Hansen",artist_not_found
"Farruko, Ozuna, Lunay, Sech, Sharo Towers",artist_not_found
"Jax Jones, Demi Lovato, Stefflon Don",artist_not_found
"Bizzey, Jozo, Kraantje Pappie",artist_not_found
"Long3, Baghdad, TRTL",artist_not_found
PUBLIC,artist_not_found
"Marina Maximilian, Guy Mentesh",artist_not_found
"Red Bull Pilvaker, Fluor, Deego, Szakács Gergő",artist_not_found
"milet, Aimer, Lilas Ikuta",artist_not_found
"Ronnie Flex, Boef",artist_not_found
"Tungevaag, Raaban, Isac Elliot",artist_not_found
"187 Strassenbande, Gzuz, Bonez MC, LX",artist_not_found
"Kanye West, Theophilus London, Allan Kingdom, Paul McCartney",artist_not_found
"Jennifer Lopez, Gente De Zona",artist_not_found
"Dadju, Anitta",artist_not_found
"Szpaku, Kubi Producent",artist_not_found
"Alonzo, Jul, Naps",artist_not_found
"Bolémvn, Maes",artist_not_found
"Douwe Bob, Anouk",artist_not_found
王ADEN,artist_not_found
"Planeet, nublu",artist_not_found
"TOQUEL, Hawk",artist_not_found
"Kunin, Vakero",artist_not_found
"Yung Felix, Bizzey, Josylvio, Hef, Delivio Reavon",artist_not_found
"Yxng Le, Frenna",artist_not_found
"Camilo, Shawn Mendes",artist_not_found
"Booba, Zed",artist_not_found
"Zé Felipe, Gusttavo Lima",artist_not_found
"Ella Henderson, Tom Grennan",artist_not_found
"Stormzy, Burna Boy, Ed Sheeran",artist_not_found
"ByeAlex és a Slepp, T. Danny",artist_not_found
"Bizarrap, Paulo Londra",artist_not_found
"DJ Stephan, Ypo, Sophia",artist_not_found
"Vidas Bareikis, 8 Kambarys",artist_not_found
"PlanBe, Tymek",artist_not_found
"Torino, Pashata, Kamelia",artist_not_found
"Capital Bra, Nimo",artist_not_found
"Mike Bahía, Danny Ocean",artist_not_found
"منصور الوايلي, زياد ال زاحم",artist_not_found
"Tiësto, Jonas Blue, Rita Ora",artist_not_found
"Greeicy, Mike Bahía",artist_not_found
"Stormy, Tagne",artist_not_found
"KASIMIR1441, badmómzjay, WILDBWOYS",artist_not_found
"Wes Nelson, Yxng Bane",artist_not_found
"Maninder Buttar, Zara Khan, Tanishk Bagchi",artist_not_found
"SB Maffija, White 2115, Lanek, Janusz Walczuk, Bedoes 2115, Jan-Rapowanie, Kacperczyk, Białas, Adi Nowak, Fukaj, SKUTE BOBO, Beteo, Kinny Zimmer, Solar",artist_not_found
"Brisa Star, Zé Vaqueiro",artist_not_found
"Capital Bra, Samra, LEA",artist_not_found
"Robin Packalen, Kasmir",artist_not_found
"TGSN, tlinh, RZ Mas",artist_not_found
"Lola Indigo, Rauw Alejandro, Lalo Ebratt",artist_not_found
"DR BRS, Fekete Vonat, Halott Pénz, Monkeyneck",artist_not_found
"Reik, J Balvin, Lalo Ebratt",artist_not_found
"Anuel AA, Myke Towers, Jhay Cortez",artist_not_found
"Lil Durk, Morgan Wallen",artist_not_found
"Drake, Rick Ross",artist_not_found
"Simone & Simaria, Zé Felipe",artist_not_found
"Fred again.., The Blessed Madonna",artist_not_found
"Sarius, Gibbs",artist_not_found
"Chris Lebron, Sech, Jay Wheeler",artist_not_found
"Omar Montes, Jairo deRemache, Farruquito",artist_not_found
"Madame, Fabri Fibra",artist_not_found
"Niko Pandetta, Tempoxso, Janax",artist_not_found
"Marion Jola, Rayi Putra",artist_not_found
"Bad Bunny, Zion & Lennox",artist_not_found
"FiNCH, Leony, VIZE",artist_not_found
"Rich The Kid, Kendrick Lamar",artist_not_found
"Jax Jones, Bebe Rexha",artist_not_found
"Ed Sheeran, Ellinoora",artist_not_found
"Marion Jola, Rizky Febian",artist_not_found
"Croni-K, Yei",artist_not_found
"Axel Rulay, Verbo Flow",artist_not_found
"Lorenzo, Tony Corrida",artist_not_found
"Petri Nygård, Mariska",artist_not_found
"CNCO, Prince Royce",artist_not_found
"Kris Kross Amsterdam, Nielson",artist_not_found
"Estranged, Fazura",artist_not_found
"Julinho Ksd, Yuran, Trista",artist_not_found
"GIMS, Niska",artist_not_found
"Metro Boomin, Future, Chris Brown",artist_not_found
"Benny Jamz, Branco, Gilli",artist_not_found
"Samir & Viktor, Anis Don Demina",artist_not_found
"Gurinder Gill, Shinda Kahlon, AP Dhillon",artist_not_found
"SOOBIN, SlimV",artist_not_found
"LMEN PRALA, Curtis",artist_not_found
"Dave, Fredo",artist_not_found
"Lil Kleine, Boef",artist_not_found
"Kanye West, Lil Pump",artist_not_found
"CNCO, Zion & Lennox",artist_not_found
"OneRepublic, Logic",artist_not_found
"MiyaGi & Endspiel, Amigo",artist_not_found
"Ed Sheeran, Travis Scott",artist_not_found
"Z.E, Jiggz, Thrife",artist_not_found
"Lartiste, Caroliina",artist_not_found
"Molotof, Marwan Pablo",artist_not_found
"We Rabbitz, Chris Commisso",artist_not_found
"Noa Kirel, Ilan Peled",artist_not_found
"Hailee Steinfeld, BloodPop®",artist_not_found
"Chimbala, Chucky73, Dowba Montana",artist_not_found
"Cat Burns, goddard.",artist_not_found
"Pyhimys, Vesta",artist_not_found
"Andrés Cepeda, Sebastian Yatra",artist_not_found
"Piso 21, Black Eyed Peas",artist_not_found
"Jere Klein, ITHAN NY",artist_not_found
"Kabza De Small, Msaki",artist_not_found
"Adi Nowak, DZIARMA",artist_not_found
"Dr. Bellido, K-Narias",artist_not_found
"Alex Rose, Rauw Alejandro",artist_not_found
"Séra Bjössi, Ingi Bauer",artist_not_found
"El Fantasma, Los Dos Carnales",artist_not_found
"Ego, Ben Cristovao, Gyza",artist_not_found
"KYLE, Kehlani",artist_not_found
"Ozbi, Melek Mosso",artist_not_found
"MHD, Wizkid",artist_not_found
"Ian, Azteca",artist_not_found
"Mau y Ricky, KAROL G, Becky G, Leslie Grace, Lali",artist_not_found
"SwitchOTR, A1 x J1",artist_not_found
"Prince Royce, Pitbull",artist_not_found
"Tinie Tempah, Zara Larsson",artist_not_found
"mc jhenny, DJ KOSTA 22, Mc Gw",artist_not_found
"Yuna, Usher",artist_not_found
"Mecna, CoCo",artist_not_found
"Rico, Miss Mood, T. Danny",artist_not_found
"MC Kevin o Chris, FP do Trem Bala",artist_not_found
Michelle Williams,artist_not_found
"Endy Chow, ToNick",artist_not_found
"Nio Garcia, Casper Magico, Ozuna, Wisin & Yandel, Myke Towers, Flow La Movie",artist_not_found
"Ellinoora, eetu",artist_not_found
"MILLI, mints",artist_not_found
"Jesu Brødre, ADHD",artist_not_found
"Mad Clip, Ypo, DJ Stephan",artist_not_found
"CamelPhat, Elderbrook",artist_not_found
"Dhee, Arivu, Santhosh Narayanan",artist_not_found
"Lucas, Vilma Alina",artist_not_found
"Tory Lanez, Ozuna",artist_not_found
"Lorde, Khalid, Post Malone, SZA",artist_not_found
"TIX, Moberg",artist_not_found
"club2020, Taco Hemingway, Oki, Otsochodzi, CatchUp, Young Igi",artist_not_found
"JVG, ABREU",artist_not_found
"Sebastian Yatra, Cosculluela, Cali Y El Dandee",artist_not_found
"Sigala, Rita Ora",artist_not_found
"Delia, Nane",artist_not_found
"VINAI, VAMERO",artist_not_found
"FRANKIEONTHEGUITAR, Slow J, Ivandro",artist_not_found
"Season Five, The Parkinson",artist_not_found
"F1rstman, Josylvio, Lijpe, Bollebof",artist_not_found
"Stace Cadet, KLP",artist_not_found
"ILARI, Sharon",artist_not_found
"Martin Solveig, SAM WHITE",artist_not_found
"Delacruz, Maria, Ducon, Luiz Lins, Diomedes Chinaski, BK, Kayuá, Pineapple StormTv, Salve Malak",artist_not_found
"Boza, Lunay, Lenny Tavárez, Juhn, Beéle",artist_not_found
"Pashanim, skrilla",artist_not_found
"Amenazzy, Don Omar",artist_not_found
"Meek Mill, YG, Snoop Dogg",artist_not_found
"Disclosure, Gregory Porter",artist_not_found
"Kpoint, Ninho",artist_not_found
"Rkomi, Sfera Ebbasta, Junior K",artist_not_found
"Yung Felix, Chivv, Bizzey, Kraantje Pappie",artist_not_found
"G-Eazy, A$AP Rocky, Cardi B",artist_not_found
"Taco Hemingway, CatchUp",artist_not_found
"Wellhello, Halott Pénz",artist_not_found
"Dave, Burna Boy",artist_not_found
"Foreign Teck, Justin Quiles, Jay Wheeler, Bryant Myers, Eladio Carrion, Tory Lanez",artist_not_found
"Ceaese, Utopiko, Polimá Westcoast, Young Cister",artist_not_found
"Mc Poze do Rodo, Filipe Ret, Mainstreet, Ajaxx",artist_not_found
"$hirak, SBMG, Boef, Lil Kleine, Ronnie Flex",artist_not_found
"Mauri Mansilla, E.C.V",artist_not_found
"Soolking, Dadju",artist_not_found
"Brytiago, Anuel AA",artist_not_found
"Dudu Tassa, Roni Alter",artist_not_found
"Wisin, Yandel, Farruko, Jon Z, Don Chezina, Chencho Corleone, Myke Towers",artist_not_found
"Joshi Mizu, Maxwell",artist_not_found
"Danny Romero, Lérica",artist_not_found
"Braulio Fogon, Bulin 47",artist_not_found
"Feid, KAROL G",artist_not_found
"KC Rebell, Summer Cem",artist_not_found
"Damas Gratis, Viru Kumbieron",artist_not_found
"Платина, Дора",artist_not_found
"SB Maffija, Mata, White 2115, Jan-Rapowanie, Janusz Walczuk, Kacperczyk, Beteo, Adi Nowak",artist_not_found
"Ali Bumaye, Shindy",artist_not_found
"Thiaguinho MT, Mila, JS o Mão de Ouro",artist_not_found
"PS1, Alex Hosking",artist_not_found
"Aitana, Cali Y El Dandee",artist_not_found
"JAY-Z, Rick Ross",artist_not_found
"Grupo Firme, Lenin Ramírez",artist_not_found
"Alexander Oscar, SVEA, Faustix",artist_not_found
"Alex Velea, Tzanca Uraganu, Jador",artist_not_found
"Pascal Letoublon, Leony",artist_not_found
"Gzuz, Bonez MC, Maxwell, Ufo361",artist_not_found
"Frah Quintale, Giorgio Poi",artist_not_found
"Kartky, HVZX",artist_not_found
"Anuel AA, Farruko",artist_not_found
"LCAW, Martin Kelly",artist_not_found
"Karl Killing, villemdrillem",artist_not_found
"Tryo, McFly et Carlito",artist_not_found
"Pil C, Annet X",artist_not_found
"Polo, Sugar Boy",artist_not_found
"Bryant Myers, Alex Rose",artist_not_found
"Takagi & Ketra, Giusy Ferreri, Sean Kingston",artist_not_found
"Rebzyyx, hoshie star",artist_not_found
"Weird Genius, Prince Husein, Eka Gustiwana, Reza Oktovian, Billy Taner",artist_not_found
"Sima, Kali",artist_not_found
"Marcus & Martinus, Madcon",artist_not_found
"Alex Fong, Stephy Tang",artist_not_found
"Volbeat, Johan Olsen",artist_not_found
"Clean Bandit, Louisa Johnson",artist_not_found
"4Keus, Naza, KeBlack, Dry",artist_not_found
"Afrojack, Wrabel",artist_not_found
"Mascota, D-Trax, Itzo Hazarta",artist_not_found
"Tchami, Kaleem Taylor",artist_not_found
GD X TAEYANG,artist_not_found
"Pijama Party, Cande Buasso",artist_not_found
"M.O, Lotto Boyzz, Mr Eazi",artist_not_found
"pyrokinesis, MUKKA",artist_not_found
"MadMan, Gemitaiz",artist_not_found
"Ian, Azteca, Bengales",artist_not_found
"J Balvin, Jeon, Anitta",artist_not_found
Vicky Corbacho,artist_not_found
"Rels B, DELLAFUENTE",artist_not_found
"Teflon Brothers, Emma Gun",artist_not_found
"Marcus & Martinus, Samantha J",artist_not_found
"Jass Manak, DIVINE",artist_not_found
"DJ Project, Andia",artist_not_found
"Lexa, PEDRO SAMPAIO",artist_not_found
"Yandar & Yostin, Andy Rivera",artist_not_found
"Rich Music LTD, Sech, Dalex, Justin Quiles, Lenny Tavárez, Feid, Mariah Angeliq",artist_not_found
"Lartiste, Dr. Beriz",artist_not_found
"Feid, Maluma, Sky Rompiendo",artist_not_found
"Arthur Nery, Jason Dhakal",artist_not_found
"Emicida, Vanessa Da Mata",artist_not_found
"Enrique Iglesias, Sean Paul, Descemer Bueno, Gente De Zona",artist_not_found
"Stormy, Tagne, ElGrandeToto",artist_not_found
"Reik, Morat",artist_not_found
"Pole., Pilar Moxó",artist_not_found
"Mr. Polska, Ronnie Flex",artist_not_found
"Teto, Mateca",artist_not_found
"OG-ANIC, Lazyloxy",artist_not_found
"Bizarrap, Duki, La T y La M",artist_not_found
"Lunay, Anitta",artist_not_found
"Kane Brown, Lauren Alaina",artist_not_found
"(sic)boy, KM, vividboooy",artist_not_found
"Fabri Fibra, Thegiornalisti",artist_not_found
"Miriam Bryant, Cherrie, Molly Sandén, STOR",artist_not_found
"Flo Rida, 99 Percent",artist_not_found
"Dopebwoy, 3robi, SRNO",artist_not_found
"Jacin Trill, Bokoesam",artist_not_found
"Mike 曾比特, JC 陳詠桐",artist_not_found
"VLOSPA, Solid",artist_not_found
"Anuel AA, Cardi B, Black Jonas Point, Secreto ""El Famoso Biberon"", Liro Shaq",artist_not_found
"ØZI, 9m88",artist_not_found
"Sal Priadi, Nadin Amizah",artist_not_found
"Morgan Sulele, OnklP",artist_not_found
"TINI LIN, babylaurenne",artist_not_found
"Gruppa Skryptonite, 104, T-Fest",artist_not_found
"Namewee, Leehom Wang",artist_not_found
"Carin Leon, Conjunto Primavera",artist_not_found
"Fred De Palma, Anitta",artist_not_found
"Jc La Nevula, Atomic Otro Way",artist_not_found
"Heuss L'enfoiré, Koba LaD",artist_not_found
"Don Omar, Farruko",artist_not_found
"Dalex, Lyanno, Sech, Justin Quiles, Rauw Alejandro",artist_not_found
"Laylow, Nekfeu, Fousheé",artist_not_found
"Macklemore & Ryan Lewis, Ray Dalton",artist_not_found
"Logos Timis, Eleuthero Pneuma, Koraki, Tokesick",artist_not_found
"Hatikva 6, Infected Mushroom",artist_not_found
"Geolier, Lazza, Takagi & Ketra",artist_not_found
"El Completo Rd, Chimbala",artist_not_found
"Salim–Sulaiman, Rahat Fateh Ali Khan, Jaideep Sahni",artist_not_found
"Julia Wu, 瘦子E.SO",artist_not_found
"2T FLOW, SNOOPO, HANXPOND",artist_not_found
"Roope Salminen & Koirat, Ellinoora",artist_not_found
"YNY Sebi, Bogdan DLP",artist_not_found
"Justin Quiles, Farruko",artist_not_found
"Eladio Carrion, KHEA, Cazzu, Ecko",artist_not_found
"Bruno & Marrone, Jorge & Mateus",artist_not_found
"Leo Santana, Anitta",artist_not_found
"Fedez, MIKA",artist_not_found
"Lartiste, 7ari",artist_not_found
"benny blanco, Calvin Harris",artist_not_found
"KSI, Swarmz, Tion Wayne",artist_not_found
"Jubin Nautiyal, Emraan Hashmi",artist_not_found
"QARAN, Ash King",artist_not_found
"Kid Ink, Usher, Tinashe",artist_not_found
"Nabález, Morat",artist_not_found
"Joakim Lundell, Arrhult",artist_not_found
"Arttu Lindeman, Lucas",artist_not_found
"Arcangel, Mark B., De La Ghetto, Bad Bunny, Amenazzy",artist_not_found
"高爾宣 OSN, Vicky Chen",artist_not_found
"MiyaGi & Endspiel, Symptom",artist_not_found
"Darell, Brytiago",artist_not_found
"TAY, Dylan",artist_not_found
"Paper Planes, Moon",artist_not_found
"IliassOpDeBeat, Mula B",artist_not_found
"De La Ghetto, Rauw Alejandro",artist_not_found
"Tuna, Ravid Plotnik",artist_not_found
"Juan Magán, Nacho, Pasabordo",artist_not_found
"Labello, CA$HANOVA BULHAR",artist_not_found
"DJ Ivis, Tarcísio do Acordeon",artist_not_found
"uniqe, nkeeei, ARTEM SHILOVETS",artist_not_found
"Veysel, Gzuz",artist_not_found
"KitschKrieg, Trettmann, Gzuz, GRiNGO, Ufo361",artist_not_found
"Empire Cast, Estelle, Jussie Smollett",artist_not_found
"Bedo, POS",artist_not_found
"Humberto & Ronaldo, Jerry Smith",artist_not_found
"Guè, Luchè, Marracash",artist_not_found
"Light, Strat, VLOSPA",artist_not_found
"Emrah Karaduman, Murat Dalkılıç",artist_not_found
"Saske, DJ PaCo",artist_not_found
"Tinie Tempah, Wizkid",artist_not_found
"Veronica Maggio, Håkan Hellström",artist_not_found
"Eebz, Bar Z",artist_not_found
"SJUR, Chris Crone",artist_not_found
"Yemil, Tobe Love, Mista Bombo",artist_not_found
"Sensey, SKiNNY BARBER",artist_not_found
"Vigiland, Alexander Tidebrink",artist_not_found
"Florian Rus, MIRA",artist_not_found
"Bad Bunny, Ñejo, Pj Sin Suela, DJ Nelson",artist_not_found
"Ozuna, Onguito",artist_not_found
"Białas, Lanek, Quebonafide",artist_not_found
"Atanas Kolev, Boro Purvi",artist_not_found
"Damso, Booba",artist_not_found
"Cadet, Deno",artist_not_found
"Cem Adrian, Hande Mehan",artist_not_found
"Lost Frequencies, The NGHBRS",artist_not_found
"Weird Genius, Sara Fajira",artist_not_found
"J Balvin, Sky Rompiendo",artist_not_found
"Massaka, Yener Çevik, Sansar Salvo, Anıl Piyancı, Velet, Monstar361, Defkhan, Contra, Gekko G",artist_not_found
"Pavel Callta, Pokáč",artist_not_found
"VIZE, Imanbek, Dieter Bohlen, Leony",artist_not_found
"Ryan Castro, Blessd",artist_not_found
"Wolfine, Maluma",artist_not_found
"Big Sean, Drake",artist_not_found
"Yera, Trapical",artist_not_found
"Deeperise, Jabbar",artist_not_found
"The Weeknd, Kendrick Lamar",artist_not_found
"Major Lazer, PARTYNEXTDOOR, Nicki Minaj",artist_not_found
"Trey Songz, Nicki Minaj",artist_not_found
"DA Uzi, Maes",artist_not_found
"Sigma, Paloma Faith",artist_not_found
"Żabson, Beteo, BENITO TUZZA",artist_not_found
"Matthaios, Calvin De Leon",artist_not_found
"Frenna, Diquenza, Emms",artist_not_found
"yirmi7, Birol Namoğlu (GRİPİN)",artist_not_found
"Sergei Barracuda, Rytmo",artist_not_found
"Rochy RD, Anuel AA",artist_not_found
"C. Tangana, ROSALÍA",artist_not_found
Mamis,artist_not_found
"Matheus & Kauan, Anitta",artist_not_found
"Agus Padilla, Ecko",artist_not_found
"2 Chainz, Ty Dolla $ign, Trey Songz, Jhené Aiko",artist_not_found
"Natti Natasha, Becky G",artist_not_found
"Maiyarap, Three Man Down",artist_not_found
"Pablo Alborán, Aitana, Álvaro De Luna",artist_not_found
"AHTI, Aksel Kankaanranta",artist_not_found
"Avicii, Nicky Romero",artist_not_found
"Smiley, Delia",artist_not_found
"Khalid, 6LACK, Ty Dolla $ign",artist_not_found
"Đen, Thành Đồng, Vũ.",artist_not_found
"Pcee, Justin99, EeQue, Mr JazziQ",artist_not_found
"5MIINUST, Sass Henno, Jozels",artist_not_found
"Bulin 47, Breyco En Producidera",artist_not_found
"Rihanna, Mikky Ekko",artist_not_found
"Alligatoah, Sido",artist_not_found
"Galena, Mile Kitic",artist_not_found
"Rvssian, Darell, Zion & Lennox, Myke Towers",artist_not_found
"Osher Cohen, Noa Kirel",artist_not_found
"Trueno, Duki",artist_not_found
"吳林峰, 謝芊彤",artist_not_found
"Bad Bunny, Diplo",artist_not_found
"Blacha 2115, Bedoes 2115",artist_not_found
"Tony Kakkar, Neha Kakkar, Young Desi",artist_not_found
"DJ Robin, Schürze",artist_not_found
"Bolémvn, Guy2bezbar",artist_not_found
"Polimá Westcoast, Pailita",artist_not_found
"Pablo Alborán, Jesse & Joy",artist_not_found
"Disclosure, Lorde",artist_not_found
"YNY Sebi, Petre Stefan",artist_not_found
"Jon Z, Noriel, Darkiel, Lyan, Messiah, Baby Rasta",artist_not_found
"El Jordan 23, Cris Mj",artist_not_found
"Soufiane Eddyani, Ali B",artist_not_found
"Anirudh Ravichander, Gana Balachandar",artist_not_found
"Sebastian Yatra, Rauw Alejandro, Manuel Turizo",artist_not_found
"Phí Phương Anh, RIN9",artist_not_found
"Portion Boys, Matti ja Teppo",artist_not_found
"Pusher, Oska030, Oil Beatz, @atutowy",artist_not_found
"Ms Nina, Beauty Brain",artist_not_found
"Rea Garvey, VIZE",artist_not_found
"Sigala, Imani Williams, DJ Fresh",artist_not_found
"Will Ferrell, My Marianne",artist_not_found
"OG Buda, Egor Kreed, SODA LUV, MAYOT",artist_not_found
"Luciano, Nimo",artist_not_found
"Tiiwtiiw, Lacrim",artist_not_found
"OG Buda, MAYOT, 17 SEVENTEEN",artist_not_found
"Tiësto, Stevie Appleton",artist_not_found
"RAF Camora, Ahmad Amin",artist_not_found
"Duki, De La Ghetto, Quevedo",artist_not_found
"A$AP Rocky, FKA twigs",artist_not_found
"Skrillex, Poo Bear",artist_not_found
"Gusttavo Lima, Hungria Hip Hop",artist_not_found
"Ferrugem, Bruno Cardoso",artist_not_found
"Jerry Smith, Wesley Safadão",artist_not_found
"De La Ghetto, Daddy Yankee, Ozuna, Chris Jedi",artist_not_found
"Rkomi, Ernia, MACE",artist_not_found
"Arsy Widianto, Brisia Jodie",artist_not_found
"Charlie Charles, Sfera Ebbasta, Mahmood, Fabri Fibra",artist_not_found
"Alan Gomez, Rei",artist_not_found
"Alan Gomez, La Joaqui",artist_not_found
"Ariana Grande, Big Sean",artist_not_found
"ReTo, Quebonafide",artist_not_found
"Geolier, Shiva, Michelangelo",artist_not_found
"yungest Moonstar, Neffa, thasup",artist_not_found
"Fetty Wap, Gradur",artist_not_found
"Tungevaag, Raaban, Charlie Who?",artist_not_found
"Måneskin, Tom Morello",artist_not_found
"Matias Damásio, Héber Marques",artist_not_found
"Yemil, BK",artist_not_found
"SZA, Travis Scott",artist_not_found
"Wegz, L5VAV",artist_not_found
"Bob Marley & The Wailers, LVNDSCAPE, Bolier",artist_not_found
"Bhavi, Duki",artist_not_found
"VO, Abdulaziz Louis, Bader AlShuaibi",artist_not_found
"MHD, Dadju",artist_not_found
"Jasmin Moallem, Shekel",artist_not_found
"Za100let, Marek Ztraceny, Tomas Klus, Ewa Farna, XINDL X, Michal Hruza, David Stypka, Debbi, Čechomor, DIVOKEJ BILL, Jananas, Slza, Jelen, Mirai",artist_not_found
"Molotof, Wegz",artist_not_found
"Idaly, Emms",artist_not_found
"Rochy RD, El Chuky De Lewa",artist_not_found
"Gavin James, Mark McCabe",artist_not_found
"Moti Taka, Sarit Avitan",artist_not_found
"iLLEOo, Mad Clip",artist_not_found
"Itzo Hazarta, Beloslava",artist_not_found
"Arijit Singh, Mithoon",artist_not_found
"Marracash, Guè, Sfera Ebbasta",artist_not_found
"Vice, Jon Bellion",artist_not_found
"Ed Sheeran, Eminem, 50 Cent",artist_not_found
"Quebonafide, Young Lungs",artist_not_found
"Henrique & Diego, Simone & Simaria",artist_not_found
"Edan 呂爵安, Feng Ze",artist_not_found
"Yksi Totuus, Leo Stillman",artist_not_found
"Mad Clip, DJ.Silence",artist_not_found
"Loud Luxury, Bryce Vine",artist_not_found
"Rochak Kohli, Jubin Nautiyal, Rashmi Virag",artist_not_found
"Juju, Loredana, Miksu / Macloud",artist_not_found
"Lipta, THE TOYS",artist_not_found
"Slogan, Evan Spikes",artist_not_found
"Úlfur Úlfur, Edda Borg",artist_not_found
"Bokoesam, Def Major, Lil Kleine, Jandro, Idaly, Ronnie Flex",artist_not_found
"Nicki Minaj, Beyoncé",artist_not_found
"Elisa, Calcutta",artist_not_found
"LIZOT, Emelie Cyréus",artist_not_found
"Abo El Anwar, Lil Baba",artist_not_found
"VLOSPA, SNIK, Oge",artist_not_found
"Cheek, Herrasmiesliiga, Kapasiteettiyksikkö",artist_not_found
"Separ, Nik Tendo, Karlo, Yzomandias",artist_not_found
"Los Auténticos Decadentes, Rubén Albarrán",artist_not_found
"Feid, J Balvin",artist_not_found
"Celina Sharma, Harris J.",artist_not_found
"Innertier, Thomas Gregersen",artist_not_found
"Fedez, Dark Polo Gang",artist_not_found
"Pritam, Arijit Singh, Neeti Mohan",artist_not_found
"Ninho, Koba LaD",artist_not_found
"Ed Sheeran, Yebba",artist_not_found
"Murat Dalkılıç, Oğuzhan Koç",artist_not_found
"Ayaz Erdoğan, Mengelez",artist_not_found
"Jax Jones, Au/Ra",artist_not_found
"Dolu Kadehi Ters Tut, Sedef Sebüktekin",artist_not_found
"Kevin, Lijpe",artist_not_found
"Stormy, Tagne, Smallx",artist_not_found
"Antti Tuisku, Boyat",artist_not_found
"Separ, Čis T, Strapo",artist_not_found
"Mustafa Ceceli, Irmak Arıcı",artist_not_found
"SNIK, VLOSPA, Oge",artist_not_found
"Ezio Oliva, Andy Rivera",artist_not_found
"Mef, SNIK",artist_not_found
"W/N, Tezdy, Tien",artist_not_found
"MACHETE, Salmo, Nitro, Marracash",artist_not_found
"Dave, AJ Tracey",artist_not_found
"Mike G, Mad Clip, FLY LO, Strat",artist_not_found
"Sech, Dalex",artist_not_found
"Pineapple StormTv, Chris MC, Xamã, Gson, Luccas Carlos, Kroa, Giovanni, Zara G",artist_not_found
"Omar Montes, Daviles de Novelda",artist_not_found
"AP Dhillon, Gminxr, Gurinder Gill, Shinda Kahlon",artist_not_found
"Jimilian, Fouli",artist_not_found
"Emanuela, Antonio",artist_not_found
"Joel Corry, Mabel",artist_not_found
"Timaya, BNXN fka Buju",artist_not_found
"NAV, The Weeknd",artist_not_found
"Rizky Febian, Mikha Tambayong",artist_not_found
"Dalex, Sech, Miky Woodz",artist_not_found
"SANNI, Paperi T",artist_not_found
"The Avener, Phoebe Killdeer",artist_not_found
"De La Ghetto, Nicky Jam",artist_not_found
"Nelly Furtado, Timbaland",artist_not_found
"Pritam, Darshan Raval, Antara Mitra",artist_not_found
Marié Digby,artist_not_found
"Sfera Ebbasta, J Balvin",artist_not_found
"Capital Bra, XATAR, SAMY",artist_not_found
"Hver gang vi møtes, Maria Mena",artist_not_found
"Imanbek, Sean Paul, Sofía Reyes",artist_not_found
"Basta, Zivert",artist_not_found
"Sammy & Falsetto, Juanka",artist_not_found
"EDIS, Emina",artist_not_found
"Mon Laferte, Juanes",artist_not_found
"A R I Z O N A, Robin Schulz",artist_not_found
"Mike Perry, Hot Shade",artist_not_found
"Badshah, Amaal Mallik, Fazilpuria, Sukriti Kakar, Neha Kakkar",artist_not_found
"Ian, Amuly",artist_not_found
"Recayd Mob, Derek, Dfideliz, Jé Santiago",artist_not_found
"DJ Berlin, Pulub",artist_not_found
"Chayanne, Wisin",artist_not_found
"Bad Bunny, Chencho Corleone",artist_not_found
"Unknown Brain, Rival, Jex",artist_not_found
"Maluma, The Weeknd",artist_not_found
"Ken-Y, Nicky Jam",artist_not_found
"Tony Dize, Yandel",artist_not_found
"SAINt JHN, Fedez, Dargen D'Amico, Imanbek",artist_not_found
"Wisin & Yandel, Chris Brown, T-Pain",artist_not_found
"Kris Kross Amsterdam, Maan, Tabitha, Bizzey",artist_not_found
"Lil Kleine, Bokoesam, Cartiez",artist_not_found
"Úlfur Úlfur, Kött Grá Pjé",artist_not_found
"Zefanio, Chivv, Lauwtje",artist_not_found
"ReTo, Qry",artist_not_found
"DMS, Horkýže Slíže",artist_not_found
"Sin Boy, iLLEOo",artist_not_found
"Amenazzy, Farruko, Myke Towers, Rochy RD",artist_not_found
"Ukendt Kunstner, Sivas",artist_not_found
"Romeo Santos, El Chaval de la Bachata",artist_not_found
"Njelic, Boohle, Da Muziqal Chef, De Mthuda",artist_not_found
"Daddy Yankee, Sech",artist_not_found
"Summer Walker, Drake",artist_not_found
"Gzuz, Bonez MC",artist_not_found
"Jairzinho, Sevn Alias, BKO, Boef",artist_not_found
"Callejero Fino, Pusho DJ",artist_not_found
"Gemitaiz, Venerus, Franco126",artist_not_found
"Reece Madlisa, Zuma, Mr JazziQ, Busta 929",artist_not_found
"Major Lazer, Travis Scott, Camila Cabello, Quavo",artist_not_found
"Anuel AA, Eladio Carrion",artist_not_found
"Dimitri Vegas & Like Mike, David Guetta, Dimitri Vegas, Kiiara",artist_not_found
"Evelina, Julma H",artist_not_found
"Bulova, Nacho, Noriel, El Alfa",artist_not_found
Reckless,artist_not_found
"Neha Kakkar, Dhvani Bhanushali, Ikka",artist_not_found
"Bon Entendeur, Isabelle Pierre",artist_not_found
"Robin Schulz, Felix Jaehn, Alida",artist_not_found
"Khay Be, Thug Slime",artist_not_found
"J Balvin, Daddy Yankee",artist_not_found
"Major Lazer, MC Lan, Anitta, BEAM",artist_not_found
"Astrid S, Dagny",artist_not_found
"Laïoung, Izi, Tedua",artist_not_found
"Otsochodzi, O.S.T.R., Taco Hemingway, Holak",artist_not_found
"Farruko, Myke Towers",artist_not_found
"Buray, Arem Ozguc, Arman Aydin",artist_not_found
"Marpo, Lenny",artist_not_found
"Lil Vinceyy, Guel",artist_not_found
"Sigala, Ella Eyre",artist_not_found
"Sachet Tandon, Parampara Tandon, Sachin-Jigar",artist_not_found
"Mad Clip, Light",artist_not_found
"Lidia, Konstantin",artist_not_found
"Badshah, Payal Dev",artist_not_found
"Viki Gabor, Kayah",artist_not_found
"Kalazh44, Capital Bra, Samra, Nimo, Luciano",artist_not_found
"Lola Indigo, Danna Paola, Denise Rosenthal",artist_not_found
"Don Omar, Tego Calderón",artist_not_found
"Soprano, Uncle Phil",artist_not_found
"Mc Paiva ZS, Gabb MC, Dj Aladin GDB, Love Funk",artist_not_found
"Drax Project, Hailee Steinfeld",artist_not_found
"Achille Lauro, Boss Doms, Gemitaiz, Frenetik&Orang3",artist_not_found
"Maes, Booba",artist_not_found
"187 Strassenbande, Bonez MC, RAF Camora, Gzuz, Maxwell",artist_not_found
"Various Artists, Abdulaziz Louis, Bader AlShuaibi, Haneen Alkandari",artist_not_found
"Anne-Marie, KSI, Digital Farm Animals",artist_not_found
"The Weeknd, Gesaffelstein",artist_not_found
"Yaşar Gaga, Tarkan, Sezen Aksu",artist_not_found
"Blessd, Ryan Castro",artist_not_found
"Batuflex, cakal",artist_not_found
"Slings, MamboLosco",artist_not_found
"Alok, Ina Wroldsen",artist_not_found
"PATEKO, ASH ISLAND, Skinny Brown",artist_not_found
"Sigourney K, Sevn Alias",artist_not_found
"Pk, PK Delas",artist_not_found
"Elton John, Britney Spears",artist_not_found
"Cir.Cuz, Emila",artist_not_found
"Omar Kamal, Hamo Bika",artist_not_found
"Nickoog Clk, Simon la Letra, Standly, Pailita",artist_not_found
"SB Maffija, Jan-Rapowanie, Janusz Walczuk, Białas, White 2115, Bedoes 2115, Adi Nowak, Beteo, Mata, Solar",artist_not_found
"Jul, Morad",artist_not_found
"Noah Cyrus, Labrinth",artist_not_found
"Anuel AA, Wisin",artist_not_found
"Lilas ir Innomine, Evgenya Redko",artist_not_found
"Duki, Emilia",artist_not_found
"Jon Z, Baby Rasta, Boy Wonder CF",artist_not_found
"L D R U, Paige IV",artist_not_found
"Emma Drobna, Separ",artist_not_found
"ATYPISK, Lærke Emilie",artist_not_found
"Aastha Gill, Sachin Sanghvi, Jigar Saraiya, Divya Kumar",artist_not_found
"Sido, Apache 207",artist_not_found
"MK, Becky Hill",artist_not_found
Bag Raiders,artist_not_found
"ILARI, Sima",artist_not_found
"Christian Nodal, Banda MS de Sergio Lizárraga",artist_not_found
"Maiyarap, MILLI",artist_not_found
"C-BooL, Giang Pham",artist_not_found
"Tagne, Snor",artist_not_found
"Outlander, 9m88",artist_not_found
"Daddy Yankee, R.K.M & Ken-Y, Arcangel",artist_not_found
"Charlie Puth, Wale",artist_not_found
"BLANCO, Sfera Ebbasta",artist_not_found
"Light, Mad Clip",artist_not_found
"Victor Leksell, Jireel, Newkid",artist_not_found
"ansis, Kristīne Pāže",artist_not_found
"Kygo, DNCE",artist_not_found
"GusGus, Vök",artist_not_found
"KESI, Hans Philip",artist_not_found
"Ninho, Niska",artist_not_found
"Lani Mo, Ricky Rich",artist_not_found
"Joe Flizzow, MK K-Clique, Jay Park",artist_not_found
"TCT, Jontte Valosaari",artist_not_found
"LUM!X, Gabry Ponte",artist_not_found
"Motel, María José",artist_not_found
Arcángel,artist_not_found
"Soolking, MERO",artist_not_found
"Zayo, Yzomandias",artist_not_found
"Sachin-Jigar, Badshah, Shalmali Kholgade, Gurdeep Mehndi",artist_not_found
"Marco Borsato, Snelle, John Ewbank",artist_not_found
"Samey, Gleb, Natalia Hulejova",artist_not_found
"Beret, Pablo Alborán",artist_not_found
"Sin Boy, Skull",artist_not_found
"Mouhous, costee",artist_not_found
"DENNIS, MC Kevinho",artist_not_found
Jonah Blacksmith,artist_not_found
"Tito ""El Bambino"", Nicky Jam",artist_not_found
"Mapara A Jazz, Colano, Ntosh Gazi",artist_not_found
"Eftalya Yağcı, Lvbel C5",artist_not_found
"Alkilados, Bonny Lovy",artist_not_found
"Martin Jensen, Loote",artist_not_found
"Shawn Mendes, Khalid",artist_not_found
"Gusi, Greeicy, Mike Bahía",artist_not_found
"Richie Campbell, Slow J",artist_not_found
"Koba LaD, Freeze corleone",artist_not_found
"Feid, Jory Boy",artist_not_found
"Justin Wellington, Small Jam",artist_not_found
"Heuss L'enfoiré, Vald",artist_not_found
"Auryn, Anastacia",artist_not_found
"Nardo Wick, Future, Lil Baby",artist_not_found
"Måns Zelmerlöw, Dotter",artist_not_found
"Tesher, Jason Derulo",artist_not_found
"Ninho, Nekfeu",artist_not_found
"Kane Brown, Swae Lee, Khalid",artist_not_found
"Cashmere Cat, Ariana Grande",artist_not_found
"New Hope Club, Danna Paola",artist_not_found
"Morat, Sebastian Yatra",artist_not_found
Kaizers Orchestra,artist_not_found
"LON3R JOHNY, Fínix MG",artist_not_found
"Broederliefde, Frenna",artist_not_found
"Artem Pivovarov, KALUSH",artist_not_found
"melvitto, Wande Coal",artist_not_found
"Mad Clown, Kim Na Young",artist_not_found
"Kodak Black, XXXTENTACION",artist_not_found
"Post Malone, Justin Bieber",artist_not_found
"El Villano, J-One, Newyorkeeno",artist_not_found
"Izzchughtai, Abdul Hannan",artist_not_found
"Diplo, Morgan Wallen",artist_not_found
"pluuto, nublu",artist_not_found
"Dame, Separ",artist_not_found
"Major Lazer, MOTi, Ty Dolla $ign, Wizkid, Kranium",artist_not_found
"Djodje, Loony Johnson, Ricky Boy",artist_not_found
"Miky Woodz, Bad Bunny",artist_not_found
"A$AP Rocky, ScHoolboy Q",artist_not_found
"Piruka, Bluay",artist_not_found
"Ketama126, Massimo Pericolo",artist_not_found
"Yo Yo Honey Singh, Simar Kaur",artist_not_found
Float,artist_not_found
"KG970, Kilvertz",artist_not_found
"Ranji, Ghost Rider",artist_not_found
"Soolking, SCH",artist_not_found
"Manuel Turizo, Anuel AA",artist_not_found
"Drake, 21 Savage, Project Pat",artist_not_found
"Tyga, Nicki Minaj",artist_not_found
"Sokół, PRO8L3M, Steez83, Taco Hemingway",artist_not_found
"LAGOS, Danny Ocean",artist_not_found
"Sin Boy, Skerdi",artist_not_found
"RACK, Sin Laurent",artist_not_found
"Dani M, Simon Superti",artist_not_found
"Usher, Alicia Keys",artist_not_found
"Mc Don Juan, Th CDM, DG e Batidão Stronda",artist_not_found
"J-Dawg, Lille Saus",artist_not_found
"Josylvio, 3robi, Killer Kamal",artist_not_found
"Alesso, Nico & Vinz",artist_not_found
"Farid Bang, French Montana, Khaled",artist_not_found
"Nica del Rosario, Gab Pangilinan",artist_not_found
"Marcus & Martinus, Katastrofe",artist_not_found
"Zion & Lennox, Don Omar",artist_not_found
"Fie Laursen, Milbo",artist_not_found
"The Kid LAROI, Miley Cyrus",artist_not_found
"Pineapple StormTv, Cesar Mc, Elana Dara, Kayuá, Froid, Cynthia Luz, MV Bill, Bob do Contra, Projota",artist_not_found
"Anuel AA, Jory Boy",artist_not_found
"Pablo Chill-E, Yung Beef",artist_not_found
"Mellow & Sleazy, Felo Le Tee, DJ Maphorisa, Madumane, Young Stunna",artist_not_found
"Bembe Orquesta, Farik Grippa",artist_not_found
"DVBBS, Borgeous",artist_not_found
"Geegun, Egor Kreed, The Limba, blago white, OG Buda, Timati, SODA LUV, Гуф",artist_not_found
"Murda, Jonna Fraser, Jandino Asporaat",artist_not_found
"Ski Aggu, Endzone, Ericson",artist_not_found
"Kris Kross Amsterdam, Antoon, Sigourney K",artist_not_found
"ANAVITÓRIA, Vitor Kley",artist_not_found
"Grupo Firme, Luis Alfonso Partida El Yaki",artist_not_found
"Italian Somali, El Combo de Oro",artist_not_found
"Zion & Lennox, Anuel AA, Haze",artist_not_found
"Young Leosia, Oliwka Brazil",artist_not_found
"Sleiman, Livid, MellemFingaMuzik",artist_not_found
"Bonny Lovy, Mike Bahía",artist_not_found
"Claire Rosinkranz, Jeremy Zucker",artist_not_found
"JóiPé, Króli, GDRN, SZK",artist_not_found
"Nekfeu, Amber-Simone",artist_not_found
"STIG, Teflon Brothers",artist_not_found
"Enrique Iglesias, India Martinez",artist_not_found
"Ronnie Flex, Maan",artist_not_found
"Cian Ducrot, Ella Henderson",artist_not_found
"DJ Snake, Lauv",artist_not_found
"JSX, Booba",artist_not_found
"Craig David, Bastille",artist_not_found
"Ricardo Arjona, Gaby Moreno",artist_not_found
"Stormy, Tagne, Snor",artist_not_found
"JP Cooper, Astrid S",artist_not_found
"Jamaika, Carmon",artist_not_found
"Murda, Ezhel",artist_not_found
"Bedoes 2115, Kubi Producent, Taco Hemingway",artist_not_found
"Miky Woodz, Alex Rose",artist_not_found
"Perro Primo, EL NOBA, Al Records",artist_not_found
"The Chainsmokers, XYLØ",artist_not_found
"Galin, Dessita, Lidia, Adam, Madjuna",artist_not_found
"Omar Kamal, Hassan Shakosh",artist_not_found
"Ozuna, J Balvin, Natti Natasha",artist_not_found
"C. Tangana, MC Bin Laden",artist_not_found
"KESI, Gilli",artist_not_found
"Frenna, Lil Kleine",artist_not_found
KęKę,artist_not_found
"Robin Schulz, Dennis Lloyd",artist_not_found
"Banda El Recodo, Wisin",artist_not_found
Los Huayra,artist_not_found
"Skylar Grey, Polo G, Mozzy, Eminem",artist_not_found
"Static & Ben El, Anna Zak",artist_not_found
"Faustix, Barbara Moleko",artist_not_found
"Os Barões Da Pisadinha, Xand Avião",artist_not_found
"玖壹壹, Ella Chen",artist_not_found
"rares, Bogdan DLP",artist_not_found
"OMI, Nicky Jam, Felix Jaehn",artist_not_found
"Yandel, Maluma",artist_not_found
"Trobi, Ronnie Flex, Chivv, ADF Samski",artist_not_found
"Marwan Pablo, Molotof",artist_not_found
"Kidd Keo, Yay",artist_not_found
"Jala Brat, Buba Corelli, RAF Camora",artist_not_found
"Tove Lo, Gryffin",artist_not_found
"Bizarrap, NATHY PELUSO",artist_not_found
"Os Barões Da Pisadinha, Maiara & Maraisa",artist_not_found
"Marracash, BLANCO",artist_not_found
"Double Zuksh, 3enba, Abo El Anwar",artist_not_found
"STEREO, Etta",artist_not_found
"Avine Vinny, Matheus & Kauan",artist_not_found
"Ranveer Singh, DIVINE, Naezy, Sez on the Beat",artist_not_found
"El Alfa, La Manta",artist_not_found
"Gaba Cannal, George Lesley, Russell Zuma",artist_not_found
"Lil Wayne, Swizz Beatz",artist_not_found
"Rudimental, James Arthur",artist_not_found
"Charlene Choi, Pakho Chau",artist_not_found
"Bryan Mg, Frenna",artist_not_found
"Alejandro Fernández, Sebastian Yatra",artist_not_found
"Mata, Wyguś, Szczepan, Adam",artist_not_found
"andrei, Amuly, Oscar, Calinacho",artist_not_found
"The Rubens, Sarah",artist_not_found
"Los Plebes del Rancho de Ariel Camacho, Christian Nodal",artist_not_found
"Don Patricio, Mozart La Para",artist_not_found
"Taco Hemingway, Pezet",artist_not_found
"Montez, badmómzjay",artist_not_found
"Little Mix, Stormzy",artist_not_found
"Ed Sheeran, Chance the Rapper, PnB Rock",artist_not_found
"Trettmann, KitschKrieg, Gzuz",artist_not_found
"Gucci Mane, Migos",artist_not_found
"Justinas Jarutis, Jessica Shy",artist_not_found
"NODE, Sivas",artist_not_found
"Khontkar, Ben Fero",artist_not_found
"Oriente, MC Hariel",artist_not_found
"Flume, Vera Blue",artist_not_found
"ScHoolboy Q, Kendrick Lamar",artist_not_found
"KESI, Benny Jamz",artist_not_found
"Nomcebo Zikode, Master KG",artist_not_found
"Luísa Sonza, Pabllo Vittar, Anitta",artist_not_found
"Dhvani Bhanushali, Nikhil D'Souza, Tanishk Bagchi",artist_not_found
"STOR, Jireel",artist_not_found
"SFB, Jonna Fraser",artist_not_found
"Ozuna, Juanka",artist_not_found
"Brytiago, Farruko, Lary Over",artist_not_found
"LXST CXNTURY, Kingpin Skinny Pimp",artist_not_found
"Guru Randhawa, Arjun",artist_not_found
"Ana Mena, Rocco Hunt",artist_not_found
"Mido Gad, Biano",artist_not_found
"PlanBe, Sir Mich",artist_not_found
"OAFF, Savera, Lothika, Kausar Munir",artist_not_found
"Maestro, ElGrandeToto",artist_not_found
"Mr JazziQ, Busta 929, Reece Madlisa, Zuma, Mpura, Riky Rick, 9umba",artist_not_found
"Omer Adam, Richie Loop",artist_not_found
"Badshah, Neha Kakkar, Varun Dhawan",artist_not_found
"thasup, Mara Sattei",artist_not_found
"Kubi Producent, Żabson, Young Multi",artist_not_found
"Zé Felipe, Os Barões Da Pisadinha",artist_not_found
"Tanishk Bagchi, Yasser Desai, Asees Kaur",artist_not_found
"Marco Borsato, Matt Simons",artist_not_found
"Diplo, SIDEPIECE",artist_not_found
"Imagine Dragons, Kendrick Lamar",artist_not_found
"Nicky Jam, Will Smith, Era Istrefi",artist_not_found
"MeerFly, Kidd Santhe, MK K-Clique",artist_not_found
"DR BRS, Berkes Olivér",artist_not_found
"Oki, Gedz, Magiera",artist_not_found
"nublu, Mikael Gabriel",artist_not_found
"Felix Jaehn, POLINA",artist_not_found
"Pil C, Separ",artist_not_found
"Salmo, Fabri Fibra",artist_not_found
"SANTOS, Sido, Samra",artist_not_found
"DIVINE, MC Altaf, Stylo G, Phenom",artist_not_found
"BE'O, MINO",artist_not_found
"A1 x J1, Tion Wayne",artist_not_found
"Julia Michaels, Niall Horan",artist_not_found
"Macklemore & Ryan Lewis, Macklemore, Ryan Lewis, Idris Elba, Anderson .Paak",artist_not_found
"Patron, Sagopa Kajmer",artist_not_found
"Mavins, Rema, Boy Spyce, Crayon, Bayanni, Magixx, LADIPOE, Ayra Starr, Johnny Drille",artist_not_found
"Los De La Nazza, Ozuna",artist_not_found
"KEVVO, Arcangel, Becky G, Darell",artist_not_found
"Didine Canon 16, Chemsou Freeklane",artist_not_found
"Mc Poze do Rodo, Neo Beats, Mainstreet",artist_not_found
"Raaban, Tungevaag, Lovespeake",artist_not_found
Hayd,artist_not_found
"Miszel, Kabe",artist_not_found
"Douglas & Vinicius, MC Bruninho",artist_not_found
"Super Ed, Shift, Runnix",artist_not_found
"Mari Fernandez, Marcynho Sensação",artist_not_found
"Bad Bunny, Anuel AA",artist_not_found
"Dani Gambino, Immune",artist_not_found
"Kaly Ocho, Braulio Fogon",artist_not_found
"Karlo, Nik Tendo, Dalyb",artist_not_found
"Rexxie, Naira Marley, Skiibii",artist_not_found
"Projota, Vitão",artist_not_found
"Emmsjé Gauti, Herra Hnetusmjör",artist_not_found
"Rocco Hunt, Geolier",artist_not_found
"Simsey, ATYPISK",artist_not_found
"Dame, SMART",artist_not_found
"Albin Johnsén, Kristin Amparo",artist_not_found
"Marcus Marr, Nick Murphy",artist_not_found
"Paulo Pires, Mc Danny, Marcynho Sensação",artist_not_found
"Mata, Trooh Hippi",artist_not_found
"Isyana Sarasvati, Afgan, Rendy Pandugo",artist_not_found
"Fuego, Manuel Turizo, Duki",artist_not_found
Daughter,artist_not_found
"Helene Olafsen, Norges Nye Megahit",artist_not_found
"Joey Montana, Greeicy, Cali Y El Dandee",artist_not_found
"Faouzia, John Legend",artist_not_found
"Pil C, Fobia Kid",artist_not_found
"Pritam, Mohit Chauhan",artist_not_found
"Halott Pénz, Diaz, Mentha",artist_not_found
"CLMD, Tungevaag",artist_not_found
"Bizzey, Kraantje Pappie, Jonna Fraser, Ramiks",artist_not_found
"Purple Disco Machine, Moss Kena, The Knocks",artist_not_found
"Amenazzy, Noriel",artist_not_found
"Quavo, Takeoff",artist_not_found
"Aitana, Reik",artist_not_found
"Teflon Brothers, Setä Tamu",artist_not_found
"ATYPISK, Gilli, KESI",artist_not_found
"Dudu Aharon, Ofek Hamalach",artist_not_found
"Ronnie Ferrari, korweta",artist_not_found
"тринадцать карат, Три дня дождя",artist_not_found
"JVG, Reino Nordin",artist_not_found
"Jonna Fraser, Broederliefde",artist_not_found
"Josef Bratan, OLEK, Swizzy, Malik Montana",artist_not_found
"David Guetta, Anne-Marie",artist_not_found
"TOQUEL, ObieDaz",artist_not_found
"Iggy Azalea, Charli XCX, Wiley",artist_not_found
"Ali B, Diggy Dex",artist_not_found
"Sorriso Maroto, Dilsinho",artist_not_found
SHOOVAL,artist_not_found
"Ne-Yo, Juicy J",artist_not_found
"Albin Johnsén, Mattias Andréasson",artist_not_found
"Tiësto, Oliver Heldens, Natalie La Rose",artist_not_found
"Robin Schulz, Disciples",artist_not_found
"Avicii, Conrad Sewell",artist_not_found
"Hov1, Elias Hurtig",artist_not_found
"Mark Ronson, Camila Cabello",artist_not_found
"Jax Jones, MNEK",artist_not_found
"Armin van Buuren, James Newman",artist_not_found
"KKevin, G.w.M",artist_not_found
"John De Sohn, Venior",artist_not_found
"Matheus Fernandes, Dilsinho",artist_not_found
"Juice WRLD, Marshmello, The Kid LAROI, Polo G",artist_not_found
"Bedoes 2115, Lanek, Kosa, White 2115",artist_not_found
"Hayden James, Boy Matthews",artist_not_found
"SODA LUV, BUSHIDO ZHO",artist_not_found
"The King's Son, Blacko",artist_not_found
"G-Eazy, Tory Lanez, Tyga",artist_not_found
"Peking Duk, SAFIA",artist_not_found
"Dree Low, P.J",artist_not_found
"Pepe Quintana, Farruko, Tempo, Anuel AA, Almighty, Bryant Myers",artist_not_found
"KitschKrieg, Jamule, SFR",artist_not_found
"Marshmello, Pritam",artist_not_found
"Achille Lauro, Boss Doms, Gemitaiz",artist_not_found
"L-Gante, DT.Bilardo, Omar Varela, Dillom",artist_not_found
"Reckol, cakal",artist_not_found
"Andrés Cepeda, Cali Y El Dandee",artist_not_found
"Kygo, Labrinth",artist_not_found
"Boro Boro, YOUNGGUCCI, LGND",artist_not_found
"Marco Mengoni, Madame",artist_not_found
"Eric Chou, 單依純",artist_not_found
"Tom Zanetti, Sadie Ama",artist_not_found
"Tedua, Sick Luke",artist_not_found
"Teflon Brothers, Pyhimys",artist_not_found
"Maluma, Jenny ""La Sexy Voz""",artist_not_found
"Charlie Puth, Kehlani",artist_not_found
"Kali, Flvwlxss",artist_not_found
"Kubilay Aka, Hayko Cepkin",artist_not_found
"José de Rico, Danny Romero, Fito Blanko",artist_not_found
"Bruno X Spacc, Manuel",artist_not_found
"WIL, la haka",artist_not_found
"Davai, CIRE",artist_not_found
"Dvicio, Taburete",artist_not_found
"Boro Purvi, Tita",artist_not_found
"OG Buda, BUSHIDO ZHO, Scally Milano, MAYOT, Magnum Opus, SEEMEE, YUNGWAY",artist_not_found
"Savage, Aaradhna",artist_not_found
"Byejack, Midnight.",artist_not_found
"Qanay, ALI",artist_not_found
"Wisin, Don Omar, Zion & Lennox, Tito ""El Bambino""",artist_not_found
"R3HAB, Mike Williams",artist_not_found
"Billy Sio, Mad Clip",artist_not_found
"Kali, Rida Radar",artist_not_found
"Herra Hnetusmjör, Huginn",artist_not_found
"Dipha Barus, Kallula",artist_not_found
"Öwnboss, Sevek",artist_not_found
"Mike11, Bárbara Bandeira",artist_not_found
Ryota Fujimaki,artist_not_found
"Jobe London, Mphow69, Kamo Manje",artist_not_found
"Nico Santos, Topic",artist_not_found
"Bhavi, KHEA, Omar Varela",artist_not_found
"Prinz Pi, Philipp Dittberner",artist_not_found
"AGA, Gin Lee",artist_not_found
"Lowsheen, Master KG, Nkosazana Daughter",artist_not_found
"Alejandro González, Mike Bahía",artist_not_found
"Raiden, CHANYEOL, LeeHi, CHANGMO",artist_not_found
"MARS, Arif, Karpe, Unge Ferrari",artist_not_found
"Robin Zoot, Koky, Yzomandias",artist_not_found
"SFB, Murda",artist_not_found
"Dane Amar, Jereena Montemayor",artist_not_found
"Conkarah, Shaggy, DJ Fle",artist_not_found
"Ernia, Geolier, Junior K",artist_not_found
"Mayorkun, Victony",artist_not_found
"Armin van Buuren, Trevor Guthrie",artist_not_found
"Cash Cash, Digital Farm Animals, Nelly",artist_not_found
"Lil Baby, Gunna, Drake",artist_not_found
"Lary Over, Lirico En La Casa",artist_not_found
"Bispo, Deezy",artist_not_found
"Stebin Ben, Asees Kaur",artist_not_found
"Mohamed Rifai, Hind Sdassi",artist_not_found
"D.O.D, Carla Monroe",artist_not_found
"Kymppilinja, Mariska",artist_not_found
"Dalex, Lenny Tavárez, iZaak, Dímelo Flow",artist_not_found
"Why Don't We, Macklemore",artist_not_found
"Glockenbach, ClockClock",artist_not_found
"HANA, Vincent Wong",artist_not_found
"Sam Feldt, Lucas & Steve, Wulf",artist_not_found
"Omar Montes, Ana Mena, Maffio",artist_not_found
"Punnany Massif, Herrer Sári",artist_not_found
"Abi, Dani Mocanu",artist_not_found
"Kygo, Sasha Alex Sloan",artist_not_found
"LFERDA, Ali Ssamid",artist_not_found
"A.R. Rahman, A. R. Reihana, Bamba Bakya",artist_not_found
"Sfera Ebbasta, Offset",artist_not_found
"George Henrique & Rodrigo, Marília Mendonça",artist_not_found
"The La Planta, Nestor En Bloque, Marka Akme, MOMO, Pushi",artist_not_found
"Calvin Harris, Florence Welch",artist_not_found
"DVRST, OBLXKQ",artist_not_found
"Yellow Claw, Yade Lauren",artist_not_found
"Shota Shimizu, Taka",artist_not_found
"Aitana, Emilia, Ptazeta",artist_not_found
"Russ Millions, Tion Wayne, Aitch, Swarmz, Sav'o, JAY1",artist_not_found
"Faustix, David Jay",artist_not_found
"GAMEBOY, YT, SNIK",artist_not_found
"Emil Kruse, Benjamin Hav",artist_not_found
"Perro Primo, EL NOBA, R Jota, Dj Plaga, DT.Bilardo",artist_not_found
Panic Is Perfect,artist_not_found
"Dímelo Flow, Sech, Dalex, Justin Quiles, La Exce, Feid, Zion",artist_not_found
"Marracash, Marz",artist_not_found
"Don Diablo, Emeli Sandé, Gucci Mane",artist_not_found
"5MIINUST, Sass Henno",artist_not_found
"Afrojack, David Guetta, Ester Dean",artist_not_found
"Mano Arriba, Urban D.",artist_not_found
"Timal, Gazo",artist_not_found
"Guè, Tony Effe, Il Profeta",artist_not_found
"Anthony Santos, Romeo Santos",artist_not_found
"Milion Plus, Hasan, Nik Tendo, Karlo",artist_not_found
"Jessie J, 2 Chainz",artist_not_found
"Ion Miles, SIRA, BHZ",artist_not_found
"Sigala, James Arthur",artist_not_found
"Kaleb Di Masi, Alan Gomez",artist_not_found
"Aya Nakamura, Niska",artist_not_found
"Alexis y Fido, Fonseca, Kevin Roldan",artist_not_found
"Alex Velea, Jador",artist_not_found
"Orochi, Papatinho",artist_not_found
"White Widow, Nolyrics Beats",artist_not_found
"Perdenin Ardındakiler, Mark Eliyahu",artist_not_found
"Minimal Wind, elisabeth tiffany",artist_not_found
"Ballinciaga, Kris Winther",artist_not_found
"Masaki Suda, Aimyon",artist_not_found
"Milion Plus, Nik Tendo, Hasan, Kamil Hoffmann",artist_not_found
"Nio Garcia, Rauw Alejandro, Lenny Tavárez",artist_not_found
"Bubbi Morthens, Katrín Halldóra",artist_not_found
"Ziynet Sali, Bilal Sonses",artist_not_found
"Soolking, Cheb Mami",artist_not_found
"BLACKPINK, Cardi B",artist_not_found
"Aya Nakamura, Tiakola",artist_not_found
"Emmsjé Gauti, Birnir",artist_not_found
"Tymek, C0PIK",artist_not_found
"Pabllo Vittar, Psirico",artist_not_found
"Lijpe, Mula B",artist_not_found
"El Sawareekh, Hassan Abouelrouss",artist_not_found
"Vishal-Shekhar, Neha Kakkar, Shekhar Ravjiani",artist_not_found
"Ideaali & Jay Who?, Henna Narva",artist_not_found
"Gunna, Future, Young Thug",artist_not_found
"Mäkki, Reino Nordin",artist_not_found
"Peking Duk, Elliphant",artist_not_found
"Orgânico, Lourena, Sant, Rap Box",artist_not_found
"Matt Hunter, Lele Pons",artist_not_found
"Costa Gold, Kawe, André Nine",artist_not_found
"Tedi Aleksandrova, Ilian",artist_not_found
"Lady Gaga, R. Kelly",artist_not_found
"ScHoolboy Q, Kanye West",artist_not_found
"Ali B, Boef, Sevn Alias",artist_not_found
"Henrique & Juliano, Marília Mendonça",artist_not_found
"Tito ""El Bambino"", Bryant Myers",artist_not_found
"Mente Fuerte, Immune",artist_not_found
"NODE, Stepz",artist_not_found
"No Te Va Gustar, Nicki Nicole",artist_not_found
"Anuel AA, DJ Nelson, J Balvin, Nicky Jam, Cosculluela",artist_not_found
"Pablo López, Juanes",artist_not_found
"RAYE, Mr Eazi",artist_not_found
"Chillies, Suni Hạ Linh, Rhymastic",artist_not_found
"Gestört aber GeiL, Koby Funk, Wincent Weiss",artist_not_found
"Katy Garbi, Antonis Remos",artist_not_found
"Matoma, Faith Evans, The Notorious B.I.G., Snoop Dogg",artist_not_found
"Herra Hnetusmjör, Ingi Bauer",artist_not_found
"Sin Boy, Ypo",artist_not_found
"ZAAC, MC Vigary",artist_not_found
"Nik Makino, Raf Davis",artist_not_found
"shadowraze, LXNER, quiizzzmeow",artist_not_found
"Daddy Yankee, Natti Natasha, Becky G, Bad Bunny",artist_not_found
"Mozart La Para, Justin Quiles",artist_not_found
"Cashmere Cat, Selena Gomez, Tory Lanez",artist_not_found
"Yandel, Nicky Jam",artist_not_found
"Marracash, Calcutta",artist_not_found
"YNW Melly, Kanye West",artist_not_found
"Jasbir Jassi, Badshah, Dhvani Bhanushali",artist_not_found
"Paloma Mami, Pailita, El Jordan 23",artist_not_found
"Anitta, PEDRO SAMPAIO",artist_not_found
"Fy, Mad Clip, Light, Mente Fuerte, Hawk, Billy Sio",artist_not_found
"Ozuna, Wisin, Myke Towers, Arcangel, Juanka, Cosculluela",artist_not_found
"Lil Wayne, Kendrick Lamar",artist_not_found
"Ceaese, Utopiko, DrefQuila, THAT",artist_not_found
"Nicki Nicole, Dread Mar I, Bizarrap",artist_not_found
"reezy, Summer Cem",artist_not_found
"Masew, Khoi Vu",artist_not_found
"RK, Sofiane",artist_not_found
"Pineapple StormTv, Sant, Tiago Mac, Lord ADL, Maria, Choice, Salve Malak",artist_not_found
"88rising, Joji, Rich Brian, Higher Brothers, AUGUST 08",artist_not_found
"Britney Spears, G-Eazy",artist_not_found
"Nio Garcia, Bryant Myers, Lenny Tavárez, Miky Woodz, Jay Wheeler",artist_not_found
"Smack, CA$HANOVA BULHAR",artist_not_found
"Lunay, Zion & Lennox",artist_not_found
"Priceless, Frenna, Murda",artist_not_found
"Jay Chou, Lara Liang",artist_not_found
"Pil C, Alan Murin",artist_not_found
"23, VC Barre",artist_not_found
"DJ Maphorisa, Kabza De Small, Nokwazi, Vigro Deep",artist_not_found
"Fifth Harmony, Gucci Mane",artist_not_found
"Ardhito Pramono, Aurélie",artist_not_found
"Marco Borsato, Rolf Sanchez, John Ewbank",artist_not_found
"Mora, Sech",artist_not_found
"Toby Romeo, Felix Jaehn, FAULHABER",artist_not_found
"Dani Gambino, Dj The Boy, RICTA",artist_not_found
"Abyusif, Abo El Anwar",artist_not_found
"william, Clever",artist_not_found
"ScHoolboy Q, 21 Savage",artist_not_found
"Gasellit, Karri Koira",artist_not_found
"Timal, Leto",artist_not_found
"Samra, Capital Bra, Brudi030, Kalazh44",artist_not_found
"Kawe, Mc Lele JP, Original Quality",artist_not_found
"Alok, Bhaskar",artist_not_found
"Italian Somali, Dubosky",artist_not_found
"Hugh Jackman, Keala Settle, Daniel Everidge, Zendaya, The Greatest Showman Ensemble",artist_not_found
"ElGrandeToto, Draganov, Don Bigg, Khtek",artist_not_found
"Conkarah, Rosie Delmah",artist_not_found
"Snoop Dogg, Charlie Wilson",artist_not_found
"Flo Rida, T-Pain",artist_not_found
"Ariana Grande, Nathan Sykes",artist_not_found
"Rozz Kalliope, Ece Seçkin",artist_not_found
"Guru Randhawa, Sanjoy",artist_not_found
"Marco Mengoni, Tom Walker",artist_not_found
"Miyo, Tymek",artist_not_found
"RICTA, Mikros Kleftis",artist_not_found
"RAP VIỆT, Dế Choắt (DC), Wowy",artist_not_found
"Mark Forster, VIZE",artist_not_found
"Maiara & Maraisa, Cristiano Araújo",artist_not_found
"Harun Kolçak, Gökhan Türkmen",artist_not_found
"Sia, Alan Walker",artist_not_found
"Natasja, Tessa, Karen Mukupa",artist_not_found
"sanah, Natalia Grosiak",artist_not_found
"Drake, 2 Chainz, Big Sean",artist_not_found
"Hamza, Damso",artist_not_found
"Atif Aslam, Shirley Setia, Dj Chetas",artist_not_found
"Joey Christ, Aron Can, Herra Hnetusmjör, Birnir",artist_not_found
"Marvin Gaye, Tammi Terrell",artist_not_found
"Santaferia, Grupo Zúmbale Primo",artist_not_found
"The King's Son, Shaggy, Hitimpulse",artist_not_found
"TaynguyenSound, Dick, Tofu, PC",artist_not_found
"KAROL G, Cosculluela",artist_not_found
"KC Rebell, Moe Phoenix",artist_not_found
"Irama, Sfera Ebbasta",artist_not_found
"Krisko, Slavi Trifonov",artist_not_found
"Snelle, Frenna",artist_not_found
"Kygo, Zak Abel",artist_not_found
"Nicky Jam, Jhayco",artist_not_found
"Digga D, ArrDee",artist_not_found
"Fy, Display",artist_not_found
"PARTYNEXTDOOR, Drake",artist_not_found
"Costel Biju, Tzanca Uraganu",artist_not_found
"LX, Maxwell, Bonez MC, Gzuz, Sa4",artist_not_found
"Elai Botner, Avraham Aviv Alush",artist_not_found
"LUM!X, D.T.E, Gabry Ponte, MOKABY",artist_not_found
"Alok, Alida",artist_not_found
"Wesley Safadão, Ronaldinho Gaúcho",artist_not_found
"Bryant Myers, Anuel AA",artist_not_found
"Lellow, Saliboy",artist_not_found
en,artist_not_found
"DEM, PistePiste, Maiki",artist_not_found
"Lalo Ebratt, Manuel Turizo",artist_not_found
"Guru Randhawa, Nikhita Gandhi, Tanishk Bagchi, Nora Fatehi",artist_not_found
"DJ Tao, L-Gante, Papu DJ",artist_not_found
"ABREU, Evelina, Nelli Matula",artist_not_found
"Juanes, Sebastian Yatra",artist_not_found
"Juan Magán, B-Case",artist_not_found
"Rkomi, Tedua, Night Skinny",artist_not_found
"01099, Gustav",artist_not_found
"Nikk, Avneet Kaur",artist_not_found
"Drake, Travis Scott",artist_not_found
"Felo Le Tee, Myztro",artist_not_found
"Wiatr, Tymek",artist_not_found
"Bang For The Buck, Reino Nordin",artist_not_found
"Nio Garcia, Brray, Juanka",artist_not_found
"Kumachan, Julia Wu",artist_not_found
"Rei, Neo Pistea, Duki",artist_not_found
"DJ Stephan, MG",artist_not_found
"Matheus & Kauan, MC Kevinho",artist_not_found
"RPT MCK, Trung Trần",artist_not_found
"Binz, Đen",artist_not_found
"Lil Skies, Rich The Kid",artist_not_found
"Z.E, Thrife, Nigma",artist_not_found
"Tanishk Bagchi, Jubin Nautiyal, Asees Kaur",artist_not_found
"JCY, Alida",artist_not_found
"Baani Sandhu, Gur Sidhu",artist_not_found
"t-low, Miksu / Macloud",artist_not_found
TANK 呂建忠,artist_not_found
"Lost Frequencies, Sandro Cavazza",artist_not_found
"BNXN fka Buju, Wande Coal",artist_not_found
"Zen-G, Ati242",artist_not_found
"Doli & Penn, Ivri Lider, Peled, Ella Lee",artist_not_found
"EDIS, Yasemin Mori",artist_not_found
"ANAVITÓRIA, Diogo Piçarra",artist_not_found
"KC Rebell, GRiNGO",artist_not_found
"Zom Marie, Lazyloxy",artist_not_found
"Yannc, Darkiel, Eladio Carrion, Brray, Myke Towers",artist_not_found
"Dadju, Tiakola",artist_not_found
"Oscar and the Wolf, Raving George",artist_not_found
"Jan-Rapowanie, Nocny, Vito Bambino",artist_not_found
"sangiovanni, Aitana",artist_not_found
"BRANYA, MACAN",artist_not_found
"Pitbull, Stephen Marley",artist_not_found
"Mohamed AlSalim, Helly Luv",artist_not_found
"Anna of the North, Hver gang vi møtes",artist_not_found
"Martin Solveig, Ina Wroldsen",artist_not_found
"NORDO, Tagne, Stormy",artist_not_found
"DJ Luian, Ozuna, Mambo Kingz, Cosculluela, Ñengo Flow, Baby Rasta",artist_not_found
"Kid Ink, Tyga, Wale, YG, Rich Homie Quan",artist_not_found
"Ovy On The Drums, Mau y Ricky",artist_not_found
"Gen Hoshino, PUNPEE",artist_not_found
"Gavin D, D Gerrard",artist_not_found
"The Cratez, Bonez MC",artist_not_found
"Alex Sensation, Bad Bunny",artist_not_found
"Sevn Alias, Mula B, Trobi",artist_not_found
"Musa Keys, Sir Trill, Nobantu Vilakazi",artist_not_found
"LUDMILLA, Mariah Angeliq, Topo La Maskara, Mr. Vegas",artist_not_found
En,artist_not_found
"David Bisbal, Juan Magán",artist_not_found
"Marília Mendonça, Bruno & Marrone",artist_not_found
"Stan, iLLEOo",artist_not_found
"Bruno LC, Blunted Vato, Mesita",artist_not_found
"Chance the Rapper, Knox Fortune",artist_not_found
"Anitta, Maluma",artist_not_found
"kid kapri, Florida Juicy",artist_not_found
"Hasan Raheem, Natasha Noorani, Talal Qureshi",artist_not_found
"Damien Jurado, filous",artist_not_found
"JC Reyes, Camin",artist_not_found
"Frenna, Priceless",artist_not_found
"G-Eazy, Marc E. Bassy",artist_not_found
"Bohemia, Sidhu Moose Wala",artist_not_found
"D.A.M.A, Player",artist_not_found
"Manuel Turizo, Justin Quiles, Dalex",artist_not_found
"Sarah Suhairi, Aepul Roza",artist_not_found
"Ninho, Fally Ipupa",artist_not_found
"Brädi, Evelina",artist_not_found
"Tim Legend, Brave",artist_not_found
"Daboor, Shabjdeed",artist_not_found
"Tungevaag, Raaban, Clara Mae",artist_not_found
"Profeetat, Cheek, Elastinen, Paleface",artist_not_found
"Drake, Black Coffee, Jorja Smith",artist_not_found
"Max Jenmana, พรปวีณ์ ตันกิจจานนท์",artist_not_found
"Lupillo Rivera, Aleman, Santa Fe Klan, Snoop Dogg, B-Real",artist_not_found
"Maluma, Feid",artist_not_found
"Luciano, Shirin David",artist_not_found
"rolands če, xantikvariāts",artist_not_found
"Rocco Hunt, J-AX, Boomdabash",artist_not_found
"Gambi, Heuss L'enfoiré",artist_not_found
"Rusherking, KHEA, Duki, Maria Becerra, LIT killah, Tiago PZK",artist_not_found
"WEEDMANE, Suicideyear",artist_not_found
"John C, Neo Pistea, Bhavi, Trueno",artist_not_found
"Leaderbrain, RICTA",artist_not_found
"TINI, Morat",artist_not_found
"Konstantinos Argiros, Rack",artist_not_found
"Juno, JENNA ALEXA",artist_not_found
"Ronnie Flex, Mr. Polska",artist_not_found
"S1mba, DTG",artist_not_found
"Rvssian, Bad Bunny, Farruko, Nicky Jam, Kosa",artist_not_found
"Alfred Hui, 2868",artist_not_found
"Keung To, AGA",artist_not_found
"Draganov, Dollypran",artist_not_found
"Hef, Kevin",artist_not_found
"Broederliefde, Jayh, Sevirio",artist_not_found
"Alex Rose, Lenny Tavárez, Chris Wandell, Quimico Ultra Mega",artist_not_found
"Ufo361, Ezhel",artist_not_found
"Alan Gomez, Mesita",artist_not_found
"Eminem, Dido",artist_not_found
"Romeo Santos, Luis Vargas",artist_not_found
"Teto, Matuê",artist_not_found
"Leo王, 9m88",artist_not_found
"Kendrick Lamar, MC Eiht",artist_not_found
"Residente, Dillon Francis, iLe",artist_not_found
"D-Block Europe, Central Cee",artist_not_found
"Yung Felix, Poke",artist_not_found
"The Weeknd, Daft Punk, Kygo",artist_not_found
"Carlos Rivera, Maluma",artist_not_found
"Tussin, Azteca, Amuly",artist_not_found
"ALLMO$T, L.A. GOON$, Peso Mercado",artist_not_found
"Rema, Selena Gomez",artist_not_found
"Victor & Leo, Henrique & Juliano",artist_not_found
"Doctor Victor, Ingó Veðurguð, Gummi Tóta",artist_not_found
"Marteria, Teutilla",artist_not_found
"Dree Low, Yasin",artist_not_found
"Alex Rose, Lyanno",artist_not_found
"The Weeknd, Ed Sheeran",artist_not_found
"W/N, Duong, Nâu",artist_not_found
"Benji & Fede, Xriz",artist_not_found
"Kygo, James Vincent McMorrow",artist_not_found
"Bushido, M.O.030",artist_not_found
"Shakira, Carlinhos Brown",artist_not_found
"Duki, DrefQuila",artist_not_found
"Antoon, Big2",artist_not_found
"Capital Bra, Bozza",artist_not_found
"GyeongseoYeji, Jeon Gunho",artist_not_found
"Ayushmann Khurrana, Tanishk-Vayu",artist_not_found
"Sefo, Reynmen",artist_not_found
"Galena, Azis",artist_not_found
"Ernia, Pinguini Tattici Nucleari",artist_not_found
PENTAGON,artist_not_found
"Anas, ElGrandeToto",artist_not_found
"Julie Bergan, Benjamin Ingrosso",artist_not_found
"Staysman & Lazz, Staysman, DJ Fistmagnet",artist_not_found
"Usher, Lil Jon, Ludacris",artist_not_found
"Papillon, Murta",artist_not_found
"2 Chainz, Travis Scott",artist_not_found
"Kings, Sons Of Zion",artist_not_found
"BNXN fka Buju, Wizkid",artist_not_found
"Sevn Alias, Chivv, Lijpe",artist_not_found
"Sadek, Ninho, SCH",artist_not_found
"Rochy RD, Los Crazy RD",artist_not_found
"AYLIVA, MERO",artist_not_found
"Sobel, Piotrek Lewandowski",artist_not_found
"Chivv, Chardy, Sevn Alias",artist_not_found
"Ronisia, Ninho",artist_not_found
"Majka, Horváth Tamás",artist_not_found
"Møme, Merryn Jeann",artist_not_found
"No Te Va Gustar, Juan Casanova",artist_not_found
"Cheek, Jukka Poika",artist_not_found
"Rytmus, Kali",artist_not_found
"OneRepublic, Sebastian Yatra",artist_not_found
"Admiral P, Nico D",artist_not_found
"Mert, Soolking",artist_not_found
"MC Kevin o Chris, Vitor Canetinha",artist_not_found
"Ritalin, Jyderne",artist_not_found
"DJ Totti, Shehab",artist_not_found
"Dzharakhov, Markul",artist_not_found
"Carin Leon, Grupo Frontera",artist_not_found
"ROLLÀN, Josylvio, Hef",artist_not_found
"Nicky Jam, J Balvin, Maluma, Ozuna",artist_not_found
"1Kilo, Knust, Baviera",artist_not_found
"Mustard, NAV, Playboi Carti, A Boogie Wit da Hoodie",artist_not_found
"UM44K, Luan Otten",artist_not_found
"Alvaro Soler, Jennifer Lopez",artist_not_found
"Hans Zimmer, Dimitri Vegas & Like Mike",artist_not_found
"Malik Montana, Mr. Polska, Abel de Jong",artist_not_found
"LADIPOE, BNXN fka Buju",artist_not_found
"Alesso, Sirena",artist_not_found
"Felix Jaehn, Mike Williams",artist_not_found
"Guzior, Oskar83",artist_not_found
"Anuel AA, Foreign Teck",artist_not_found
"Mente Fuerte, Raffie Raff",artist_not_found
"Julinho Ksd, Richie Campbell",artist_not_found
"Endy Chow, JW",artist_not_found
"Lizzo, Ariana Grande",artist_not_found
"Cartoon, nublu, gameboy tetris",artist_not_found
"RAF Camora, AriBeatz, Sofiane",artist_not_found
"Leaderbrain, Beyond",artist_not_found
"Kingfish, Mikael Gabriel, Djangomayn",artist_not_found
"Emilia, DENIS TEOFIKOV",artist_not_found
"K-ICM, RYO",artist_not_found
"Sia, Kendrick Lamar",artist_not_found
"Yiordano Ignacio, Bayron Fire",artist_not_found
"Stephanie Beatriz, Olga Merediz, Encanto - Cast",artist_not_found
"Garry Sandhu, Neha Kakkar, Mellow D",artist_not_found
"Ariana Grande, Social House",artist_not_found
"Ceky Viciny, Bulin 47, El Bloonel, Bulova, Quimico Ultra Mega, El Tonto, Puri",artist_not_found
"Anas, Nassi",artist_not_found
"Erdem Kınay, Merve Özbey",artist_not_found
"Sarettii, Dree Low",artist_not_found
"Don Miguelo, Wason Brazoban",artist_not_found
"Peking Duk, Benjamin Joseph",artist_not_found
"Konstantin, Medi",artist_not_found
"El Alfa, Noriel, Trueno",artist_not_found
"Antonio José, Cali Y El Dandee",artist_not_found
"Anuel AA, Ñengo Flow",artist_not_found
"Bokoesam, Idaly",artist_not_found
"Renne Dang, Rest",artist_not_found
"Blessd, Myke Towers, Ovy On The Drums",artist_not_found
"Boro Boro, Don Joe, MamboLosco",artist_not_found
"Lil Tecca, Juice WRLD",artist_not_found
"Tainy, Yandel, Rauw Alejandro",artist_not_found
"Sofía Reyes, Maria Becerra",artist_not_found
"DJ Khaled, Lil Baby, Lil Durk",artist_not_found
"MIKA, Chiara Galiazzo",artist_not_found
"Skepta, Nafe Smallz",artist_not_found
"Nekfeu, Sneazzy, S.Pri Noir",artist_not_found
"Maluma, French Montana",artist_not_found
"Alex Newell, Jess Glynne, DJ Cassidy, Nile Rodgers, Audien",artist_not_found
"Chris Brown, Tyga, ScHoolboy Q",artist_not_found
"Chily, Koba LaD",artist_not_found
"D-Double, Frenna, Spanker",artist_not_found
"Lola Indigo, Don Patricio",artist_not_found
"K-Clique, ALYPH",artist_not_found
"Carin Leon, Grupo Yndio",artist_not_found
"Flo Rida, Pitbull",artist_not_found
"Ozuna, Lunay, Rauw Alejandro, Lyanno",artist_not_found
"Standly, El Barto",artist_not_found
"Chyno Miranda, Wisin, Gente De Zona",artist_not_found
"Dillaz, Lhast",artist_not_found
"Matisse, Carin Leon",artist_not_found
"Tommee Profitt, Fleurie, Mellen Gi",artist_not_found
"Moncho Chavea, Yotuel, Original Elias, C de Cama, Omar Montes, Mala Rodríguez, Rvfv, Beatriz Luengo, Nyno Vargas",artist_not_found
"Drenchill, Indiiana",artist_not_found
"Bruninho & Davi, Luan Santana",artist_not_found
"Mohammed Bin Grman, Rami Bn Grman",artist_not_found
"Drago200, Ak4:20",artist_not_found
"Izi, Sfera Ebbasta",artist_not_found
"Double Zuksh, 3enba",artist_not_found
"Ana Mena, Becky G, De La Ghetto",artist_not_found
"Master Jake, Eddy Flow",artist_not_found
"Balbi El Chamako, Jairo Vera, Malito Malozo, El Maniako The Boost, Drakomafia",artist_not_found
"Sfera Ebbasta, Future",artist_not_found
"Gemitaiz, Guè",artist_not_found
"Matheus & Kauan, Marília Mendonça",artist_not_found
"Stig Brenner, Unge Ferrari",artist_not_found
"Nekfeu, Clara Luciani",artist_not_found
"Pil C, Palermo",artist_not_found
"Doja Cat, Nicki Minaj",artist_not_found
"Rack, DJ.Silence",artist_not_found
"Doctor Victor, Gummi Tóta, Ingó Veðurguð",artist_not_found
"La Factoria, Eddy Lover",artist_not_found
"Hardwell, Bizzey, Lil Kleine, Chivv",artist_not_found
"A.R. Rahman, Javed Ali",artist_not_found
"Pitbull, Christina Aguilera",artist_not_found
"SNIK, Phen",artist_not_found
"Quevedo, La Pantera",artist_not_found
"Koba LaD, Niska",artist_not_found
"Naiara Azevedo, Ivete Sangalo",artist_not_found
"Mustard, Nicki Minaj, Jeremih",artist_not_found
"Kygo, Avicii, Sandro Cavazza",artist_not_found
"Franco126, Tommaso Paradiso",artist_not_found
"BLOODY VINYL, Slait, thasup, MILES, Rosa Chemical",artist_not_found
"Pasi ja Anssi, Jaakko Laitinen",artist_not_found
"CAZZETTE, The High",artist_not_found
"David Guetta, Brooks, Loote",artist_not_found
"BLØF, Geike",artist_not_found
"Social House, Lil Yachty",artist_not_found
"Alberto, OLEK",artist_not_found
"Avine Vinny, Matheus Fernandes",artist_not_found
"Topic, Nico Santos",artist_not_found
"MC Kekel, Dani Russo, DJ RD",artist_not_found
"TIX, The Pøssy Project, Meland x Hauken",artist_not_found
"Malik Montana, OLEK, DMN",artist_not_found
"Punnany Massif, Papp Szabi",artist_not_found
"JustaTee, BigDaddy",artist_not_found
"Plan B, Chencho Corleone, Farruko, Darell, Brytiago",artist_not_found
"Huginn, Herra Hnetusmjör",artist_not_found
Cyan Kicks,artist_not_found
"K'NAAN, Adam Levine",artist_not_found
"Martin Solveig, Tkay Maidza",artist_not_found
"Дора, MAYBE BABY",artist_not_found
"Ricky Rich, ARAM Mafia, Dani M",artist_not_found
"Yasmin Santos, Wesley Safadão",artist_not_found
"R3HAB, Lukas Graham",artist_not_found
"Maciej Musiałowski, Julia Wieniawa",artist_not_found
"Above The Hood, Hawk, Spine, Long3, Pepe Frantik, Sapranov",artist_not_found
"Albatraoz, Karen",artist_not_found
"Natti Natasha, Nicky Jam, Manuel Turizo, Myke Towers, DJ Luian, Mambo Kingz",artist_not_found
"Miriam Bryant, Victor Leksell",artist_not_found
"MamboLosco, Nardi, Samurai Jay",artist_not_found
"Busta 929, Mzu M",artist_not_found
"Pyrythekid, Axel Kala, Gettomasa",artist_not_found
"Casa Worship, Julliany Souza, Léo Brandão",artist_not_found
"MC Einstein, Flow G, Jekkpot, Yuridope",artist_not_found
"Octavian, Skepta",artist_not_found
"ClubDub, Ra:tio, Aron Can",artist_not_found
"Sachet Tandon, Dhvani Bhanushali, Tanishk Bagchi",artist_not_found
"Alok, Ilkay Sencan, Tove Lo",artist_not_found
"Aitana, Nicki Nicole",artist_not_found
"Ozuna, Doja Cat, Sia",artist_not_found
"sokodomo, Zion.T, Wonstein",artist_not_found
"D33pSoul, CHAAMA",artist_not_found
"Specktors, Nonsens",artist_not_found
"Darell, Farruko",artist_not_found
"Burna Boy, Ed Sheeran",artist_not_found
"Tiago PZK, LIT killah, Seven Kayne, Rusherking, Bhavi, Tobi",artist_not_found
"D Gerrard, Kob The X Factor",artist_not_found
"#TocoParaVos, El Reja, Marka Akme",artist_not_found
"Hoda Bondok, Mohamed Chahine",artist_not_found
"The La Planta, La Kuppe, Pushi",artist_not_found
"Rvssian, Sfera Ebbasta",artist_not_found
"Highsnob, MamboLosco, Andry The Hitmaker",artist_not_found
"Arijit Singh, Sachet-Parampara",artist_not_found
"Dilsinho, Luan Santana",artist_not_found
"Cem Adrian, Mark Eliyahu",artist_not_found
"Summer Cem, Luciano",artist_not_found
"Anys, Stormy",artist_not_found
"Håkan Hellström, Otto Knows",artist_not_found
"DaBaby, Offset",artist_not_found
"Projota, ANAVITÓRIA",artist_not_found
"5MIINUST, Hendrik Sal-Saller",artist_not_found
"Baby Keem, Kendrick Lamar",artist_not_found
Boyzone,artist_not_found
"Duki, C.R.O, YSY A",artist_not_found
"Aden x Asme, Aden, Asme",artist_not_found
"Marwan Pablo, Molotof Music",artist_not_found
"Mahmood, Elisa",artist_not_found
"Shahyn, Ahmed Basyoni, L5VAV",artist_not_found
"Hassan Shakosh, Wegz",artist_not_found
"O Tubarão, Treyce",artist_not_found
"Bogdan De La Ploiesti, Zanni",artist_not_found
"Boro Boro, Geolier, Andry The Hitmaker",artist_not_found
"The Cratez, Bausa, Maxwell, Joshi Mizu",artist_not_found
Finn Askew,artist_not_found
"Adam Mišík, Dorian",artist_not_found
"Dame 5, Papichamp",artist_not_found
"Girafot, DMZL",artist_not_found
"DJ Sem, Marwa Loud",artist_not_found
"Cazzu, Maria Becerra",artist_not_found
"Kool Savas, Nessi",artist_not_found
"Thaman S, Sid Sriram",artist_not_found
"Luis Angel ""El Flaco"", Grupo Firme",artist_not_found
"Migrantes, Nico Valdi",artist_not_found
"Matheus & Kauan, Gusttavo Lima",artist_not_found
"Ajebo Hustlers, Fave",artist_not_found
"Loredana, Rymez",artist_not_found
"Capo Plaza, Morad",artist_not_found
"Baby Gang, ElGrandeToto",artist_not_found
"Cynthia Luz, Mc Davi, Gaab, Pedro Lotto, Paiva Prod",artist_not_found
"LVNDSCAPE, Cathrine Lassen",artist_not_found
"Ayşegül Aldinç, Gökhan Türkmen",artist_not_found
"TACONAFIDE, Quebonafide, Taco Hemingway, Bedoes 2115",artist_not_found
"Halldór Gunnar, Sverrir Bergmann",artist_not_found
"Young Thug, Travis Scott, Gunna",artist_not_found
"Azteca, Nane",artist_not_found
"thasup, Lazza, Sfera Ebbasta",artist_not_found
"Cakra Khan, Hael Husaini",artist_not_found
"Malique, Dayang Nurfaizah",artist_not_found
"B.o.B, Marko Penn",artist_not_found
"Lil Baba, Abyusif",artist_not_found
"Friðrik Dór, Jón Jónsson",artist_not_found
"S10, Frenna, Kevin",artist_not_found
"Abraham Mateo, 50 Cent, Austin Mahone",artist_not_found
"PlanBe, Otsochodzi",artist_not_found
"Vaidas Baumila, JUSTÉ",artist_not_found
"Benny Benassi, Chris Brown",artist_not_found
"Boef, Ashafar",artist_not_found
"Lvbel C5, Güneş",artist_not_found
"Bsw, Manuel",artist_not_found
Muroki,artist_not_found
"Bedoes 2115, Kubi Producent, GOLEC UORKIESTRA",artist_not_found
"MC Kevin o Chris, DENNIS",artist_not_found
"Matthaios, Soulthrll",artist_not_found
"Mario Hart, Leslie Shaw",artist_not_found
"Nicki Nicole, Lunay",artist_not_found
"FÄIS, Afrojack",artist_not_found
"Kizo, Wac Toja",artist_not_found
"MORGENSHTERN, SODA LUV, OG Buda, blago white, MAYOT",artist_not_found
"FLY LO, Saske",artist_not_found
"Semi Tee, Miano, Kammu Dee",artist_not_found
"Orelsan, Stromae",artist_not_found
"Rvssian, Nicky Jam, Farruko, Arcangel, Konshens",artist_not_found
"Ivory, Simon Superti, ODZ",artist_not_found
"Kolpa, Ece Seçkin",artist_not_found
"Matheus & Kauan, Jorge & Mateus",artist_not_found
"01099, Gustav, Zachi, AVO",artist_not_found
"BTS, Zara Larsson",artist_not_found
"Mau y Ricky, KAROL G",artist_not_found
"Moja Reč, Tina, Separ",artist_not_found
"187 Strassenbande, Gzuz, Bonez MC",artist_not_found
"Pineapple StormTv, Bob do Contra, MV Bill, Froid, Djonga, Azzy, Delacruz, Salve Malak",artist_not_found
"Abdeelgha4, Ily",artist_not_found
"Future, The Weeknd",artist_not_found
"Delaossa, KIDDO, J.Moods",artist_not_found
"C. Tangana, Kiko Veneno",artist_not_found
"SB Maffija, Deemz, Bedoes 2115, PlanBe",artist_not_found
"VilleGalle, SANNI",artist_not_found
"Feid, DJ Premier",artist_not_found
"TOR Saksit, Wonderframe",artist_not_found
"Elodie, Michele Bravi, Guè",artist_not_found
"Ayda Jebat, Adi Priyo",artist_not_found
"Madihu, Low G",artist_not_found
"Tony Kakkar, Neha Kakkar, Tanishk Bagchi",artist_not_found
"I HATE MONDAY, feat. AUTTA",artist_not_found
"Capital Bra, RAF Camora, Joshi Mizu",artist_not_found
"Mapei, Chance The Rapper and The Social Experiment",artist_not_found
"J Balvin, Skrillex",artist_not_found
"Vang, Cloud 5",artist_not_found
"Cheat Codes, Little Mix",artist_not_found
"187 Strassenbande, Sa4, Gzuz, Bonez MC, LX",artist_not_found
"Israel & Rodolffo, MC Matheuzinho",artist_not_found
"Koba LaD, Naps",artist_not_found
"Aldo Trujillo, Legion RG, El Padrinito Toys",artist_not_found
"GIMS, Lefa",artist_not_found
"Metejoor, Emma Heesters",artist_not_found
"Anuel AA, Treintisiete, Yailin la Mas Viral",artist_not_found
"K-ICM, Văn Mai Hương",artist_not_found
"SugLawd Familiar, CHICO CARLITO, Awich",artist_not_found
"Ofenbach, Ella Henderson",artist_not_found
"Alan Walker, K-391, Sofia Carson, CORSAK",artist_not_found
"Wahyu Selow, Coki",artist_not_found
"Nineb Youk, Jeano, Ricky Rich, Kids Of Revolution",artist_not_found
"J-AX, Fedez, T-Pain",artist_not_found
"Ege Balkiz, Burry Soprano",artist_not_found
"Carmon, Branco",artist_not_found
"Birnir, Páll Óskar",artist_not_found
"MC Cabelinho, Ajaxx, Galdino",artist_not_found
"Logic, Marshmello",artist_not_found
"6ix9ine, Nicki Minaj",artist_not_found
"Morvasu, Violette Wautier",artist_not_found
"Moja Reč, Alan Murin",artist_not_found
"Lazza, Rondodasosa",artist_not_found
"JoeyAK, Idaly, Boef",artist_not_found
"Enrique Iglesias, Romeo Santos",artist_not_found
"KC Rebell, Summer Cem, Capital Bra",artist_not_found
"Miksu / Macloud, Nimo, Jamule",artist_not_found
"AG, Beebilõust",artist_not_found
"Mente Fuerte, Baghdad",artist_not_found
"DJ Jeeh FDC, MC Menor MT, Yuri Redicopa, Mc Pelé",artist_not_found
"SRTW, Charity Children, Little Rose",artist_not_found
"Ricky Hsiao, EggPlantEgg",artist_not_found
"Au/Ra, Alan Walker, Death Stranding: Timefall",artist_not_found
"David Guetta, Showtek",artist_not_found
"Antti Tuisku, Nikke Ankara",artist_not_found
"Leon Leiden, Yung Dupe, Salma, Charly Romero, Jeis, Pao Alvarado",artist_not_found
"Mustafa Ceceli, Nigar Muharrem",artist_not_found
"DMS, Yzomandias",artist_not_found
"Márcia Fellipe, Jerry Smith",artist_not_found
"Murilo Huff, Jorge",artist_not_found
"Lazza, Sfera Ebbasta",artist_not_found
"Ninho, Faouzia",artist_not_found
"Samey, Separ",artist_not_found
"Young Leosia, Żabson",artist_not_found
"YNY Sebi, Niku X Aron",artist_not_found
"Maria Becerra, TINI, Lola Indigo",artist_not_found
"Hungria Hip Hop, MC Ryan SP",artist_not_found
"Teflon Brothers, Kalevauva.fi",artist_not_found
"Rat City, Isak Heim",artist_not_found
"Felipe Araújo, Henrique & Juliano",artist_not_found
"The Noise, Zion & Lennox",artist_not_found
"Neves17, Geolier, Lele Blade, Poison Beatz, Tom Trigger",artist_not_found
"Shashi, DJ Khushi, Nikhita Gandhi, Madhubanti",artist_not_found
"Tedua, Sfera Ebbasta",artist_not_found
"Basim, Johnson, HEDEGAARD",artist_not_found
Elefante,artist_not_found
"Khontkar, Myndless Grimes",artist_not_found
"Ufo361, Pashanim",artist_not_found
"Robbz x Brookz, Robbz, Brookz",artist_not_found
"La Adictiva, Luis R Conriquez",artist_not_found
"Daddy Yankee, Katy Perry, Snow",artist_not_found
"Jireel, K27",artist_not_found
"Ballinciaga, Roc Boyz",artist_not_found
"Tiziano Ferro, Carmen Consoli",artist_not_found
"SB Maffija, Lanek, Kinny Zimmer, Pedro, francis",artist_not_found
"Artz, Bugy, Ezhel",artist_not_found
"Ali Samara, Ahmed Ezzat",artist_not_found
"ByeAlex és a Slepp, LUCA",artist_not_found
"Gettomasa, Lauri Haav",artist_not_found
"Double Zuksh, Marwan Moussa, Eldab3",artist_not_found
"Voyage, J Fado",artist_not_found
"Thalia, Lali",artist_not_found
"Brandon Beal, Lukas Graham",artist_not_found
"Rocco Hunt, Ana Mena",artist_not_found
"Платина, Big Baby Tape",artist_not_found
"IAMSTRONG, Rack",artist_not_found
"D.A.M.A, ProfJam",artist_not_found
"Leafs, Ramiks",artist_not_found
"Sonny Alven, Emmi",artist_not_found
"Raaban, Tungevaag, Luana Kiara",artist_not_found
"Tuna, Shalom Hanoch",artist_not_found
予笙,artist_not_found
"URBOYTJ, Lazyloxy",artist_not_found
"DJ Katch, Hayla",artist_not_found
"Majk Spirit, Grimaso, Ben Cristovao",artist_not_found
"Tungevaag, Emila",artist_not_found
"La Joaqui, Alan Gomez, EL NOBA",artist_not_found
"Beteo, ReTo",artist_not_found
"Nelson Freitas, C4 Pedro",artist_not_found
"Netsky, Becky Hill",artist_not_found
"will.i.am, Miley Cyrus, French Montana, Wiz Khalifa, Mustard",artist_not_found
"Kontrafakt, Yzomandias, Separ, Nik Tendo",artist_not_found
"Deyvis Orosco, Corazon Serrano, Jota Benz",artist_not_found
"King Khalil, Lil Lano, M.O.030",artist_not_found
"El Alfa, Musicologo The Libro, Bulova, El Ken",artist_not_found
"Romeo Santos, ROSALÍA",artist_not_found
"Sandy, TIAGO IORC",artist_not_found
"F.HERO, Tilly Birds",artist_not_found
"Shaggy, Collie Buddz, Sizzla",artist_not_found
"rizza, Sqwore",artist_not_found
"Viktor Sheen, LUISA",artist_not_found
"Moses Bliss, Festizie, Chizie",artist_not_found
"Sophie Chen, Vicky Chen",artist_not_found
"Aleksanteri Hakaniemi, Aste",artist_not_found
"Armoo, Kwaaivines, Mokadrumz",artist_not_found
"Younha, RM",artist_not_found
Explosión De Iquitos,artist_not_found
"Anirudh Ravichander, Jonita Gandhi",artist_not_found
"Serge Ibaka, Ninho",artist_not_found
"MONO, Onionn",artist_not_found
"Dímelo Flow, BCA",artist_not_found
"Lukas Leon, Etta",artist_not_found
"W/N, Duongg, Nau",artist_not_found
"Kizo, Trill Pem",artist_not_found
"Rosie Yang, 余枫",artist_not_found
"Orange, Binz",artist_not_found
"MAKTUB, Leeraon",artist_not_found
"Artigeardit, Lamin",artist_not_found
"5MIINUST, villemdrillem",artist_not_found
"Ulukmanapo, Bakr",artist_not_found
"Lost Frequencies, James Blunt",artist_not_found
"Not3s, Mabel",artist_not_found
"Trueno, Taiu, TATOOL",artist_not_found
"Rudimental, Ella Eyre",artist_not_found
"Tiësto, Bright Sparks",artist_not_found
"Gucci Mane, Drake",artist_not_found
"Sido, Andreas Bourani",artist_not_found
"O.T. Genasis, Coucheron",artist_not_found
"MAYOT, OG Buda",artist_not_found
"Sigma, Birdy",artist_not_found
"Bad Bunny, Ñengo Flow",artist_not_found
"Cartoon, Daniel Levi",artist_not_found
"Ricky Rich, Dardan, DJ Gimi-O",artist_not_found
"Sonny Alven, Corey Fox-Fardell",artist_not_found
"DJ Kayz, Dr Zeus, Mister You, Sophia Akkara",artist_not_found
"YouNotUs, Louis III",artist_not_found
"Frenna, Diquenza",artist_not_found
"Bvcovia, AlbertNbn",artist_not_found
"Ivan Greko, FLY LO, Night Grind",artist_not_found
"VALMAR, Szikora Róbert",artist_not_found
"Flo Rida, Chris Brown",artist_not_found
"Thalapathy Vijay, Anirudh Ravichander",artist_not_found
"Playboi Carti, Lil Uzi Vert",artist_not_found
"Dj Dadda, Plutonio",artist_not_found
"Anne-Marie, Niall Horan",artist_not_found
"Yksi Totuus, STIG",artist_not_found
"Filipe Ret, Dallass",artist_not_found
"KKevin, T. Danny, GINOKA",artist_not_found
"Boef, Lijpe",artist_not_found
"Keko Salata, BEHM",artist_not_found
"Capital Bra, Samra, AK AUSSERKONTROLLE",artist_not_found
"AK AUSSERKONTROLLE, Bonez MC",artist_not_found
"Tajul, Afieq Shazwan",artist_not_found
"Luan Santana, Henrique & Juliano",artist_not_found
"Anuel AA, Tego Calderón",artist_not_found
"Daniil, Yung Nigo Drippin'",artist_not_found
"Juan Magán, Mozart La Para, DCS",artist_not_found
"Pil C, Ego, Majk Spirit",artist_not_found
"Joe Flizzow, Altimet, SonaOne, ALYPH",artist_not_found
"PSICOLOGI, ARIETE",artist_not_found
"La Joaqui, L-Gante",artist_not_found
"Kizo, Paris Platynov, Kaz Bałagane",artist_not_found
"Manuel Turizo, Sech",artist_not_found
"Aerozen, Tussin",artist_not_found
"Ødyssey, Amara Abonta",artist_not_found
"Skinz, Ericka Jane",artist_not_found
"Eslabon Armado, DannyLux",artist_not_found
"Skrillex, Sirah",artist_not_found
"Brisa Star, Thiago Jhonathan (TJ)",artist_not_found
"Steel Banglez, AJ Tracey, MoStack",artist_not_found
"Ruanzinho, Dany Bala",artist_not_found
"Marwa Loud, Moha K",artist_not_found
"ChildsPlay, Frsh",artist_not_found
"Bizzey, Yung Felix, Jozo, Adje, YOUNGBAEKANSIE",artist_not_found
"Taco Hemingway, Gruby Mielzky, Borucci",artist_not_found
"WAHL, SAMI",artist_not_found
"Hasan Shah, Gilli",artist_not_found
"Lil Silvio, El Vega, Ñejo",artist_not_found
"White 2115, Mata",artist_not_found
"Faizal Tahir, Dato' Sri Siti Nurhaliza",artist_not_found
"Rauw Alejandro, Myke Towers, Sky Rompiendo",artist_not_found
"Regi, Emma Heesters",artist_not_found
"Halsey, SUGA, BTS",artist_not_found
"Boef, Sevn Alias",artist_not_found
"ANNA ASTI, Philipp Kirkorov",artist_not_found
"Sech, DJ Khaled",artist_not_found
"Wisin, Ricky Martin",artist_not_found
"Alle Farben, Graham Candy",artist_not_found
"mishlawi, Gson",artist_not_found
"Paulo Londra, Feid",artist_not_found
"Herra Ylppö, Yeboyah",artist_not_found
"שם טוב האבי, Tamir Bar, Jimbo J, Michael Swissa, Shekel, Benny Esterkin, אברהם לגסה, Amit Ulman, Lukach, דורון גוברמן",artist_not_found
"Ozuna, Alexio, Pusho, Juanka",artist_not_found
"Hov1, Dree Low",artist_not_found
"Pop Pongkool, Da Endorphine",artist_not_found
"PEDRO SAMPAIO, Luísa Sonza",artist_not_found
"Regi, Pauline",artist_not_found
"R-chord, Eetu Kalavainen",artist_not_found
"Tuomas Kauhanen, Janna",artist_not_found
"Cauty, Lenny Tavárez, Jay Wheeler, Noriel, Alex Rose",artist_not_found
"Flume, Toro y Moi",artist_not_found
"Abdul Hannan, BAIG",artist_not_found
"Fuse ODG, Angel",artist_not_found
"Lazza, Sfera Ebbasta, Capo Plaza",artist_not_found
"Billy Crawford, Marcus Davis, James Reid",artist_not_found
"Mora, Lunay",artist_not_found
"Scally Milano, uglystephan",artist_not_found
"Khalid, John Mayer",artist_not_found
"Filipe Ret, L7NNON, Chris Beats Zn",artist_not_found
Rin音,artist_not_found
"F.HERO, YOUNGOHM, P-Hot, FYMME",artist_not_found
"Nicky Jam, Bad Bunny, Arcangel",artist_not_found
"Afrojack, David Guetta",artist_not_found
"Leto, PLK",artist_not_found
"Branco, Gilli, Benny Jamz",artist_not_found
"13 Organisé, L'Algérino, Alonzo, Stone Black, Le Rat Luciano, SCH, Jul, As, Veazy",artist_not_found
"Major Lazer, J Balvin, Sean Paul",artist_not_found
"Tierry, Marília Mendonça",artist_not_found
"Guzior, ReTo",artist_not_found
"Above The Hood, Hawk, Pepe Frantik, Long3, Smuggler, Sapranov, Spine",artist_not_found
"Birdy, RHODES",artist_not_found
"Morten Hampenberg, Yepha",artist_not_found
"Russ Millions, Tion Wayne",artist_not_found
"Rubi, FABE BROWN",artist_not_found
"Wonderframe, YOUNGOHM",artist_not_found
"Alan Walker, Sorana",artist_not_found
"Alex Mattson, Solamay",artist_not_found
"Emilia, Dodo, Jay Maly, Costi",artist_not_found
"Bad Bunny, ABRA",artist_not_found
"Staysman & Lazz, Staysman, Innertier",artist_not_found
"Dynoro, Ina Wroldsen",artist_not_found
"Amaal Mallik, Armaan Malik",artist_not_found
"Eden Ben Zaken, Eden Hason",artist_not_found
"Burna Boy, Popcaan",artist_not_found
"Alan Gomez, Jona Mix",artist_not_found
"Banx & Ranx, Ella Eyre, Yxng Bane",artist_not_found
"Abdullah Alshahe, Haya Ahmed",artist_not_found
"NSG, Tion Wayne",artist_not_found
"#TocoParaVos, Los Bonnitos",artist_not_found
"Kaveh, OnklP",artist_not_found
"Geko, NSG",artist_not_found
"Kafu Banton, Bad Gyal",artist_not_found
"Mikael Gabriel, Kevin Tandu",artist_not_found
"Tech N9ne, 2 Chainz, B.o.B",artist_not_found
"Summer Cem, Bausa",artist_not_found
"Cris Mj, Marcianeke",artist_not_found
"Madd, Qaayel",artist_not_found
"Hanna Ferm, LIAMOO",artist_not_found
"Fireboy DML, Ed Sheeran",artist_not_found
"VillaBanks, Vale pain, Linch, Bovychulo",artist_not_found
"Lefa, Vald",artist_not_found
"Đen, Giang Nguyễn",artist_not_found
"Dance Fruits Music, DMNDS, Fallen Roses, Lujavo, Lunis",artist_not_found
"Kygo, Zoe Wees",artist_not_found
"Uniikki, Heikki Kuula, Emma",artist_not_found
"MIST, Fredo",artist_not_found
"Moira Dela Torre, Ben&Ben",artist_not_found
"Tedi Aleksandrova, Sasho Roman, DJ Ned",artist_not_found
"Dalex, Sech, Justin Quiles",artist_not_found
"Mahalini, Nuca",artist_not_found
"Sidhu Moose Wala, Sunny Malton, SOE",artist_not_found
"Teto, WIU, Matuê",artist_not_found
"C. Tangana, Alizzz",artist_not_found
"Cairokee, Umm Kulthum",artist_not_found
"Hasan Raheem, Abdullah Kasumbi",artist_not_found
"Camila Cabello, Myke Towers, Tainy",artist_not_found
"SCH, Sadek, Lapso",artist_not_found
"Klasico, Ozuna",artist_not_found
"Feid, Nacho",artist_not_found
"Pineapple StormTv, Azzy, MC Ryan SP, Chris MC, Xamã, Lourena, L7NNON, Cynthia Luz, Mc Poze do Rodo, Salve Malak",artist_not_found
"Erdem Kınay, Ikizler",artist_not_found
Calby,artist_not_found
"P3, Tessa, Christopher, Lukas Graham, Jada, Benjamin Hav, Clara, Don Stefano, Mads Langer",artist_not_found
"Kidd Keo, Ele A El Dominio",artist_not_found
"RAP VIỆT, RPT MCK",artist_not_found
"Ufo361, Capital Bra",artist_not_found
"MC Kevin o Chris, Sodré",artist_not_found
"ClubDub, Ra:tio",artist_not_found
"Cheriimoya, Sierra Kidd",artist_not_found
"DENNIS, Mc Don Juan",artist_not_found
"Loredana, MERO",artist_not_found
"Gilli, NODE",artist_not_found
"NODE, Gilli, Branco",artist_not_found
"Erik Og Kriss, Katastrofe, moi",artist_not_found
"Luciano, Ufo361, Lil Baby",artist_not_found
"Brädi, Illi",artist_not_found
"Dzsúdló, Lil Frakk",artist_not_found
"Sid Sriram, Dhruv Vikram, Banita Sandhu",artist_not_found
"JoeyAK, Lijpe",artist_not_found
"Mau y Ricky, Maria Becerra",artist_not_found
"Flenn, Syc",artist_not_found
"Yandel, Anuel AA",artist_not_found
"Sini Sabotage, VilleGalle",artist_not_found
"Abdullah Al Mukhles, Abdullah Al Farwan",artist_not_found
"Sefo, Revart",artist_not_found
"Nando Reis, Ana Cañas",artist_not_found
"De La Ghetto, Yandel, Ñengo Flow, Daddy Yankee",artist_not_found
"KHEA, Maria Becerra",artist_not_found
"Grand Corps Malade, Kimberose",artist_not_found
"Simone & Simaria, Sebastian Yatra",artist_not_found
"Guilherme & Benuto, Israel & Rodolffo",artist_not_found
"KASIMIR1441, Chapo102, 102 Boyz",artist_not_found
"Imen Es, Alonzo",artist_not_found
"Fernando & Sorocaba, Tarcísio do Acordeon",artist_not_found
"USO, Johnson, Fuck Boy",artist_not_found
"Kevin, Idaly, Yade Lauren",artist_not_found
"Mustafa Al-Abdullah, Mahmoud Al Turky, Ali Jassim",artist_not_found
"Kendrick Lamar, Blxst, Amanda Reifer",artist_not_found
"Dimitri Vegas & Like Mike, Diplo, Deb’s Daughter",artist_not_found
"LOKE, Gaute Ormåsen",artist_not_found
"Zion, Jory Boy, Ken-Y",artist_not_found
"Blak, Jimilian, Ceci Luca, HEDEGAARD",artist_not_found
"Sak Noel, Salvi, Franklin Dam",artist_not_found
Hoobastank,artist_not_found
"Robin Zoot, Nik Tendo, Yzomandias",artist_not_found
"Carl Brave, Giorgio Poi",artist_not_found
"Bizzey, Mula B, Louis",artist_not_found
"Anirudh Ravichander, Ravi G, Shashaa Tirupati",artist_not_found
"Gülben Ergen, Oğuzhan Koç",artist_not_found
"Bossikan, RICTA, Chico Beatz",artist_not_found
"Dadju, GIMS",artist_not_found
"Anitta, Papatinho, MC Kevin o Chris, Mr. Catra, YG",artist_not_found
"Aya Nakamura, Stormzy",artist_not_found
"Irina Kairatovna, Junior",artist_not_found
"$hirak, Ronnie Flex, Yssi SB, Lil Kleine",artist_not_found
"D-Hack, PATEKO",artist_not_found
"Major Lazer, Camila Cabello, Bad Bunny, Quavo, Travis Scott",artist_not_found
"NODE, Gilli",artist_not_found
"SBMG, Nev-ielgg",artist_not_found
"Capo Plaza, Ninho",artist_not_found
"Calibre 50, Santa Fe Klan, Beto Sierra",artist_not_found
"iLLEOo, Night Grind",artist_not_found
"Emmsjé Gauti, Króli",artist_not_found
"YouNotUs, Janieck, Senex",artist_not_found
"Grupo Firme, Banda Coloso",artist_not_found
"Jamaika, Sivas",artist_not_found
"Marcara, Siimi",artist_not_found
"Jawsh 685, Jason Derulo, BTS",artist_not_found
"335d, OG Version",artist_not_found
"VIZE, Laniia",artist_not_found
"Molly Sandén, Newkid",artist_not_found
Boostee,artist_not_found
"Amit Trivedi, Amitabh Bhattacharya, Sireesha Bhagavatula",artist_not_found
"Diego & Victor Hugo, Raí Saia Rodada",artist_not_found
"Mau y Ricky, Sebastian Yatra, Mora",artist_not_found
"Summer Cem, KC Rebell",artist_not_found
"Yasin, Dree Low",artist_not_found
Justice Crew,artist_not_found
"Gentleman, Luciano, Ezhel",artist_not_found
"Three Man Down, feat. ออม TELExTELEXs",artist_not_found
"Martin Garrix, MOTi",artist_not_found
"Lily & Madeleine, Ofenbach",artist_not_found
"Lazza, Takagi & Ketra",artist_not_found
"Ozan Doğulu, Demet Akalın",artist_not_found
"Tanishk Bagchi, Zahrah S Khan, Dev Negi",artist_not_found
"Ghostface Playa, fkbambam",artist_not_found
"Gilli, KESI, Sivas",artist_not_found
"2K, Szpaku",artist_not_found
"Gabriel Diniz, Wesley Safadão",artist_not_found
"Eladio Carrion, KAROL G",artist_not_found
"Marcus & Martinus, Silentó",artist_not_found
"Burhan G, Molly Sandén",artist_not_found
"Dof Twogee, Tsaki, Gojix",artist_not_found
"Play-N-Skillz, Daddy Yankee",artist_not_found
"Capital Bra, Summer Cem, KC Rebell",artist_not_found
"Daft Punk, Pharrell Williams",artist_not_found
"Achille Lauro, Gow Tribe, Frenetik&Orang3",artist_not_found
"空音, kojikoji",artist_not_found
"Lena, Nico Santos",artist_not_found
"Sơn Tùng M-TP, Snoop Dogg",artist_not_found
"nublu, Reket",artist_not_found
"Ian, Aerozen",artist_not_found
"Amaia, Alfred García",artist_not_found
"Tion Wayne, dutchavelli, Stormzy",artist_not_found
"CORPSE, Savage Ga$p",artist_not_found
"KESI, Hennedub",artist_not_found
"NOËP, CHINCHILLA",artist_not_found
"Martin Garrix, Bono, The Edge",artist_not_found
"163ONMYNECK, BUSHIDO ZHO",artist_not_found
"Pabllo Vittar, Rico Dalasam",artist_not_found
Abe Parker,artist_not_found
"Rombai, Alvaro Apagón",artist_not_found
"Quebonafide, Solar, Wac Toja",artist_not_found
"Dosseh, Maes",artist_not_found
"Alan Walker, Sophia Somajo",artist_not_found
"Dj Guuga, Wesley Safadão, Zé Felipe",artist_not_found
"Carmon, Gilli",artist_not_found
"Martin Solveig, ALMA",artist_not_found
"Nathan Dawe, Ella Henderson",artist_not_found
"SBMG, Boef",artist_not_found
"No Limit, Orelsan, Ninho",artist_not_found
"Apollo G, Garry",artist_not_found
"Robin Schulz, Richard Judge",artist_not_found
"VALMAR, Nemazalány, Sofi",artist_not_found
"CMH, Lida",artist_not_found
"NLE Choppa, Blueface",artist_not_found
"GOLEC UORKIESTRA, Gromee, Bedoes 2115",artist_not_found
"Markul, OBLADAET",artist_not_found
"Blonde, Melissa Steel",artist_not_found
"Dino James, Kaprila",artist_not_found
"Seeb, Bastille",artist_not_found
"Aitana, Ana Guerra",artist_not_found
"Alle Farben, KIDDO",artist_not_found
"Robin Packalen, Nikke Ankara",artist_not_found
"Kato, Sigala, Hailee Steinfeld",artist_not_found
"PDL, Skusta Clee, Jnske, Bullet D, Yuridope, Flow G",artist_not_found
"Tulsi Kumar, Sachet Tandon, Mohit Chauhan, A.R. Rahman, Tanishk Bagchi",artist_not_found
"Sobel, sanah",artist_not_found
"Pepe Aguilar, Melissa Robles, Ángela Aguilar, La Marisoul",artist_not_found
"W.M.L, Vicky Chen",artist_not_found
"kZm, Tohji",artist_not_found
"AMI, Tata Vlad",artist_not_found
"El Bobe, alPeDue",artist_not_found
"Ismail Izzani, ALYPH",artist_not_found
"Baby K, Omar Montes",artist_not_found
"JSOL, Hoàng Duyên",artist_not_found
"DJ Pedro Fuentes, Mad Fuentes",artist_not_found
"Reykon, J Alvarez, Jamby El Favo, Kevin Roldan",artist_not_found
"Saad Lamjarred, Mohamed Ramadan",artist_not_found
"Sevn Alias, Jonna Fraser",artist_not_found
"Bhavi, Trueno, Halpe",artist_not_found
"JVG, Bizi",artist_not_found
"The BossHoss, Mimi & Josy",artist_not_found
"Stephane Legar, Itay Levi",artist_not_found
"Beny Jr, El Guincho",artist_not_found
"Sigala, Ella Eyre, Meghan Trainor, French Montana",artist_not_found
"Marko Glass, Arkanian",artist_not_found
"Junior H, Luis R Conriquez",artist_not_found
"Gazo, Tiakola",artist_not_found
"Diskoria, Laleilmanino, Eva Celia",artist_not_found
"Mirai, Ben Cristovao",artist_not_found
"Lali, Mau y Ricky",artist_not_found
"Sevn Alias, Kevin, Josylvio, Kempi",artist_not_found
"Sofiane, Vald, Mac Tyer, Soolking, Kalash Criminel, Sadek, Heuss L'enfoiré",artist_not_found
"Craig David, Big Narstie",artist_not_found
"Lsan L7or, Lbenj",artist_not_found
"kouz1, Tagne",artist_not_found
"王忻辰, 苏星婕",artist_not_found
"Rooz, MoTrip",artist_not_found
"MC Bruninho, Vitinho Ferrari, Dj DG, Batidão Stronda",artist_not_found
"Shaun Reynolds, Laura Pringle",artist_not_found
"Nacho, Justin Quiles",artist_not_found
"KALIM, Ufo361",artist_not_found
"RAF Camora, The Cratez",artist_not_found
"escape, Даня Милохин",artist_not_found
"One Bit, Noah Cyrus",artist_not_found
"Tussin, DaDon, Kiv-U",artist_not_found
"Amenazzy, Don Miguelo",artist_not_found
"Tiên Tiên, JustaTee",artist_not_found
"Henrique & Diego, Matheus & Kauan",artist_not_found
"Delia, The Motans",artist_not_found
"Matuê, Predella",artist_not_found
Muslim,artist_not_found
"Rels B, Don Patricio",artist_not_found
"Hawk, TRTL, Baghdad",artist_not_found
"Chris Young, Cassadee Pope",artist_not_found
"Doja Cat, Gucci Mane",artist_not_found
"La K'onga, Nahuel Pennisi",artist_not_found
"Austyn Johnson, Cameron Seely, Hugh Jackman",artist_not_found
"Pasi ja Anssi, Portion Boys",artist_not_found
"Dvicio, Reik, ChocQuibTown",artist_not_found
"Pil C, Sergei Barracuda, Matej Straka",artist_not_found
"Guru Randhawa, Neha Kakkar",artist_not_found
"Dof Twogee, RICTA",artist_not_found
"Tessa, Orgi-E",artist_not_found
"Lord Siva, Vera",artist_not_found
"Piruka, Mota JR",artist_not_found
"Afro Bros, Finest Sno",artist_not_found
"Paola Jara, Jessi Uribe",artist_not_found
Yago Roche,artist_not_found
"Shlomo Artzi, Omer Adam",artist_not_found
"will.i.am, Cody Wise",artist_not_found
"Juanes, Christian Nodal",artist_not_found
"Regi, Jake Reese",artist_not_found
"Itay Levi, Stephane Legar",artist_not_found
"GIMS, Sting",artist_not_found
"Anitta, MC Cabelinho",artist_not_found
"Omar Montes, Bad Gyal",artist_not_found
"Becky Hill, David Guetta",artist_not_found
"Mawi, Syamsul Yusof",artist_not_found
"Kabe, Opiat",artist_not_found
"Elai Botner, Guy Mazig",artist_not_found
"L'morphine, Raid",artist_not_found
"Stormy, Inkonnu",artist_not_found
"League of Legends, Against The Current",artist_not_found
"Rina, Sin Boy",artist_not_found
"Torino, Pashata, Alisia",artist_not_found
"104, MiyaGi, Skryptonite",artist_not_found
"Niello, Lisa Ajax",artist_not_found
"Justin Quiles, Yandel, Gadiel",artist_not_found
"ZetHa, Żabson, Olszakumpel",artist_not_found
"Emrah Karaduman, Aleyna Tilki",artist_not_found
"Tuuli, Mikael Gabriel",artist_not_found
"7l2olo, Mody Amin, Ali Adora",artist_not_found
"MYA, Pedro Capó",artist_not_found
"DJ Wich, Strapo, Ektor, Hrdlorez Boris",artist_not_found
"Jasmine Sandlas, Garry Sandhu",artist_not_found
"Enrique Iglesias, Farruko",artist_not_found
"Denny Caknan, Guyon Waton",artist_not_found
"Anelia, Jivko Mix",artist_not_found
"Chivv, Diquenza",artist_not_found
"YOUNGOHM, SONOFO",artist_not_found
"Nathan Dawe, Jaykae, Malika",artist_not_found
"Hugo & Guilherme, Jorge & Mateus",artist_not_found
Yung SpaceGhost,artist_not_found
"Ardian Bujupi, Fero47",artist_not_found
"Bruno Martini, Isadora",artist_not_found
"Metro Boomin, Gunna",artist_not_found
"Capo Plaza, AVA, Mojobeatz",artist_not_found
"Yo Yo Honey Singh, Ashok Mastie, Jyotica Tangri",artist_not_found
"Hael Husaini, Dayang Nurfaizah",artist_not_found
"JVG, Vesala",artist_not_found
"Harith Zazman, MFMF., LOCA B",artist_not_found
"Ghali, Soolking",artist_not_found
"Chris Holsten, Frida Ånnevik",artist_not_found
"Felix Cartal, Lights",artist_not_found
"Ninho, Niro",artist_not_found
"Kevin, Yade Lauren",artist_not_found
"Duki, DICC",artist_not_found
"Tanishk Bagchi, Guru Randhawa, Zahrah S Khan",artist_not_found
"will.i.am, Pia Mia",artist_not_found
"FYRE, Gocata Kangal",artist_not_found
"Kat Dahlia, Gocho",artist_not_found
"Rack, Immune, Strat, BeTaf Beats",artist_not_found
"nublu, gameboy tetris, Raul Ojamaa",artist_not_found
"Season Five, Stamp, Fong Beer",artist_not_found
"Yaga & Mackie, Arcangel, De La Ghetto",artist_not_found
"Dimitri Vegas & Like Mike, Afro Bros, Sebastian Yatra, Camilo, Emilia",artist_not_found
"3enba, Lil baba",artist_not_found
"Yungen, Yxng Bane",artist_not_found
"Ricus Nel, Snotkop",artist_not_found
"Billkin, JAYLERR",artist_not_found
"MC Zaquin, Dj Wesley Gonzaga",artist_not_found
"Yung Nigo Drippin', Bjarki Gucci",artist_not_found
"Einár, Dree Low",artist_not_found
"Suvi Teräsniska, Mikael Gabriel",artist_not_found
"Ninho, Dadju",artist_not_found
"Xand Avião, Gusttavo Lima",artist_not_found
"Beret, Morat",artist_not_found
"Saad Lamjarred, Calema",artist_not_found
"VillaBanks, Linch, Reizon, Capo Plaza",artist_not_found
"SB Maffija, GOMBAO 33, Pedro, francis",artist_not_found
"Gaab, MC Hariel",artist_not_found
"Josylvio, Mula B, Yung Felix",artist_not_found
"Sido, Monchi",artist_not_found
"LUDMILLA, DJ Will22",artist_not_found
"Benjamin Beats, Lothepus, Pilgaard",artist_not_found
"Gleb, Samey",artist_not_found
"Basta, Andro",artist_not_found
"Priya Saraiya, Sachin-Jigar",artist_not_found
Favé,artist_not_found
"Fouli, NODE",artist_not_found
"Jessica Shy, Rokas",artist_not_found
"DJ Oku Luukkainen, HesaÄijä, Erika Vikman, Danny",artist_not_found
"Carola, Zara Larsson",artist_not_found
The Calling,artist_not_found
"Sa4, 187 Strassenbande",artist_not_found
"RIN, Bausa",artist_not_found
"Zuna, Loredana, SRNO",artist_not_found
"VALMAR, Bruno X Spacc, Manuel",artist_not_found
"SLAVA MARLOW, MORGENSHTERN",artist_not_found
"AJ, Deno, EO",artist_not_found
"Tajul, Wany Hasrita",artist_not_found
"Lanek, Żabson, Smolasty, Kizo",artist_not_found
"Shawn Hook, Vanessa Hudgens",artist_not_found
"Paul Woolford, Diplo, Kareen Lomax",artist_not_found
"Jay Sean, Sean Paul",artist_not_found
Jérémie Makiese,artist_not_found
"Jebroer, Outsiders",artist_not_found
"NAV, Meek Mill",artist_not_found
"F.HERO, THE TOYS",artist_not_found
"Kabza De Small, DJ Maphorisa, Ami Faku",artist_not_found
"Israel Novaes, Wesley Safadão",artist_not_found
"J Balvin, ROSALÍA",artist_not_found
"Netsky, Hybrid Minds",artist_not_found
"David Guetta, Becky Hill, Ella Henderson",artist_not_found
"MC Joãozinho VT, MC Ryan SP, DJ 900, Mc Don Juan, Mc Pedrinho, Mc Kelvinho, DJ BOY",artist_not_found
"Natos y Waor, Recycled J",artist_not_found
"C.R.O, Duki",artist_not_found
"Zé Felipe, Marcynho Sensação",artist_not_found
"LH, Robi Guid, Anyuri, Yemil",artist_not_found
"Rochy RD, Onguito Wa",artist_not_found
"Dappy, Ay Em",artist_not_found
"Rkomi, Izi",artist_not_found
"Wisin & Yandel, Ozuna",artist_not_found
"Vilma Alina, Nelli Matula, SINI YASEMIN, Ida Paul",artist_not_found
"Matías Valdez, Gonzalo Castillo",artist_not_found
"Sergi, KID FLEX",artist_not_found
"Taylor Swift, Seeb",artist_not_found
"Beginner, Gzuz, Gentleman",artist_not_found
"Koba LaD, Gazo",artist_not_found
"GAYAZOV$ BROTHER$, Filatov & Karas",artist_not_found
"Arash Buana, raissa anggiani",artist_not_found
"Emrah Karaduman, Derya Uluğ",artist_not_found
"El Alfa, Chael Produciendo, Yomel El Meloso, Capitan Aloo, El Fother, Haraca Kiko, Kiko el Crazy, Tivi Gunz",artist_not_found
"Xamã, Bagua Records, Neo Beats, Matuê",artist_not_found
"Pavell & Venci Venc', Kristian Kostov",artist_not_found
"Jake La Furia, Alessio La Profunda Melodia",artist_not_found
"Afrojack, Spree Wilson",artist_not_found
"PRO8L3M, Andrzej Zaucha",artist_not_found
"Bresh, SHUNE",artist_not_found
"Petter, Vargas & Lagola",artist_not_found
"Musa Keys, Loui",artist_not_found
"Masew, Đạt G, B Ray",artist_not_found
"Kizo, Malik Montana",artist_not_found
"Felipe Araújo, Ferrugem",artist_not_found
"Mfr Souls, Major League Djz, Kamo Mphela, Bontle Smith",artist_not_found
"Reekado Banks, Fireboy DML",artist_not_found
"Kontra K, Samra",artist_not_found
"GIMS, Sia",artist_not_found
"Summer Cem, Capital Bra",artist_not_found
"Pablo Chill-E, Chuchu Retro",artist_not_found
"Cano, Los del Control",artist_not_found
"Shouse, David Guetta",artist_not_found
"Felipe Original, MC Kevin o Chris, Sodré, JS o Mão de Ouro",artist_not_found
"Leo Ku, MC 張天賦",artist_not_found
"Kenshi Yonezu, Yojiro Noda",artist_not_found
"uniqe, nkeeei, ARTEM SHILOVETS, SAGARA",artist_not_found
"Henkie T, Jonna Fraser",artist_not_found
Veysel Mutlu,artist_not_found
"Mc Poze do Rodo, Dj Gabriel do Borel",artist_not_found
"Hoàng Dũng, GDucky",artist_not_found
"Enrique Iglesias, Sean Paul, Matt Terry",artist_not_found
"Gemitaiz, MadMan, thasup",artist_not_found
"Dinos, Damso",artist_not_found
"Chamaco, Danny Yash",artist_not_found
"Saske, Hawk, Grandbois",artist_not_found
"Trap Capos, Noriel, Bad Bunny, Arcangel",artist_not_found
"SZA, Phoebe Bridgers",artist_not_found
"B-Brave, Sevn Alias",artist_not_found
"Luan Santana, Mc Don Juan",artist_not_found
"Kchiporros, Emiliano Brancciari",artist_not_found
"Dadju, Franglish",artist_not_found
"Dappy, Light",artist_not_found
"Ronnie Flex, Famke Louise",artist_not_found
"Tuna Kiremitçi, Sena Şener",artist_not_found
"Dj Obza, Leon Lee",artist_not_found
"Kool Savas, Alies",artist_not_found
"Simone & Simaria, LUDMILLA",artist_not_found
"Coldplay, Rihanna",artist_not_found
"The Motans, EMAA",artist_not_found
"Slogan, Evan Spikes, MR.CHI",artist_not_found
"Enrique Iglesias, Marco Antonio Solís",artist_not_found
Terence Siufay,artist_not_found
"Grupo Firme, Grupo Recluta",artist_not_found
"Ariana Grande, Mac Miller",artist_not_found
"Afsana Khan, Harrdy Sandhu, Sargun Mehta",artist_not_found
"Bru-C, Simula",artist_not_found
"Ken-Y, Nicky Jam, Zion, Arcangel",artist_not_found
"Matthaios, Dudut",artist_not_found
"Fedez, Tananai, Mara Sattei",artist_not_found
"Sebastian Yatra, Alvaro Diaz",artist_not_found
"Cheff Records, KIDD, TopGunn, Klumben, ELOQ",artist_not_found
"Duki, Ak4:20, Juhn, Juanka",artist_not_found
"Tata Janeeta, Maia Estianty",artist_not_found
"Dino d'Santiago, Julinho Ksd",artist_not_found
"Greeicy, Anitta",artist_not_found
"Đen, Linh Cáo",artist_not_found
"Kris Winther, SuperJonny, Rapposaurus Rex, LamboLaz",artist_not_found
"sangiovanni, Madame",artist_not_found
"Nebezao, RAFAL",artist_not_found
"Fedez, Tedua",artist_not_found
Geva Alon,artist_not_found
"Leon Somov, Justinas Jarutis",artist_not_found
"DR. KUCHO!, Gregor Salto, Ane Brun",artist_not_found
"Tanishk Bagchi, Zahrah S Khan",artist_not_found
"Sơn Tùng M-TP, Onionn",artist_not_found
"Lenny Tavárez, Farruko",artist_not_found
"Neha Kakkar, Tanishk Bagchi, Lalit Sen",artist_not_found
"Gustavo Mioto, Anitta",artist_not_found
"Mc Pikachu, MC Fioti",artist_not_found
"Rudimental, Major Lazer, Anne-Marie, Mr Eazi",artist_not_found
"Ektor, Yzomandias",artist_not_found
"Benny Jamz, Gilli, KESI, B.O.C",artist_not_found
"Namewee, Kimberley Chen",artist_not_found
"LEX, Ortiz",artist_not_found
"Wesley Safadão, Anitta",artist_not_found
"Justin Bieber, Big Sean",artist_not_found
"Amir Dadon, Shuli Rand",artist_not_found
"Furytto, OG Version, Chainsaw Luke",artist_not_found
"Melendi, Carlos Vives",artist_not_found
"Tanishk Bagchi, Pav Dharia, Nikhita Gandhi",artist_not_found
"DJ Tao, EL NOBA, DT.Bilardo",artist_not_found
"VIZE, Felix Jaehn",artist_not_found
"Jemme, The Second Level, Minus Manus",artist_not_found
"DJ Dollynho Da Lapa, OIK",artist_not_found
"Filipek, Tymek, D3W",artist_not_found
"Pineapple StormTv, MC Cabelinho, Orochi, JayA Luuck, Pk, Black, Delacruz, BK, LUDMILLA, Salve Malak",artist_not_found
"Stephy Tang, Alex Fong",artist_not_found
"KDA, Tinashe",artist_not_found
"Lumi Athena, jnhygs",artist_not_found
"Lidia Buble, Jay Maly, Costi",artist_not_found
"Emmsjé Gauti, Floni",artist_not_found
"Maverick Sabre, Jorja Smith, Vintage Culture, Slow Motion",artist_not_found
"Ollie, SONNY",artist_not_found
"Luan Santana, Ivete Sangalo",artist_not_found
"KAROL G, Ozuna",artist_not_found
"阿涵, Ayo97",artist_not_found
"Bitamina, Dawid Podsiadło",artist_not_found
"Polimá Westcoast, Pablo Chill-E, Harry Nach, Galee Galee, ITHAN NY",artist_not_found
"Jonna Fraser, Frenna",artist_not_found
"Moose, iLLEOo, Kareem Kalokoh",artist_not_found
"V $ X V PRiNCE, Taspay",artist_not_found
"Broederliefde, Kalibwoy, SBMG",artist_not_found
"حلقولو, الدوجرى",artist_not_found
"Unge Ferrari, Ylva",artist_not_found
"Romy, Tanishk Bagchi, Yo Yo Honey Singh",artist_not_found
"Dhibu Ninan Thomas, Kapil Kapilan",artist_not_found
"Ceaese, Utopiko, Polimá Westcoast, Young Cister, Akapellah, Stailok",artist_not_found
"Janne Ordén, Neea",artist_not_found
"Poo Bear, Anitta",artist_not_found
"Farruko, Sech, Myke Towers, Jay Wheeler, Tempo",artist_not_found
"Ray Dalton, Alvaro Soler",artist_not_found
"Idina Menzel, AURORA",artist_not_found
"VG+, Seksikäs-Suklaa",artist_not_found
"Cledos, Mikael Gabriel",artist_not_found
"Dark Polo Gang, Lazza, Salmo",artist_not_found
"Burhan G, KIDD, Tobias Rahim",artist_not_found
"Sverrir Bergmann, Friðrik Dór, Albatross",artist_not_found
"Bigflo & Oli, Julien Doré",artist_not_found
"El Alfa, Farruko, Myke Towers",artist_not_found
"Flow La Movie, Nio Garcia, Casper Magico",artist_not_found
"Lino Golden, Aspy",artist_not_found
"LEA, Cyril aka Aaron Hilmer",artist_not_found
"S.Boi, Costex, Offbby",artist_not_found
"TopGunn, Benjamin Hav",artist_not_found
"Vishal-Shekhar, Arijit Singh, Sukriti Kakar, Vishal Dadlani, Shekhar Ravjiani, Kumaar",artist_not_found
"Costi, Sexmane",artist_not_found
"DENIS TEOFIKOV, Malkata",artist_not_found
"Ram Miriyala, Radhan",artist_not_found
"Sam Fischer, Demi Lovato",artist_not_found
"Fedez, Achille Lauro, Orietta Berti",artist_not_found
"Giorgos Sabanis, Panos Katsimichas",artist_not_found
"K/DA, (G)I-DLE, Wolftyla, Bea Miller, League of Legends",artist_not_found
"Daddy Yankee, El Alfa, Lil Jon",artist_not_found
"Lost Frequencies, Axel Ehnström",artist_not_found
"Naiara Azevedo, Maiara & Maraisa",artist_not_found
"Dree Low, Z.E",artist_not_found
"Jasmin Moallem, Tuna",artist_not_found
"Jamule, Capital Bra",artist_not_found
"Simone & Simaria, Jorge & Mateus",artist_not_found
"Orangestar, 夏背, ルワン",artist_not_found
"Kizo, BeMelo, MASNY BEN",artist_not_found
"SPRITE, GUYGEEGEE",artist_not_found
"Kany García, Camilo",artist_not_found
"Rhymastic, Binz, SOOBIN, Touliver",artist_not_found
"Post Malone, G-Eazy, YG",artist_not_found
"Diego & Victor Hugo, Zé Neto & Cristiano",artist_not_found
"Timmy Trumpet, Dimatik",artist_not_found
"Bilal Wahib, Ronnie Flex",artist_not_found
"Sak Noel, Salvi, Sean Paul",artist_not_found
"Achille Lauro, Gow Tribe",artist_not_found
"Rombai, Marama",artist_not_found
"Cartoon, Kristel Aaslaid",artist_not_found
"Bryan Mg, Boef, Henkie T",artist_not_found
"DA Uzi, Gazo",artist_not_found
"KALUSH, Сальто Назад, Skofka",artist_not_found
"Quevedo, Omar Montes",artist_not_found
"Halott Pénz, Dzsúdló",artist_not_found
"Lil Wayne, Drake, Future",artist_not_found
"Epik High, Colde",artist_not_found
"DVBBS, Shaun Frank, Delaney Jane",artist_not_found
"Diplo, Jonas Brothers",artist_not_found
"Stebin Ben, Nilesh Ahuja, Kumaar",artist_not_found
"Feride Hilal Akın, İlyas Yalçıntaş",artist_not_found
"Callalily, Yeng Constantino",artist_not_found
"Mr. Polska, Teske",artist_not_found
"Galin, Adam, Danna",artist_not_found
"Tegi Pannu, Manni Sandhu",artist_not_found
"Grover Washington, Jr., Bill Withers",artist_not_found
"DJ CIRILO DE CAXIAS, Kaeny Mc",artist_not_found
"YNW Melly, 9lokknine",artist_not_found
"Doli & Penn, Dikla, Idan Rafael Haviv, Mark Eliyahu",artist_not_found
"Bispo, Ivandro",artist_not_found
"Zedd, Kehlani",artist_not_found
"Ariana Grande, Miley Cyrus, Lana Del Rey",artist_not_found
"Santaferia, Illapu",artist_not_found
"Hansie, Latifah, Josylvio",artist_not_found
"El Jordan 23, Standly",artist_not_found
"Sadek, Ninho",artist_not_found
"Abo El Anwar, Abyusif, Desso",artist_not_found
"Karpe, Jonas Benyoub, Emilie Nicolas, Omar Sheriff, Harpreet Bansal",artist_not_found
"Shahyn, Samer",artist_not_found
"KAROL G, Maldy",artist_not_found
"AK AUSSERKONTROLLE, Pashanim",artist_not_found
"Capital Bra, Montez",artist_not_found
"Finem, Light",artist_not_found
"Karan Aujla, KR$NA, Mehar Vaani",artist_not_found
"The Weeknd, Future",artist_not_found
"Brødrene Bausa, Norwegian House Mafia",artist_not_found
"R3HAB, Quintino",artist_not_found
"Yaro, Ninho, PLK",artist_not_found
"Gilli, Branco",artist_not_found
"Wesley Safadão, Zé Neto & Cristiano",artist_not_found
"Lenny Tavárez, Zion & Lennox",artist_not_found
"El Alfa, Chael Produciendo, CJ, El Cherry Scom",artist_not_found
"Standly, Polimá Westcoast",artist_not_found
"Synapson, Anna Kova",artist_not_found
"Haikaiss, Neo Beats, Jonas Bento",artist_not_found
"Sfera Ebbasta, Diplo",artist_not_found
"Greeicy, Alejandro Sanz",artist_not_found
"Wanitwa Mos, Master KG, Lowsheen, Nkosazana Daughter",artist_not_found
"Hamza, SCH",artist_not_found
"C. Tangana, Ed Maverick",artist_not_found
"Dipha Barus, Nadin Amizah",artist_not_found
"Białas, Mata, Lanek",artist_not_found
"Nick Jonas, Robin Schulz",artist_not_found
"Miriam Bryant, NEIKED",artist_not_found
"Guè, Capo Plaza",artist_not_found
"Vio, Ezhel",artist_not_found
"Zubi, anatu",artist_not_found
"Gusty dj, ECKO",artist_not_found
"Vitão, Luccas Carlos",artist_not_found
"Dhvani Bhanushali, Jubin Nautiyal, Lijo George-Dj Chetas",artist_not_found
"DJ Damyan, Azis",artist_not_found
"LILDRUGHILL, ROCKET",artist_not_found
"Guru Randhawa, Tulsi Kumar",artist_not_found
"Kurtuluş Kuş, Burak Bulut",artist_not_found
"Anitta, MC Kevinho",artist_not_found
"Sido, Samra, Kool Savas",artist_not_found
"Dark Polo Gang, Peachwalnut",artist_not_found
"Enrique Iglesias, Mickael Carreira, Descemer Bueno, Gente De Zona",artist_not_found
"$hirak, Bizzey, Dopebwoy, Bokoesam",artist_not_found
"cakal, Batuflex",artist_not_found
"Orelsan, Gringe",artist_not_found
"Medy, Timongothekeys",artist_not_found
"Latifah, Henkie T, NAVI",artist_not_found
"Gazo, Damso",artist_not_found
"Arsy Widianto, Tiara Andini",artist_not_found
"Hande Yener, Serdar Ortaç",artist_not_found
"DrefGold, Daves The Kid",artist_not_found
"Ypo, Sophia, Lil Koni, Slogan, iLLEOo",artist_not_found
"Nicki Minaj, Anuel AA, Bantu",artist_not_found
"CNCO, Natti Natasha",artist_not_found
"Metro Boomin, Travis Scott, 21 Savage",artist_not_found
"Seeb, R. City",artist_not_found
"VARINZ, Z TRIP, Ponchet, Nonny9, Kanom",artist_not_found
"Tarcísio do Acordeon, Vitor Fernandes",artist_not_found
"Internet Money, Gunna, Don Toliver, Lil Uzi Vert",artist_not_found
"KAROL G, Bad Bunny, Quavo",artist_not_found
"Reket, Liis Lemsalu, Avoid Dave",artist_not_found
"Pineapple StormTv, Filipe Ret, Teto, Luiz Lins, Salve Malak, Borges, Budah, BIN, Marina Sena, Caio Luccas",artist_not_found
"Lary Over, Farruko",artist_not_found
"Baco Exu do Blues, 1LUM3",artist_not_found
"Ego, Sima, Ben Cristovao",artist_not_found
"Guè, Marracash",artist_not_found
"Fakear, Rae Morris",artist_not_found
"Mad Clip, Ypo",artist_not_found
"Boro Purvi, Mom4eto",artist_not_found
"Kabza De Small, Focalistic, Madumane, Bongza",artist_not_found
"100 Blaze, Koba LaD",artist_not_found
"Chimbala, Juan Magán, Omar Montes, PV Aparataje",artist_not_found
"Janieck, Sam Feldt",artist_not_found
"MYA, Emilia",artist_not_found
"Israel & Rodolffo, Wesley Safadão",artist_not_found
"EL NOBA, Callejero Fino, Juanka, L-Gante, Kaleb Di Masi, DT.Bilardo, DINERO EN EL BEAT",artist_not_found
"Akim, Chamaco, Boza",artist_not_found
"Stamp, Violette Wautier",artist_not_found
"Alex Rose, Myke Towers",artist_not_found
"Lil Wayne, Charlie Puth",artist_not_found
"MACE, BLANCO, Salmo",artist_not_found
"Juno, JO",artist_not_found
"Skryptonite, Индаблэк, qurt, Rodionis",artist_not_found
"Getsunova, YOUNGOHM",artist_not_found
"Beny Jr, Morad, K y B",artist_not_found
"Feby Putri, Fiersa Besari",artist_not_found
"Kronkel Dom, Bibič",artist_not_found
"El Alfa, Cardi B",artist_not_found
"Agam Buhbut, שחר סאול",artist_not_found
"Tagne, Draganov",artist_not_found
"W/N, Duongg, Nau, titie",artist_not_found
"A Boogie Wit da Hoodie, Tyga, Offset",artist_not_found
"Damso, Angèle",artist_not_found
"Lexa, MC Lan",artist_not_found
"Gasellit, Onni Boi",artist_not_found
"Bedoes 2115, Kubi Producent, Rafonix",artist_not_found
"Vayu, Aastha Gill, AKASA, Puri",artist_not_found
"XO Cupid, Maya Avedis",artist_not_found
"Darshan Raval, Asees Kaur",artist_not_found
"Crazy Design, Kiko el Crazy",artist_not_found
"B Praak, Harrdy Sandhu, Swasti Mehul",artist_not_found
"Juhn, Jay Wheeler",artist_not_found
"Einár, K27",artist_not_found
"Boef, JoeyAK, Sevn Alias, Young Ellens",artist_not_found
"benny blanco, BTS, Snoop Dogg",artist_not_found
"Mozart La Para, Justin Quiles, Farruko, Jowell & Randy",artist_not_found
"Young Ellens, 3robi, Esko",artist_not_found
"Kalash Criminel, Kaaris",artist_not_found
"Snakehips, ZAYN",artist_not_found
"Lil Nas X, Cardi B",artist_not_found
"Polimá Westcoast, Feid, Pailita, Paloma Mami, De La Ghetto",artist_not_found
"Zedd, Liam Payne",artist_not_found
"MC JottaPê, MC M10, DJ RD",artist_not_found
"BLOODY VINYL, Slait, MILES, Lazza, Madame, Massimo Pericolo",artist_not_found
"Prem Dhillon, Sidhu Moose Wala",artist_not_found
"Mas Musiq, Aymos, Young Stunna",artist_not_found
"Vintage Culture, Adam K",artist_not_found
"Sunidhi Chauhan, Divya Kumar, Amit Trivedi",artist_not_found
"Lost Frequencies, Netsky",artist_not_found
"Kideko, George Kwali, Nadia Rose, Sweetie Irie",artist_not_found
"Gareth.T, Jessica Chan",artist_not_found
"HIEUTHUHAI, Harmonie",artist_not_found
"Bula, SVNV",artist_not_found
"TINI, Manuel Turizo",artist_not_found
"Adi L Hasla, Pihlaja",artist_not_found
"Tiên Tiên, Touliver",artist_not_found
"Alok, Selva",artist_not_found
"Anıl Piyancı, Perdenin Ardındakiler",artist_not_found
"372kaspar, Beebilõust, nublu",artist_not_found
"Melek Mosso, ARAS İdol",artist_not_found
"Paky, Shiva",artist_not_found
"Fuerza Regida, Peso Pluma",artist_not_found
"Charli XCX, Lil Yachty",artist_not_found
"MD Chefe, Offlei Sounds",artist_not_found
"Trannos, ATC Taff",artist_not_found
"nublu, gameboy tetris, Buck Fuddi",artist_not_found
"Renja, Slow T, Sugar Cane, Lil Wuyn, Kain",artist_not_found
"Pitbull, Jennifer Lopez, Claudia Leitte",artist_not_found
"El Alfa, Bulova, La Manta",artist_not_found
"Changg, Minh Huy",artist_not_found
"Nik Tendo, AstralKid22",artist_not_found
"Ski Mask The Slump God, Juice WRLD",artist_not_found
"TINI, L-Gante",artist_not_found
"Kygo, Kim Petras",artist_not_found
"Luis Eduardo Acústico, Yilmar Dresan, Brayan Dj",artist_not_found
"Gülşen, EDIS",artist_not_found
"Bedo, Patron",artist_not_found
"Kygo, James Gillespie",artist_not_found
"Wang, Dani Gambino, Kazal",artist_not_found
"Abhijeet Srivastava, Vishal-Shekhar",artist_not_found
"CRISPIE, ILIRA",artist_not_found
"Tagne, kouz1",artist_not_found
"Isac Elliot, Tyga",artist_not_found
"Khalid, Empress Of",artist_not_found
"LouiVos, Webb",artist_not_found
"DJ Khaled, Nicki Minaj, Chris Brown, August Alsina, Jeremih, Future, Rick Ross",artist_not_found
"070 Shake, Ralphy River, Hack & Tree",artist_not_found
"The Vamps, Demi Lovato",artist_not_found
"DJ Stephan, Mad Clip, Tyga",artist_not_found
"Shoffy, Lincoln Jesser",artist_not_found
"Mr JazziQ, Kay Invictus, M.J, Mellow & Sleazy",artist_not_found
"Juice WRLD, Young Thug",artist_not_found
"DENNIS, Cantini",artist_not_found
"Tobtok, River",artist_not_found
"GLOWINTHEDARK, SFB, Philly Moré",artist_not_found
"We Are I.V, Mista E",artist_not_found
"Amenazzy, Shadow Blow",artist_not_found
"Hawk, Baghdad",artist_not_found
"Taha G, Maanu",artist_not_found
"Coldplay, Selena Gomez",artist_not_found
"Lunay, Beéle",artist_not_found
"Senkise, Hiro",artist_not_found
"Sima, Ben Cristovao",artist_not_found
"Farruko, Victor Cardenas, Dj Adoni",artist_not_found
"Meet Bros., Jubin Nautiyal, Dhvani Bhanushali",artist_not_found
"Menor Menor, Lary Over",artist_not_found
"Tulsi Kumar, Darshan Raval",artist_not_found
"Nova ""La Amenaza"", Ken-Y",artist_not_found
"nublu, gameboy tetris",artist_not_found
"MINUR, Simba La Rue",artist_not_found
"Bizarrap, ZARAMAY",artist_not_found
"Mente Fuerte, Hawk",artist_not_found
"Ufo361, Sonus030",artist_not_found
"Burna Boy, J Balvin",artist_not_found
"Greeicy, Juanes",artist_not_found
"Trad.Attack!, Vaiko Eplik",artist_not_found
"TINI, Greeicy",artist_not_found
"OG Eastbull, Nane, Tovaritch, Mago del Blocco, Dogslife, Master Code",artist_not_found
"Guè, Frah Quintale",artist_not_found
"Galena, Fiki",artist_not_found
"Tony Effe, Geolier",artist_not_found
"Sick Luke, ARIETE, Mecna",artist_not_found
"Lotfi Begi, Burai",artist_not_found
"Hugo & Guilherme, Marília Mendonça",artist_not_found
"Sobel, PSR",artist_not_found
"Dadju, KALY, Soolking, Aymane Serhani",artist_not_found
"Ravid Plotnik, Jimbo J",artist_not_found
"Pailita, Marcianeke",artist_not_found
"Prince Kaybee, Msaki",artist_not_found
"Essam Sasa, Hamo Bika",artist_not_found
"Dilsinho, Sorriso Maroto",artist_not_found
"Yomel El Meloso, Kiko el Crazy, Treintisiete",artist_not_found
"Billy Hlapeto, D3MO",artist_not_found
"Jul, Ghetto Phénomène",artist_not_found
"Melisses, DJ Kas",artist_not_found
"Anirudh Ravichander, Adithya RK",artist_not_found
"Marracash, Federica Abbate",artist_not_found
"N.E.R.D, Rihanna, Drake",artist_not_found
"Romeo Santos, Santana",artist_not_found
"Ege Zulu, Gettomasa",artist_not_found
"The Game, 50 Cent",artist_not_found
"Gasellit, Kasmir",artist_not_found
"Đen, JustaTee",artist_not_found
"Stefan Valdobrev, Обичайните заподозрени",artist_not_found
"Emilia, Florin Salam, Costi",artist_not_found
"שם טוב האבי, Tamir Bar, Jimbo J",artist_not_found
"Kodak Black, PnB Rock",artist_not_found
"Faizal Tahir, SonaOne, Joe Flizzow, Altimet",artist_not_found
"Little Mix, Machine Gun Kelly",artist_not_found
"AP Dhillon, Intense",artist_not_found
"Dedublüman, Çağrı Çelik",artist_not_found
"Little Mix, Saweetie",artist_not_found
"Diego & Victor Hugo, Bruno & Marrone",artist_not_found
"Arttu Wiskari, Leavings-Orkesteri",artist_not_found
"Romeo Santos, Joe Veras",artist_not_found
"Fy, Mad Clip, Thug Slime",artist_not_found
"SLAVA MARLOW, The Limba, Eldzhey",artist_not_found
"Murilo Huff, Henrique & Juliano",artist_not_found
"Maluma, Alexis y Fido",artist_not_found
"Mc Don Juan, Maiara & Maraisa",artist_not_found
"Reik, Maria Becerra",artist_not_found
"ClubDub, Ra:tio, Salsakommúnan",artist_not_found
"TOQUEL, Rack, ObieDaz",artist_not_found
"Wesley Safadão, Matheus & Kauan",artist_not_found
"Rvfv, Pablo Mas",artist_not_found
"Frenna, Priceless, Jandro",artist_not_found
"Mike Perry, Willemijn May",artist_not_found
"Wegz, PUBG MOBILE",artist_not_found
"Lucas & Steve, Haris",artist_not_found
"Rene Rendy, Cico Band, Stylo",artist_not_found
"Gera MX, Rels B",artist_not_found
"PSICOLOGI, thasup",artist_not_found
"Smack, White Russian, Nik Tendo, Karlo",artist_not_found
"Logi Pedro, Birnir",artist_not_found
"TOQUEL, Beyond",artist_not_found
"Kukon, @atutowy",artist_not_found
"Labrinth, Zendaya",artist_not_found
"Mika Singh, Payal Dev, Neha Kakkar, Badshah",artist_not_found
"Irina Rimes, Cris Cab",artist_not_found
"ZOT on the WAVE, Fuji Taito",artist_not_found
"Eva Simons, Sidney Samson",artist_not_found
"Omar Chaparro, Joey Montana",artist_not_found
"MC 張天賦, Kaho Hung",artist_not_found
"Emanero, FMK, Rusherking, Estani",artist_not_found
"Morat, Duki",artist_not_found
"Omar Montes, JC el Diamante",artist_not_found
"Kris Kross Amsterdam, Donnie, Tino Martin",artist_not_found
"Soolking, Heuss L'enfoiré",artist_not_found
"Robin Packalen, Mikael Gabriel, Uniikki",artist_not_found
"JVG, ibe",artist_not_found
"Byklubben, Thomas Gregersen",artist_not_found
"UZI, Montiego",artist_not_found
"Benash, Booba",artist_not_found
"Diego Torres, Carlos Vives",artist_not_found
"Machine Gun Kelly, YUNGBLUD, Travis Barker",artist_not_found
"Sondr, Peg Parnevik",artist_not_found
"Marko Glass, Bvcovia",artist_not_found
"SIDARTA, Beyond",artist_not_found
"JJ Lin, Anne-Marie",artist_not_found
"Robin Schulz, Piso 21",artist_not_found
"Young Ellens, Frenna",artist_not_found
Elmatu,artist_not_found
"Waze & Odyssey, R. Kelly",artist_not_found
"Gery-Nikol, Slatkaristika",artist_not_found
"Didine Canon 16, Djalil Palermo, Fouzi Torino",artist_not_found
San Holo,artist_not_found
"TINI, Nacho",artist_not_found
"5 Seconds of Summer, Julia Michaels",artist_not_found
"LIZOT, Holy Molly",artist_not_found
"Big Baby Tape, Молодой Платон",artist_not_found
"Israel & Rodolffo, Jorge & Mateus",artist_not_found
"SDP, Adel Tawil",artist_not_found
"Sigala, John Newman, Nile Rodgers",artist_not_found
"C.R.O, Duki, FMK",artist_not_found
"Quebonafide, ReTo",artist_not_found
"Massar Egbari, Asmaa Abo El Yazid",artist_not_found
"Blonde, Craig David",artist_not_found
Elliott Yamin,artist_not_found
"Stefflon Don, French Montana",artist_not_found
"David Guetta, MistaJam, John Newman",artist_not_found
"Arijit Singh, Neeti Mohan, Rashmi Virag",artist_not_found
"Mc Th, Xamã, WC no Beat, Medellin, Pep Starling",artist_not_found
"Ali B, Ronnie Flex",artist_not_found
"INNA, Sean Paul",artist_not_found
"Koky, Viktor Sheen, Robin Zoot",artist_not_found
"mishlawi, Richie Campbell, Plutonio",artist_not_found
"Tayl G, Lary Over",artist_not_found
"Maiara & Maraisa, Zé Neto & Cristiano",artist_not_found
"Ana Castela, Melody, Dj Chris No Beat",artist_not_found
"S'Villa, Zuma",artist_not_found
"Ufo361, RAF Camora",artist_not_found
"DJ Snake, J Balvin, Ozuna, Nicky Jam, Natti Natasha, Darell, Sech",artist_not_found
"Lbenj, Mounim Slimani, DJ Med",artist_not_found
"Young Thug, Gunna",artist_not_found
"Jovem Dionisio, Vintage Culture, Future Class",artist_not_found
"BESS, Nopsajalka",artist_not_found
"Kris Kross Amsterdam, Shaggy, Conor Maynard",artist_not_found
"Wizkid, Tems",artist_not_found
"Blessd, Javiielo, Neutro Shorty, Big Soto",artist_not_found
"Cali Y El Dandee, Rauw Alejandro",artist_not_found
"Samra, ELIF",artist_not_found
Şam,artist_not_found
"DJ Katch, Greg Nice, DJ Kool, Deborah Lee",artist_not_found
"Iggy Azalea, MØ",artist_not_found
"B.I, Soulja Boy, DeVita",artist_not_found
"cakal, Arem Ozguc, Arman Aydin",artist_not_found
"KREAM, Clara Mae",artist_not_found
"Cassper Nyovest, Abidoza, Boohle",artist_not_found
"Pailita, Cris Mj, Big Cvyu",artist_not_found
"Madcon, Kelly Rowland",artist_not_found
"Mc Davi, Mc Pedrinho",artist_not_found
"Żabson, Beteo, White 2115",artist_not_found
"Sachet-Parampara, Parampara Tandon, Nora Fatehi",artist_not_found
"Murat Dalkılıç, Boygar",artist_not_found
"Tribbs, Kubańczyk",artist_not_found
Yan Ting,artist_not_found
"YNW Melly, Juice WRLD",artist_not_found
"Malik Montana, Dio Mudara",artist_not_found
"Dreezy, Jeremih",artist_not_found
"Post Malone, Halsey, Future",artist_not_found
"Vitaa, Claudio Capéo",artist_not_found
"Molotof, Shabjdeed",artist_not_found
"Guè, Paky",artist_not_found
"Enrique Iglesias, Pitbull",artist_not_found
"Krisko, Galena",artist_not_found
"Dj Coss, Macka Diamond",artist_not_found
"Harry Nach, ITHAN NY, Galee Galee, Julianno Sosa",artist_not_found
"Hanybal, Nimo",artist_not_found
"Dilsinho, Luísa Sonza, Malibu",artist_not_found
"Marcus & Martinus, Innertier",artist_not_found
"Fumaxa, Richie Campbell, Julinho Ksd",artist_not_found
"Arijit Singh, Rupali Moghe",artist_not_found
"Oscu, Nobeat",artist_not_found
"Bvcovia, Nane, Amuly, Marko Glass, AlbertNbn",artist_not_found
"AMEE, Karik",artist_not_found
"Bárbara Bandeira, Carminho",artist_not_found
"Kuselofte, Postgirobygget",artist_not_found
"ReTo, Avi",artist_not_found
"Andrei Zevakin, Grete Paia",artist_not_found
"J Balvin, Bad Bunny, Mr Eazi",artist_not_found
"Red Band, Full Trunk",artist_not_found
"187 Strassenbande, Bonez MC, Maxwell, LX, Sa4",artist_not_found
"Hassan & Roshaan, Shae Gill",artist_not_found
"MiyaGi, TumaniYO, Kadi",artist_not_found
"Guè, Dj Harsh, Marracash",artist_not_found
"Ballinciaga, David Mokel",artist_not_found
"Yuridia, Banda MS de Sergio Lizárraga",artist_not_found
"Italian Somali, EL BOY C, Capo Musica, Da Silva",artist_not_found
"Kaaris, Kalash Criminel, Freeze corleone",artist_not_found
"Asim Azhar, Zenab Fatimah Sultan",artist_not_found
"Olamide, Omah Lay",artist_not_found
"Beko, Marco Rahim",artist_not_found
"Scally Milano, LOVV66",artist_not_found
"El Alfa, Myke Towers, Yandel",artist_not_found
"Ufo361, Data Luv",artist_not_found
"Matisse, Reik",artist_not_found
"Aitch, Ashanti",artist_not_found
"Broiler, Tish Hyman",artist_not_found
"Anirudh Ravichander, Sunidhi Chauhan, Sanjana Kalmanje",artist_not_found
"Blak, Jimilian, Ceci Luca",artist_not_found
"Morat, Danna Paola",artist_not_found
"Fikri Karayel, Tolga Erzurumlu",artist_not_found
"Robin Schulz, Marc Scibilia",artist_not_found
"Lenuel, Dalex, Alex Rose, Carlitos Rossy",artist_not_found
"Petter, Linnea Henriksson",artist_not_found
"MC Rogerinho, Wesley Safadão",artist_not_found
"GionnyScandal, Giulia Jean",artist_not_found
"TroyBoi, Diplo, Nina Sky",artist_not_found
"Capo Plaza, A Boogie Wit da Hoodie",artist_not_found
"Cristian D, Brysa",artist_not_found
"De Mthuda, Ntokzin, MalumNator",artist_not_found
"Tion Wayne, ArrDee",artist_not_found
"Nicolas Mayorca, Cali Y El Dandee",artist_not_found
"Sabrina Carpenter, Jonas Blue",artist_not_found
"Jul, Jimmy Sax",artist_not_found
"Salmo, Marracash",artist_not_found
"Omer Adam, Ishay Ribo",artist_not_found
"Umut Timur, MRC",artist_not_found
"Kings, Themis Adamantidis",artist_not_found
"Anson Kong 江𤒹生, 陳卓賢 Ian",artist_not_found
"Kevin Gates, August Alsina",artist_not_found
"Haraca Kiko, Tivi Gunz",artist_not_found
"LIT killah, KHEA",artist_not_found
"Dímelo Flow, Dalex, Justin Quiles, iZaak",artist_not_found
"Alan Walker, Imanbek",artist_not_found
"NEIKED, MIMI",artist_not_found
"Djordan, Tsvetelina Yaneva",artist_not_found
"2115, Bedoes 2115, White 2115, Taco Hemingway",artist_not_found
"Pabi Cooper, Reece Madlisa, Busta 929, Joocy",artist_not_found
"Szpaku, Raff J.R.",artist_not_found
"Mac Tyer, Ninho",artist_not_found
"Fabolous, Tamia",artist_not_found
"PLAYAMANE, Nateki",artist_not_found
"Marc Tatchapon, Lazyloxy",artist_not_found
"Sachet Tandon, The Fusion Project",artist_not_found
"ALMA, French Montana",artist_not_found
"PAY, NODE",artist_not_found
"Matoma, Popcaan, Wale",artist_not_found
"MC Ryan SP, Mc Daniel, Kotim",artist_not_found
"Sigala, Digital Farm Animals",artist_not_found
"Keanu Blunt, OG Version",artist_not_found
"Tech N9ne, Joey Cool, King Iso, Dwayne Johnson",artist_not_found
"Guzior, D3W",artist_not_found
El Chapo De Sinaloa,artist_not_found
"Brädi, STIG, Setä Tamu, Kuningas Pähkinä, Oku Luukkainen, Millionaire Men",artist_not_found
"Ufo361, Bonez MC",artist_not_found
"Jonna Fraser, Darkoo, Diztortion",artist_not_found
"Ed Sheeran, 1.Cuz",artist_not_found
"Soa Mattrix, DJ Maphorisa, Nkosazana Daughter, Mas Musiq",artist_not_found
"Kabza De Small, DJ Maphorisa, Focalistic, Kamo Mphela, Bontle Smith",artist_not_found
"Magixx, Ayra Starr",artist_not_found
"SFB, Philly Moré, F1rstman",artist_not_found
"Yung Felix, Poke, Dopebwoy",artist_not_found
"Río Roma, CNCO",artist_not_found
"Đạt G, Du Uyen",artist_not_found
"Saske, Baghdad",artist_not_found
"Ruco Chan, Nancy Wu",artist_not_found
"Lhast, Dillaz",artist_not_found
"Ellinoora, Gasellit",artist_not_found
"AlunaGeorge, Popcaan",artist_not_found
"Emis Killa, Vegas Jones, Gemitaiz",artist_not_found
"Yaro, Ninho",artist_not_found
"Guè, Luchè",artist_not_found
"MACHETE, Dani Faiv, thasup, Fabri Fibra",artist_not_found
"Fuerza Regida, Calle 24",artist_not_found
"Macky, Einár",artist_not_found
"Alfa Kat, Banaba'des",artist_not_found
"Elindiomusik, Maluma",artist_not_found
"Mozart La Para, Light GM",artist_not_found
"Lucas Lucco, Pabllo Vittar",artist_not_found
"Pepe Frantik, Hawk, Sapranov, Spine, Above The Hood",artist_not_found
"Daniel Padilla, Moira Dela Torre",artist_not_found
"Gafur, JONY",artist_not_found
"Monsieur Periné, Vicente Garcia",artist_not_found
"Naps, GIMS",artist_not_found
"Shae Gill, Ali Sethi",artist_not_found
"Joji, Diplo",artist_not_found
"Cardi B, Bruno Mars",artist_not_found
"Burhan G, L.O.C.",artist_not_found
"OG Version, Furytto",artist_not_found
"Kygo, The Night Game",artist_not_found
"Yandel, Rauw Alejandro",artist_not_found
"Marshmello, Omar LinX",artist_not_found
"Nego do Borel, Maiara & Maraisa",artist_not_found
"Lefty Sm, Santa Fe Klan",artist_not_found
"Skepta, Wizkid",artist_not_found
"Kinkaworn, BELL WARISARA",artist_not_found
"Hagle, Ringnes-Ronny",artist_not_found
"Fences, Macklemore, Ryan Lewis",artist_not_found
"Konex, Kamil Hoffmann",artist_not_found
"88rising, NIKI",artist_not_found
"Naza, Niska",artist_not_found
"Robin Schulz, HARLOE",artist_not_found
"Mehdi Mozayine, Madara",artist_not_found
"Văn Mai Hương, Negav",artist_not_found
"Cheek, Samuli Edelmann",artist_not_found
"Fireboy DML, Rema",artist_not_found
"Trobi, LouiVos, Mula B",artist_not_found
"Golden Features, Thelma Plum",artist_not_found
"Jubin Nautiyal, Meet Bros., Shardul Rathod",artist_not_found
"Branco, Stepz",artist_not_found
"Hagle, ZadeKing, Blåsemafian",artist_not_found
"Tujamo, VIZE, MAJAN",artist_not_found
"Rema, Chris Brown",artist_not_found
"Sheryl Sheinafia, Rizky Febian, Chandra Liow",artist_not_found
"Killa Fonic, Delia",artist_not_found
"Alvaro Rod, Amy Gutierrez",artist_not_found
"Ektor, Separ, Rytmus, Ego",artist_not_found
"Poco Lee, Portable, Olamide",artist_not_found
"Tayrone, Marília Mendonça",artist_not_found
"Morgan Sulele, Arne Hurlen, Postgirobygget",artist_not_found
"Ali As, Namika",artist_not_found
"Monet192, badmómzjay",artist_not_found
"Hawk, Saske",artist_not_found
"JAY-Z, Kanye West, Mr Hudson",artist_not_found
"Pink Sweat$, Kehlani",artist_not_found
"kaw, säm",artist_not_found
"Heuss L'enfoiré, Sofiane",artist_not_found
"MANBO, HIEUTHUHAI",artist_not_found
"Borges, Mainstreet",artist_not_found
"Lil Kleine, Frenna",artist_not_found
"Capital Bra, GRiNGO",artist_not_found
"Kilian & Jo, Erik Rapp",artist_not_found
"Egor Kreed, OG Buda",artist_not_found
"Billie Eilish, Justin Bieber",artist_not_found
"Gryffin, Josef Salvat",artist_not_found
"Kaleb Di Masi, Ecko, Papichamp, Blunted Vato, Bruno LC",artist_not_found
"Tiakola, Hamza",artist_not_found
"Mario Fresh, Renvto",artist_not_found
"TIEKS, Dan Harkna",artist_not_found
"Lil Baby, Gunna, Lil Uzi Vert",artist_not_found
"Virgoun, Audy",artist_not_found
"Stanaj, NOTD",artist_not_found
"Solardo, Eli Brown",artist_not_found
"Anurag Kulkarni, Mangli, Thaman S",artist_not_found
"Karakoram, Faris Shafi, Talha Anjum",artist_not_found
"SZA, Calvin Harris, Funk Wav",artist_not_found
"The Chainsmokers, Mackenyu Arata",artist_not_found
"Paluch, Worek, moody scrag",artist_not_found
"Dhurata Dora, Azet",artist_not_found
"Travis Scott, Young Thug, M.I.A.",artist_not_found
"Hagle, Den BB",artist_not_found
"Justin Quiles, Myke Towers",artist_not_found
"Puerto, Yael",artist_not_found
"Guè, El Micha",artist_not_found
"Bombai, Bebe",artist_not_found
"Marso, Paulina",artist_not_found
"Arcangel, Bryant Myers",artist_not_found
"Bad Bunny, Luar La L",artist_not_found
"Momo, Hoodini, Rytmus",artist_not_found
"Armin van Buuren, Josh Cumbee",artist_not_found
"Maluma, Cosculluela",artist_not_found
"Papi Hans, Azis",artist_not_found
"Mambo Kingz, DJ Luian, Luigi 21 Plus, Ozuna",artist_not_found
"Karan Aujla, Avvy Sra, Jaani",artist_not_found
"Ken Hirai, Aimyon",artist_not_found
"Ihab Amir, 7-Toun",artist_not_found
"Lil Kesh, Zinoleesky",artist_not_found
"Booba, Maes",artist_not_found
"Marshmello, Amr Diab",artist_not_found
"Amr Diab, Marshmello",artist_not_found
"Olivia Rodrigo, Disney",artist_not_found
"Lhast, Slow J",artist_not_found
"P-Hot, YOUNGOHM",artist_not_found
"Gettomasa, Ruuben",artist_not_found
"Dessita, Adam",artist_not_found
"El Alfa, Chael Produciendo, Farruko",artist_not_found
"Rajaa Belmir, Omar Belmir",artist_not_found
"Mithoon, Vishal Mishra, Asees Kaur",artist_not_found
"J Alvarez, Ñejo & Dalmata",artist_not_found
"SNIK, Noizy",artist_not_found
"BlackHeart, 2TFLOW",artist_not_found
"Gryffin, Katie Pearlman",artist_not_found
"Tayc, Barack Adama",artist_not_found
"2 Chainz, Drake, Quavo",artist_not_found
"$hirak, Cristian D, Boef, Bilal Wahib, Ronnie Flex",artist_not_found
"Petter Ferraz, Menor Nico",artist_not_found
"Dave Dobbyn, Herbs",artist_not_found
"Wesley Safadão, Os Barões Da Pisadinha",artist_not_found
"Radikal Chef, Matej Straka",artist_not_found
"Juice WRLD, Lil Uzi Vert",artist_not_found
"LiSA, Uru",artist_not_found
"Delany, Frenna",artist_not_found
"Kubi Producent, Otsochodzi, schafter, PlanBe",artist_not_found
"Eliza Rose, Interplanetary Criminal",artist_not_found
"Jonna Fraser, Jayh, Sevn Alias",artist_not_found
"will.i.am, Britney Spears",artist_not_found
"Murda, Zeynep Bastık, Idaly",artist_not_found
"Meek Mill, Ty Dolla $ign, Chris Brown",artist_not_found
"Natalia Lacunza, Guitarricadelafuente",artist_not_found
"Elettra Lamborghini, ChildsPlay, Pitbull",artist_not_found
"3enba, Ordne",artist_not_found
"INNA, Pitbull",artist_not_found
"Josylvio, Sevn Alias, Sam J'taime",artist_not_found
"Nelly, Jeremih",artist_not_found
"Bich Phuong, Phuc Du",artist_not_found
"Farid Bang, Capo, 6ix9ine, SCH",artist_not_found
"Otsochodzi, Pezet",artist_not_found
"Yzomandias, Koky",artist_not_found
"Ronnie Flex, Jonna Fraser",artist_not_found
"Kizo, Lubin, BeMelo",artist_not_found
"Bilal Sonses, Seda Tripkolic",artist_not_found
"Rob Ruha, Ka Hao",artist_not_found
MAW,artist_not_found
"Jennifer Lopez, Wisin",artist_not_found
"Emil Lange, Tobias Rahim",artist_not_found
"Birnir, Lil Binni, Whyrun",artist_not_found
"Sheena Ringo, Hiroji Miyamoto",artist_not_found
"TOQUEL, Sin Laurent",artist_not_found
"Tion Wayne, Russ Millions, Capo Plaza, Rondodasosa",artist_not_found
"Rita Ora, David Guetta, Imanbek, Gunna",artist_not_found
"Udo Lindenberg, Apache 207",artist_not_found
"Aitana, Sebastian Yatra",artist_not_found
"Kontrafakt, Mirez, Dokkeytino, Dalyb, Zayo",artist_not_found
"Lil Wayne, 2 Chainz",artist_not_found
"Singapūras Satīns, Horens Stalbe",artist_not_found
"Nayt, 3D, MadMan",artist_not_found
"Yssi SB, Qlas & Blacka, Ashafar, ADF Samski",artist_not_found
"shadowraze, babyswishh1",artist_not_found
"Eden Hason, Ella Lee",artist_not_found
"Major Lazer, Busy Signal, FS Green, The Flexican",artist_not_found
"OG Buda, Polyana",artist_not_found
"Mari Fernandez, NATTAN",artist_not_found
"The Blockparty, Esko, Mouad Locos, JoeyAK, Young Ellens, Chivv",artist_not_found
"Pusho, Ozuna, Wisin",artist_not_found
"Pk, LUDMILLA",artist_not_found
"Mister You, Balti",artist_not_found
"Rema, AJ Tracey",artist_not_found
"Hamada Abo El Soud, Te7a",artist_not_found
"Gettomasa, Lauri Haav, SHRTY",artist_not_found
"Jonas Esticado, Gusttavo Lima",artist_not_found
"Rondodasosa, Capo Plaza",artist_not_found
"PEDRO SAMPAIO, Felipe Original, JS o Mão de Ouro",artist_not_found
"B Praak, Akshay Kumar & Nupur Sanon",artist_not_found
"Kygo, Julia Michaels",artist_not_found
"Ernia, Nitro",artist_not_found
"Bizarrap, Quevedo",artist_not_found
"Shanti Dope, Gloc 9",artist_not_found
"schafter, Żabson",artist_not_found
"DJ Licious, Armen Paul",artist_not_found
"Alex Rose, Dalex",artist_not_found
"Kodak Black, Lil Wayne",artist_not_found
"Luck Ra, La K'onga",artist_not_found
"mgng, MASNY BEN",artist_not_found
"Russ Millions, Buni, YV",artist_not_found
"Priscilla Alcantara, Whindersson Nunes",artist_not_found
"Białas, Mata, Deemz",artist_not_found
"Cami, Antonio José",artist_not_found
"Andy Rivera, Zion & Lennox",artist_not_found
"Ariana Grande, Future",artist_not_found
"Matías Valdez, Chacho Ramos",artist_not_found
"Xantos, Dynell, Piso 21",artist_not_found
"Oki, Young Igi, Otsochodzi, OIO",artist_not_found
"Zoliukas, Saules Berniukas",artist_not_found
Zehra,artist_not_found
"Rosa Chemical, Guè, Ernia",artist_not_found
"Charli XCX, Troye Sivan",artist_not_found
"Paloma, Tedi Aleksandrova",artist_not_found
"Độ Mixi, Pháo, Phuc Du, Masew",artist_not_found
"Maiara & Maraisa, Jorge & Mateus",artist_not_found
"Anis Don Demina, Mapei",artist_not_found
"Mike Perry, The Vamps, Sabrina Carpenter",artist_not_found
"Pyhimys, Aksel Kankaanranta",artist_not_found
"ScHoolboy Q, BJ The Chicago Kid",artist_not_found
"Kontra K, Luciano, The Cratez",artist_not_found
"MiyaGi & Endspiel, Sимптом",artist_not_found
"Killa Fonic, Carla's Dreams",artist_not_found
"Martin Garrix, Tove Lo",artist_not_found
"El Reja, My Life",artist_not_found
"MK, Jonas Blue, Becky Hill",artist_not_found
"Elastinen, Gettomasa",artist_not_found
"Burna Boy, Wizkid",artist_not_found
"MC Du Black, Delacruz",artist_not_found
"MC WM, Os Cretinos",artist_not_found
"Louis The Child, Wafia",artist_not_found
"DrefGold, Daves The Kid, Sfera Ebbasta",artist_not_found
"Peer Tasi, Pablo Rosenberg",artist_not_found
"G-Eazy, Yo Gotti, YBN Nahmir",artist_not_found
"Nekfeu, Crystal Kay",artist_not_found
琳誼 Ring,artist_not_found
"Still Fresh, Haristone",artist_not_found
"FMK, Tiago PZK",artist_not_found
"Sele, Ripen",artist_not_found
"URBOYTJ, Maiyarap",artist_not_found
"C. Tangana, NATHY PELUSO",artist_not_found
"Eyal Golan, Benaia Barabi",artist_not_found
"Ian, Azteca, Nane",artist_not_found
"Cash Cash, Sofía Reyes",artist_not_found
"Fall Out Boy, Demi Lovato",artist_not_found
"Naive New Beaters, Izïa",artist_not_found
"Soprano, Marina Kaye",artist_not_found
"João Neto & Frederico, MC Kevinho",artist_not_found
"Bonez MC, Maxwell",artist_not_found
"Billkin, PP Krit",artist_not_found
"MACHETE, thasup",artist_not_found
"Bilal Wahib, Bizzey",artist_not_found
"YG, Jeezy, Rich Homie Quan",artist_not_found
"Vishal-Shekhar, Julius Packiam, Atif Aslam, Irshad Kamil",artist_not_found
"Bruno X Spacc, M Ricch",artist_not_found
"Stars Music Chile, Cris Mj, Standly",artist_not_found
"TINI, Mau y Ricky",artist_not_found
"AlbertNbn, Nane",artist_not_found
"Diane Guerrero, Stephanie Beatriz",artist_not_found
"Dominika Mirgova, Kali",artist_not_found
"Papichamp, Ecko",artist_not_found
"GIMS, Vianney",artist_not_found
"Yellow Claw, Weird Genius, Reikko",artist_not_found
"Meet Bros., Neha Kakkar, Jassie Gill",artist_not_found
"MUPP, Sadfriendd",artist_not_found
"TACONAFIDE, Quebonafide, Taco Hemingway, Paluch",artist_not_found
"Bossikan, FLY LO, RICTA",artist_not_found
"A$AP Ferg, Future",artist_not_found
"Marwa Loud, Naza",artist_not_found
"Mustafa Sandal, Eypio",artist_not_found
"Cheat Codes, Fetty Wap, CVBZ",artist_not_found
"Moira Dela Torre, I Belong to the Zoo",artist_not_found
"Sia, Amir, Banx & Ranx",artist_not_found
"mgng, MASNY BEN, MRGH.",artist_not_found
"Franco ""El Gorilla"", Tico El Imigrante",artist_not_found
"Noriel, Nicky Jam, Yandel",artist_not_found
"Light, Billy Sio, ATC Nico",artist_not_found
"DJ Muscleboy, Manswess",artist_not_found
"Romeo Santos, Zacarias Ferreira",artist_not_found
"B Praak, Akshay Kumar, Nupur Sanon, Ammy Virk",artist_not_found
"MERO, Jamule",artist_not_found
"ADAAM, VC Barre",artist_not_found
"Basick, Leellamarz",artist_not_found
"Donny Montell, Džordana Butkutė",artist_not_found
"NOROZ, Ido B & Zooki",artist_not_found
"Strat, Rack",artist_not_found
"Albin Johnsén, lovad",artist_not_found
"AP Dhillon, Gurinder Gill, Gminxr",artist_not_found
"V:RGO, Shizo",artist_not_found
"Tee Grizzley, Lil Yachty",artist_not_found
"Talwiinder, Vision",artist_not_found
"Omer Adam, Tuna",artist_not_found
"Black Eyed Peas, Shakira, David Guetta",artist_not_found
"Samey, Gleb",artist_not_found
"Marshmello, Demi Lovato",artist_not_found
"Young T & Bugsey, Aitch",artist_not_found
"sanah, Igor Herbut",artist_not_found
"Shiva, Marracash",artist_not_found
"Papichamp, L-Gante, Blunted Vato, Ecko",artist_not_found
"TOQUEL, Light",artist_not_found
"Stevie Wonder, Ariana Grande",artist_not_found
"Rapital, RPT Groovie, tlinh, RPT MCK",artist_not_found
"Ümit Besen, Pamela Spence",artist_not_found
"INNA, Daddy Yankee",artist_not_found
"BAY6IX, LALA",artist_not_found
"Katy Perry, Riff Raff",artist_not_found
"Lazza, thasup",artist_not_found
"SBMG, Stijco, Lil Kleine",artist_not_found
"Azzi Memo, Nimo",artist_not_found
"Lil Kleine, Bokoesam",artist_not_found
"Capo Plaza, Ghali",artist_not_found
"KSI, Tom Grennan",artist_not_found
"Beret, Sofía Reyes",artist_not_found
"Sean Paul, Tove Lo",artist_not_found
"Tiara Andini, Arsy Widianto",artist_not_found
"2Pac, Roger, Dr. Dre",artist_not_found
"JW, Janice Vidal",artist_not_found
"David Guetta, Afrojack, Charli XCX, French Montana",artist_not_found
"Bedoes 2115, Kubi Producent, Koldi, Young Multi, Beteo",artist_not_found
"BIN, Borges, L7NNON, Ajaxx",artist_not_found
"Exploit, Zenk, UFO, Lil Nib, Tripp, Erik OG",artist_not_found
"Ömer Topçu, Demet Akalın",artist_not_found
"Eljoee, CHAAMA",artist_not_found
"Robin Kadir, C.Gambino, 23",artist_not_found
"Pipe Bueno, Pasabordo",artist_not_found
"Mike El Nite, Fínix MG, Sippinpurpp",artist_not_found
"Sima, Tripp",artist_not_found
"SCH, Freeze corleone",artist_not_found
"Hoàng Yến Chibi, tlinh, TDK",artist_not_found
"Austin Mahone, Rich Homie Quan",artist_not_found
"Deepend, YouNotUs, Martin Gallop",artist_not_found
"Luny Tunes, Don Omar, Sharlene, Maluma",artist_not_found
"Batistuta, L5VAV",artist_not_found
"Feid, Mora, Eladio Carrion",artist_not_found
"AnnenMayKantereit, Giant Rooks",artist_not_found
"T. Danny, G.w.M.",artist_not_found
"Mau y Ricky, Nicky Jam, Dalex, Dímelo Flow, Justin Quiles, Lenny Tavárez",artist_not_found
"LIT killah, Duki",artist_not_found
"nublu, whogaux",artist_not_found
"Lost Sky, Chris Linton",artist_not_found
"thasup, Marracash",artist_not_found
"Day e Lara, Maiara & Maraisa",artist_not_found
"KMN Gang, Azet, Miami Yacine, Nash, Zuna",artist_not_found
"Chamaco, Eiby",artist_not_found
"Bryant Myers, Ñejo",artist_not_found
"Fedez, Malika Ayane",artist_not_found
"Diego & Victor Hugo, Henrique & Juliano",artist_not_found
"Dark Polo Gang, Capo Plaza",artist_not_found
"Imagine Dragons, Arcane, League of Legends",artist_not_found
"Mano Walter, Gustavo Mioto",artist_not_found
"Amy Shark, Keith Urban",artist_not_found
"PLK, Nekfeu",artist_not_found
"Luis Fonsi, KAROL G, Andrés Torres, Mauricio Rengifo",artist_not_found
"Robin Zoot, Nik Tendo, Vercetti CG, Shaka CG, Forest Blunt",artist_not_found
"Christine Fan, Fish Leong",artist_not_found
"Marwa Loud, Mister You, Maestro",artist_not_found
"Saske, Rack, Beyond",artist_not_found
"sanah, Vito Bambino",artist_not_found
"Friðrik Dór, Hemmi Gunn",artist_not_found
"Pihlaja, Etta",artist_not_found
"Gzuz, Bonez MC, Sa4, 187 Strassenbande",artist_not_found
"Imanbek, Goodboys",artist_not_found
"Shahyn, L5VAV",artist_not_found
"Anson Lo 盧瀚霆, Edan 呂爵安",artist_not_found
"thasup, Nitro",artist_not_found
"Polo G, Stunna 4 Vegas, NLE Choppa, Mike WiLL Made-It",artist_not_found
"Paula Mattos, Matheus & Kauan",artist_not_found
"Romeo Santos, Teodoro Reyes",artist_not_found
"MC Ingryd, DJ Henrique da VK",artist_not_found
"Fouli, Bel",artist_not_found
"Ak4:20, King Savagge, KEVVO",artist_not_found
"Lérica, Belinda",artist_not_found
"Cico Band, Rene Rendy",artist_not_found
"Roxen, RAVA",artist_not_found
"MC Loma e As Gêmeas Lacração, MC WM",artist_not_found
"RH, Jimilian",artist_not_found
"حمو الطيخا, Essam Sasa",artist_not_found
"El Codigo Kirkao, Dubosky",artist_not_found
"Zé Felipe, Menor",artist_not_found
"OG Buda, MAYOT",artist_not_found
"Victony, Tempoe",artist_not_found
"Dengaz, Matay",artist_not_found
"Miriam Bryant, ALMA",artist_not_found
"J Balvin, Willy William, Beyoncé",artist_not_found
"Riton, Kah-Lo",artist_not_found
"Jul, Alonzo",artist_not_found
"Mohamed Ramadan, RedOne, Nouamane Belaiachi",artist_not_found
"JUNG, Clara Mae",artist_not_found
"Annalisa, Federico Rossi",artist_not_found
"Shawn Mendes, Tainy",artist_not_found
"Vintage Culture, KVSH, Breno Miranda",artist_not_found
"Jimilian, Blak",artist_not_found
"Sel, Soliaris",artist_not_found
"Dave, Stormzy",artist_not_found
"Aarne, BUSHIDO ZHO, ANIKV",artist_not_found
"Arcangel, DJ Luian, J Balvin",artist_not_found
"DJ Snake, Selena Gomez",artist_not_found
"Capital Bra, Luciano, Eno",artist_not_found
"Bryant Myers, Miky Woodz, Justin Quiles",artist_not_found
"CamelPhat, Cristoph, Jem Cooke",artist_not_found
"El Alfa, Farruko, Jon Z, Miky Woodz",artist_not_found
"Jatin-Lalit, Shaan, Kailash Kher, Prasoon Joshi",artist_not_found
"VC Barre, takenoelz",artist_not_found
"Birnir, JFDR, Arnar",artist_not_found
"Florida Georgia Line, Luke Bryan",artist_not_found
"Mikael Gabriel, Vesa-Matti Loiri",artist_not_found
"DJ Stephan, Ivan Greko, Dirty Harry",artist_not_found
"Tattoo Colour, D Gerrard",artist_not_found
"P!nk, Lily Allen",artist_not_found
"Shila Amzah, Alif Satar",artist_not_found
"187 Strassenbande, Bonez MC, LX, Sa4",artist_not_found
"Lucas Lucco, MC G15",artist_not_found
"Muti, UZI, Critical, Heijan",artist_not_found
"Sehabe, Aydilge",artist_not_found
"Black M, The Shin Sekaï, Doomams",artist_not_found
"KC Rebell, RAF Camora",artist_not_found
"Elder Dayán Díaz, Rolando Ochoa",artist_not_found
"Ankit Tiwari, Leena Bose",artist_not_found
"Dest, Chef Bi",artist_not_found
"Sun-El Musician, Ami Faku",artist_not_found
"Kaaris, Kalash Criminel, Sofiane",artist_not_found
"Galvan Real, Raul Camacho",artist_not_found
Navos,artist_not_found
"ByeAlex és a Slepp, Hiro",artist_not_found
"J. Cole, 21 Savage, Morray",artist_not_found
"Cashmere Cat, Major Lazer, Tory Lanez",artist_not_found
"Broederliefde, Broertje",artist_not_found
"Rkomi, Irama, Shablo",artist_not_found
"David Carreira, Nego do Borel, Deejay Telio",artist_not_found
"Caza, Bizzey",artist_not_found
"Camela, Juan Magán",artist_not_found
"Hivi!, Andi Rianto",artist_not_found
"Massaka, Anıl Piyancı, Yener Çevik, Hidra, Tankurt Manas, Selo, Tekmill, Canbay, Wolker, Diablo 63, Killa Hakan, Tepki, Cashflow, Eypio, Joe Young",artist_not_found
"Money Man, Lil Baby",artist_not_found
"Digital Farm Animals, Cash Cash, Nelly, Alan Walker",artist_not_found
"The Mousses, URBOYTJ",artist_not_found
"Intars Busulis, Abonementa Orķestris, GG Choir",artist_not_found
"Quality Control, Quavo, Lil Yachty",artist_not_found
"Don Diablo, Zak Abel",artist_not_found
"Jonna Fraser, Yung Felix",artist_not_found
"Amenazzy, Arcangel",artist_not_found
"Halott Pénz, Rúzsa Magdi",artist_not_found
"Ronnie Flex, Emma Heesters, Kris Kross Amsterdam",artist_not_found
"Viktor Sheen, Duch",artist_not_found
KIAN,artist_not_found
"Sfera Ebbasta, Quavo",artist_not_found
"Feder, Alex Aiono",artist_not_found
"Mario Hart, PANCHO RODRIGUEZ, David Zegarra",artist_not_found
"YG, 2 Chainz, Big Sean, Nicki Minaj",artist_not_found
"AJ Tracey, MoStack",artist_not_found
"Evangelia, Eleni Foureira",artist_not_found
"Mostafa el Degwy, Mohamed Zizo",artist_not_found
"Israel B, LOWLIGHT",artist_not_found
"Tarcísio do Acordeon, Marcynho Sensação",artist_not_found
"Nik Tendo, Vercetti CG",artist_not_found
"Can Bonomo, Demet Evgar",artist_not_found
"Mr. Polska, Abel de Jong",artist_not_found
"Doks, 4Keus Gang",artist_not_found
"DJ Matrix, Carolina Marquez, Ludwig, Gabry Ponte",artist_not_found
"MAYOT, FEDUK",artist_not_found
"Oliwka Brazil, Białas",artist_not_found
"Ego, Paulie Garand",artist_not_found
"Ego, Stylko",artist_not_found
"Ozuna, Anuel AA, Wisin, Yandel",artist_not_found
"Poju, DJ Anton",artist_not_found
"Bizarrap, Trueno",artist_not_found
"Seif Magdy, Omar El Karwan",artist_not_found
"Lil Tecca, Gunna",artist_not_found
"Roddy Ricch, Gunna",artist_not_found
"Sammi Cheng, Jackson Wang",artist_not_found
"Nick Strand, Mio",artist_not_found
"Saske, Gamecue",artist_not_found
"PIND, Benjamin Hav",artist_not_found
"Mike Perry, Tessa Odden",artist_not_found
"Darkoo, One Acen",artist_not_found
"Andy Rivera, Ñejo",artist_not_found
"Resit Kemal, Lust",artist_not_found
"ToTo H, Slavi Trifonov, Ku-Ku Band",artist_not_found
"Pajel, Luciano, Headie One",artist_not_found
"Jasleen Royal, Prateek Kuhad",artist_not_found
"Dave, Drake",artist_not_found
"Carmon, Artigeardit, Lamin",artist_not_found
"Egor Kreed, The Limba",artist_not_found
"Hiperbolė, Late Pal",artist_not_found
"Malik Montana, Maxwell, OLEK",artist_not_found
"El Jhota, Camin",artist_not_found
"Martin Jensen, James Arthur",artist_not_found
"Loredana, Mozzik",artist_not_found
"Szpaku, Włodi",artist_not_found
"The voice of Holland, Ayoub Maach, Kes",artist_not_found
"BHZ, Longus Mongus, Monk, Dead Dawg",artist_not_found
"Zom Marie, Oat Pramote",artist_not_found
"Bramsito, Booba",artist_not_found
"Rkomi, Marracash",artist_not_found
"Klingande, M-22",artist_not_found
"Light, Alitiz",artist_not_found
"Oki, Young Igi, Otsochodzi, OIO, Phunk'ill, CatchUp, Sem0r",artist_not_found
"Galin, Diona",artist_not_found
"Jesse & Joy, J Balvin",artist_not_found
"Milion Plus, Nik Tendo, Kamil Hoffmann, Jickson, Hasan, Yzomandias",artist_not_found
"Marília Mendonça, Leo Santana, Didá Banda Feminina",artist_not_found
"Alle Farben, Janieck",artist_not_found
"The Chainsmokers, Kygo",artist_not_found
"L7NNON, Ajaxx",artist_not_found
"LANY, Julia Michaels",artist_not_found
"Romeo Santos, Kiko Rodriguez",artist_not_found
"Bonez MC, Gzuz, Maxwell, LX, Sa4",artist_not_found
"Dynoro, Fumaratto",artist_not_found
"Purple Disco Machine, Joe Killington, Duane Harden",artist_not_found
"Awich, JP THE WAVY, YZERR",artist_not_found
"Lila, Rat City",artist_not_found
"Brodka, A_GIM",artist_not_found
"Wizkid, Skillibeng, Shenseea",artist_not_found
"Elodie, Marracash",artist_not_found
"MACE, Noyz Narcos, Franco126, Side Baby",artist_not_found
"El Jordan 23, Big Cvyu",artist_not_found
"Bonez MC, LX",artist_not_found
"Peking Duk, AlunaGeorge, Aluna",artist_not_found
"Blacflaco, Mjay",artist_not_found
"Don Omar, Nio Garcia",artist_not_found
"Arcangel, Myke Towers",artist_not_found
"Regula, Dillaz",artist_not_found
"Future, Lil Uzi Vert",artist_not_found
"Kubi Producent, Malik Montana, Borixon, Białas",artist_not_found
"Bizzey, Ramiks",artist_not_found
"GDRN, Floni, Ra:tio",artist_not_found
"Tony Kakkar, Yo Yo Honey Singh, Neha Kakkar",artist_not_found
"MORGENSHTERN, Timati",artist_not_found
"Lil Baby, 42 Dugg",artist_not_found
"Lukas Graham, Khalid",artist_not_found
"Ati242, UZI, Batuflex, Lvbel C5, Motive, Murda",artist_not_found
"Sha Sha, DJ Maphorisa, Kabza De Small",artist_not_found
"Salma Rachid, Mok Saib",artist_not_found
"Pepe Quintana, Bad Bunny, Lary Over, Farruko, Arcangel, Tempo",artist_not_found
"Soul A, Ihab Amir",artist_not_found
"RACK, Oge",artist_not_found
"Mankirt Aulakh, Nimrat Khaira",artist_not_found
"Smolasty, Oliwka Brazil, Pedro, francis",artist_not_found
"Kendrick Lamar, U2",artist_not_found
"Hotelli Vantaa, Mäkki",artist_not_found
"Black Sherif, Burna Boy",artist_not_found
"Sub Focus, Dimension",artist_not_found
"Scott Storch, Ozuna, Capo Plaza, Tyga",artist_not_found
"Headie One, Drake",artist_not_found
"Mr JazziQ, Mpura, Fakelove",artist_not_found
"Ash King, Sachin-Jigar",artist_not_found
"VilleGalle, Alexandra Babitzin, Jare",artist_not_found
"Ashafar, Kevin",artist_not_found
Valentín Elizalde,artist_not_found
"Ingi Bauer, Ezekiel Carl, Chase Anthony",artist_not_found
"Nicki Minaj, Ariana Grande",artist_not_found
"Vald, Orelsan",artist_not_found
"Kore, Lacrim",artist_not_found
"Szpaku, Paluch",artist_not_found
"Sergio Contreras, Manuel Delgado",artist_not_found
"Killa Fonic, RAVA",artist_not_found
"No Te Va Gustar, Julieta Venegas",artist_not_found
"B Praak, Nawazuddin Siddiqui, Sunanda Sharma",artist_not_found
"Vaidas Baumila, Monique",artist_not_found
"Tiësto, John Legend",artist_not_found
"Imani Williams, Sigala, Blonde",artist_not_found
"Duki, Leby",artist_not_found
"Sleiman, Jimilian",artist_not_found
"Justin Bieber, Travis Scott",artist_not_found
"Danny Fornaris, Jani Sánchez",artist_not_found
"Yzomandias, Lvcas Dope, Nik Tendo",artist_not_found
"Dimitri Vegas & Like Mike, W&W",artist_not_found
"Nipsey Hussle, Roddy Ricch, Hit-Boy",artist_not_found
"Jads & Jadson, Gusttavo Lima",artist_not_found
"Sigma, Hawk",artist_not_found
"Dardan, Hava",artist_not_found
"Full Trunk, Jimbo J",artist_not_found
"Donny Caballero, DJ Paul",artist_not_found
"Benny Jamz, Branco, KESI",artist_not_found
"Yanitsa, Bilyanish",artist_not_found
"Ernia, Tedua, Rkomi, Lazza",artist_not_found
"KSI, S-X, Lil Baby, Rick Ross",artist_not_found
"Quebonafide, PlanBe",artist_not_found
"Carl Brave x Franco126, Coez",artist_not_found
"Jubin Nautiyal, Rocky - Shiv",artist_not_found
"$hirak, Idaly, KA, Willem",artist_not_found
"Hillsong UNITED, TAYA",artist_not_found
"ZK, Fouli",artist_not_found
"Zlatan, Young Jonn",artist_not_found
"Tom Odell, Zwette",artist_not_found
"Anna Zak, Eden Ben Zaken, Nunu",artist_not_found
"Ade Govinda, Fadly",artist_not_found
"Siimi, Kalevimehed",artist_not_found
"Sido, Mark Forster",artist_not_found
"Noemi, Carl Brave",artist_not_found
"Darell, El Alfa",artist_not_found
"Thomas Rhett, Maren Morris",artist_not_found
"Jay Wheeler, Zhamira Zambrano",artist_not_found
"Alan Walker, Benjamin Ingrosso",artist_not_found
"Larry, Sivas",artist_not_found
"Jax Jones, Ella Henderson",artist_not_found
"Anuel AA, Kendo Kaponi",artist_not_found
"Matuê, L7NNON",artist_not_found
"ChildsPlay, Jairzinho, BKO",artist_not_found
"DJ Tarkan, Sagopa Kajmer",artist_not_found
"Vale pain, Rondodasosa",artist_not_found
"BEK & Wallin, Moberg",artist_not_found
"RH, Branco",artist_not_found
"MG, DJ Stephan",artist_not_found
"Yasmin Santos, Marília Mendonça",artist_not_found
"Matheus & Kauan, Zé Vaqueiro",artist_not_found
"Sefo, Capo",artist_not_found
"Mody Amin, Essam Sasa",artist_not_found
"Sofía Reyes, Rita Ora, Anitta",artist_not_found
"Dagny, Steve Aoki",artist_not_found
"VillaBanks, Boro Boro",artist_not_found
"Dopebwoy, 3robi, Mula B",artist_not_found
"Leon Faun, Duffy",artist_not_found
"Tagne, Stormy, Khtek",artist_not_found
"DBN Gogo, Musa Keys, Dinho, Optimist Music ZA, Makhanj, Lebza TheVillain, Koek Sista",artist_not_found
"Machine Gun Kelly, Hailee Steinfeld",artist_not_found
"Wingii, Lil Noby, Tommy, FL EX, Husayn",artist_not_found
"PhucXP, Freak D",artist_not_found
"Nekfeu, FRAMAL, Jazzy Bazz",artist_not_found
"Jazzu, Jovani",artist_not_found
"Eric Land, Tarcísio do Acordeon",artist_not_found
"Paluch, Szpaku",artist_not_found
"Kontrafakt, Mirez, Dalyb, Zayo, Dokkeytino",artist_not_found
"Disme, Vaz Tè, Izi, Tedua",artist_not_found
"Kukon, Ka-Meal",artist_not_found
"Quevedo, Linton",artist_not_found
"Santa Fe Klan, Big Soto, Neto Peña",artist_not_found
"Robot Boii, Mellow & Sleazy, Soul Revolver, Shaun MusiQ, F Teearse",artist_not_found
"Vitor Kley, Bruno Martini",artist_not_found
"Gianluca Vacchi, Sebastian Yatra",artist_not_found
"Gil Vain, Ron Buhnik",artist_not_found
"Boef, Ali B",artist_not_found
"WENARO, LXNER",artist_not_found
"DJ Kayz, Niska",artist_not_found
"Chebaleba, RicoWamos",artist_not_found
"Rkomi, Elodie",artist_not_found
"Chucky73, Fetti031, Mc73",artist_not_found
"Orelsan, Ibeyi",artist_not_found
"Topic, Jake Reese",artist_not_found
"Daffy, Flipperachi",artist_not_found
"Mueka, Cosculluela",artist_not_found
"Bryant Myers, Kevin Roldan",artist_not_found
"Fat Joe, Remy Ma, French Montana, InfaRed",artist_not_found
"Şehinşah, Onur Betin",artist_not_found
"Sobel, Deemz",artist_not_found
"Henrique & Juliano, Os Hawaianos",artist_not_found
"Lucas Lucco, Wesley Safadão",artist_not_found
"Wesley Safadão, Leo Santana",artist_not_found
"Kim, Gazo",artist_not_found
"DJ Oku Luukkainen, Pasi ja Anssi, Portion Boys",artist_not_found
"Udit Narayan, Shreya Ghoshal",artist_not_found
"Ozuna, Arthur Hanlon",artist_not_found
"Ice P, El Productor de oro, Haraca Kiko, El Cherry Scom, El Bloonel, Albert Diamond, Maceo El Perro Blanco, La Sabiduria",artist_not_found
"New Wavy, MC ApÅ¡aude",artist_not_found
"Florin Salam, Mr Juve",artist_not_found
"Lérica, Mau y Ricky",artist_not_found
"Nathan Dawe, KSI",artist_not_found
"Gryffin, ILLENIUM, Daya",artist_not_found
"Carolina Gaitán - La Gaita, Mauro Castillo, Daniela Sierra, Juanse Diez, Isabel Garcés, Olga Lucía Vives, Encanto - Elenco",artist_not_found
"MØ, Diplo",artist_not_found
"Theo Rose, Bogdan DLP",artist_not_found
"Danny Saucedo, Tensta Gospel",artist_not_found
"Nebi, Gettomasa",artist_not_found
"Carolina Deslandes, Rui Veloso",artist_not_found
"Radistai Dj's, Beatrich",artist_not_found
"Mike G, Rack",artist_not_found
"Payal Dev, Stebin Ben",artist_not_found
"CRO, Capital Bra",artist_not_found
"Senkise, Majka",artist_not_found
"Nimo, Abdi",artist_not_found
"Mc Davi, Mc Kevin, Mc Don Juan, MC Hariel, MC Marks, MC G15, Mc Phe Cachorrera, Gaab, MC Menor da VG, MC Ryan SP, MC Kapela",artist_not_found
"Rkomi, Dardust",artist_not_found
"Niska, 1PLIKÉ140",artist_not_found
"Tymek, Big Scythe, Deys",artist_not_found
"Lijpe, Stijco",artist_not_found
"Mousv, Abo El Anwar",artist_not_found
"Rudimental, Anne-Marie, Tion Wayne",artist_not_found
"Orelsan, Nekfeu, Dizzee Rascal",artist_not_found
"Daddy Yankee, Nicky Jam, Plan B",artist_not_found
"Projota, Anitta",artist_not_found
"T.I BLAZE, Skiibii",artist_not_found
"Dubosky, Yemil, At' Fat",artist_not_found
"Mons, Flenn",artist_not_found
"Larry, Gilli",artist_not_found
"Alan Walker, A$AP Rocky, Kameron",artist_not_found
No Method,artist_not_found
"Major League Djz, Abidoza, Mpho Sebina",artist_not_found
"Thomas Acda, Rolf Sanchez, Kraantje Pappie",artist_not_found
"Tuğçe Kandemir, Eypio",artist_not_found
Los Diablitos,artist_not_found
"Aspova, Şanışer",artist_not_found
"Luis Fonsi, Myke Towers",artist_not_found
"Lenny Tavárez, Miky Woodz",artist_not_found
"YFN Lucci, PnB Rock",artist_not_found
"Jeff Bernat, Geologic Of The Blue Scholars",artist_not_found
"Idina Menzel, Evan Rachel Wood",artist_not_found
"Soa Mattrix, Soulful G, Shaun 101",artist_not_found
"Who Is Fancy, Meghan Trainor, Ariana Grande",artist_not_found
"Juan Magán, Boni & Kelly",artist_not_found
"Arcangel, De La Ghetto, Yaga & Mackie",artist_not_found
"Chester, El Papi",artist_not_found
"estraden, Tjuvjakt",artist_not_found
"Lavora, Ena Vika",artist_not_found
"Belén Aguilera, Lola Indigo",artist_not_found
"Xriz, Buxxi",artist_not_found
"Chimbala, Bulin 47",artist_not_found
"Hens, Delgao",artist_not_found
"Robba, Kettu",artist_not_found
"Moira Dela Torre, Erik Santos",artist_not_found
"Wes Nelson, Hardy Caprio",artist_not_found
"JóiPé, Króli, Helgi B, Helgi A",artist_not_found
"Mohamed Zizo, Za3blawy",artist_not_found
"RAP VIỆT, tlinh",artist_not_found
"MG, Phen",artist_not_found
"DigDat, D-Block Europe",artist_not_found
"Gasellit, Anna Puu",artist_not_found
"Instinto 26, Julinho Ksd, Trista, Kibow, Yuran",artist_not_found
"Raste, Furelise",artist_not_found
"Hesham Abdul Wahab, Darshana Rajendran",artist_not_found
"Young Thug, Future",artist_not_found
"Irama, Rkomi",artist_not_found
"Shirin David, GIMS",artist_not_found
"Peso Pluma, Aleman",artist_not_found
"Disiz, Damso",artist_not_found
"L'Algérino, SCH, Jul",artist_not_found
"Eladio Carrion, Zion",artist_not_found
"LOLO, Gilli",artist_not_found
"Sandro Cavazza, P3GI-13",artist_not_found
DR. VODKA,artist_not_found
"Lvbel C5, Batuflex",artist_not_found
"SODA LUV, WHY, BERRY",artist_not_found
"Draganov, Stormy",artist_not_found
"UNLIMITED SOUL, DBN Gogo",artist_not_found
"Guè, Rose Villain, Luchè",artist_not_found
"Tredici Pietro, PSICOLOGI, Mr. Monkey",artist_not_found
"Kizo, Tymek",artist_not_found
"Chivv, Lil Kleine, Frsh",artist_not_found
"Sevn Alias, Josylvio",artist_not_found
"Pablo Alborán, David Bisbal, Antonio Carmona, Jesse & Joy, Juanes, Malú, Vanesa Martín, India Martinez, Antonio Orozco, Niña Pastori, Laura Pausini, Abel Pintos, Rozalén, Shakira, Tommy Torres, Manuel Carrasco, Pablo López",artist_not_found
"Z.E, Owen",artist_not_found
"El Alfa, Chikybombom La Pantera, Ryan Castro",artist_not_found
"Abdul Hannan, Rovalio",artist_not_found
"Pailita, Young Cister",artist_not_found
"Jonna Fraser, SBMG",artist_not_found
"Separ, Yzomandias",artist_not_found
"Giaime, Andry The Hitmaker, Lazza",artist_not_found
"Low G, Thắng",artist_not_found
"Ernia, Fabri Fibra",artist_not_found
"JACKBOYS, Pop Smoke, Travis Scott",artist_not_found
"Josylvio, Sevn Alias, Kevin",artist_not_found
"DJ Maphorisa, Kabza De Small, Samthing Soweto, Mfr Souls",artist_not_found
Lortex,artist_not_found
"Kay One, The Product G&B",artist_not_found
"Bizzey, Boef",artist_not_found
"Ed Sheeran, Jaykae, Aitch, Stormzy",artist_not_found
"The La Planta, Pushi",artist_not_found
"RM, Youjeen",artist_not_found
"Calum Scott, Tiësto",artist_not_found
"Laura Tesoro, Loïc Nottet, Alex Germys",artist_not_found
"Cheba Souad, Hichem Smati",artist_not_found
"GIMARIO, KAVVO, Ziidar, FIO",artist_not_found
"J-AX, Jake La Furia",artist_not_found
"Future, DaBaby, Drake, Lil Baby",artist_not_found
"Lukas Graham, G-Eazy",artist_not_found
"Liamsi, kouz1",artist_not_found
"Lazyloxy, OG-ANIC, URBOYTJ",artist_not_found
"Lil Koni, MG, Slogan, iLLEOo",artist_not_found
"Suzi, Fetty Wap",artist_not_found
"Night Grind, Ivan Greko, iLLEOo",artist_not_found
"Armin van Buuren, Kensington",artist_not_found
"Dopebwoy, Chivv, 3robi",artist_not_found
"WIER, Alexa Feser, Annett Louisan, Bibi Bourelly, Christina Stürmer, Conor Byrne, Glasperlenspiel, ILIRA, Joel Brandenstein, JORIS, Justin Jesso, KAYEF, Kelvin Jones, LOTTE, Milow, Nico Santos, Philipp Dittberner, Sasha, Stefanie Heinzmann",artist_not_found
"Macklemore & Ryan Lewis, Hollis, ScHoolboy Q",artist_not_found
"Romeo Santos, Elvis Martinez",artist_not_found
"Kendji Girac, Soprano",artist_not_found
"ADF Samski, Hef, Kevin",artist_not_found
"David Bisbal, Aitana",artist_not_found
"PSICOLOGI, Mr. Monkey",artist_not_found
"Swedish House Mafia, Connie Constance",artist_not_found
"Professor Green, Tori Kelly",artist_not_found
"Mustafa Sandal, Zeynep Bastık",artist_not_found
"Mesita, John C, El Futuro Fuera De Orbita, Blunted Vato",artist_not_found
"Birnir, Krabba Mane",artist_not_found
"Little Mix, Charlie Puth",artist_not_found
"Marcos & Belutti, Matheus & Kauan",artist_not_found
"Turma do Pagode, Henrique & Diego",artist_not_found
"Ñejo, Nicky Jam",artist_not_found
"Molly Sandén, Victor Leksell, Joakim Berg",artist_not_found
"George Henrique & Rodrigo, Zé Neto & Cristiano",artist_not_found
"Anirudh Ravichander, Inno Genga",artist_not_found
"Emil Stabil, Gucci Mane",artist_not_found
"BEGE, Yung Ouzo",artist_not_found
"Dimitri Vegas & Like Mike, Ne-Yo",artist_not_found
"Sick Luke, Franco126, Coez, Ketama126",artist_not_found
"Mente Fuerte, SIDARTA, Evan Spikes",artist_not_found
"Nik Tendo, Robin Zoot, Young Leosia",artist_not_found
"Ozuna, D.OZi",artist_not_found
"V:RGO, Dara",artist_not_found
"Ninho, Damso",artist_not_found
"Ana Mena, CNCO",artist_not_found
"Eno, MERO",artist_not_found
"Roddy Ricch, A Boogie Wit da Hoodie",artist_not_found
"Fukaj, charlie moncler",artist_not_found
"Naar, Madd, DrefGold",artist_not_found
"Hassan Shakosh, Hamo Bika",artist_not_found
"Etta, william",artist_not_found
"Stefan Costea, Oscar, Birkin Baby",artist_not_found
"Calin, STEIN27, Indigo, KOJO",artist_not_found
"Broiler, Bekuh Boom",artist_not_found
"Sachin-Jigar, Rashmeet Kaur, Shamur, IP Singh",artist_not_found
"Russ, Tamae, Capella Grey",artist_not_found
"Anys, ElGrandeToto",artist_not_found
"Highsnob, JUNIOR CALLY",artist_not_found
"Sick Luke, thasup, Sfera Ebbasta",artist_not_found
"Mister You, Hamouda",artist_not_found
"MD Chefe, DomLaike, Offlei Sounds",artist_not_found
"Dadju, Niska",artist_not_found
"Madden, Chris Holsten",artist_not_found
"De La Ghetto, Maluma, Wisin",artist_not_found
"MARUV, Boosin",artist_not_found
"Rhove, Shiva, Ghali",artist_not_found
"Mc Th, MC Menininho, Medellin, Dj Victor Falcão",artist_not_found
"ScHoolboy Q, 2 Chainz, Saudi",artist_not_found
"Carlos Rivera, Becky G, Pedro Capó",artist_not_found
"Nessa Barrett, jxdn",artist_not_found
"Bad Bunny, Kevin Roldan, Noriel, Bryant Myers, Almighty",artist_not_found
"Mark B., Gabriel Pagan",artist_not_found
"Equalz, Adje, CHO",artist_not_found
"Owen, Dree Low",artist_not_found
"Manuel Medrano, Natalia Jiménez",artist_not_found
"PHARAOH, LSP",artist_not_found
"Savage, BNXN fka Buju",artist_not_found
"MC Hariel, Mc IG, MC Marks, MC Joãozinho VT, MC Ryan SP, MC Neguinho do Kaxeta, Mc Kanhoto, Mc Don Juan, DJ BOY, Matheuszin DJ",artist_not_found
Aṣa,artist_not_found
"J Balvin, Wisin & Yandel",artist_not_found
"De Mthuda, Njelic",artist_not_found
"Cat Dealers, LOthief, Santti",artist_not_found
"Matheus Fernandes, Xand Avião",artist_not_found
Vallis Alps,artist_not_found
"Natalia Lafourcade, Los Macorinos",artist_not_found
"Ed Sheeran, Stormzy",artist_not_found
"Porsche Boy, Dalyb",artist_not_found
"SAMI, Danny Saucedo",artist_not_found
"KC Rebell, Summer Cem, Luciano",artist_not_found
"A.R. Rahman, Shreya Ghoshal",artist_not_found
"Vicetone, Tony Igy",artist_not_found
Oberg,artist_not_found
"Youssoupha, Noémie",artist_not_found
"Messiah, Dowba Montana",artist_not_found
"KESI, HEDEGAARD",artist_not_found
"El Alfa, Chencho Corleone, Farruko, Justin Quiles, Myke Towers",artist_not_found
"Bizarrap, Dillom",artist_not_found
"Kizz Daniel, The Cavemen.",artist_not_found
"AKMU, IU",artist_not_found
"Evelina, ANI",artist_not_found
"Eyal Golan, Eden Hason",artist_not_found
"Gambino La MG, Tiakola",artist_not_found
"Guè, Tony Effe, Prynce",artist_not_found
"Omer Adam, Doli & Penn",artist_not_found
"J Balvin, Tokischa",artist_not_found
"Paperi T, Chisu",artist_not_found
"Naseebo Lal, Abida Parveen",artist_not_found
"Don Miguelo, Zion, J Alvarez",artist_not_found
"Lary Over, Zion & Lennox",artist_not_found
"Dilsinho, Henrique & Juliano",artist_not_found
"Jax Jones, Years & Years",artist_not_found
"Wanitwa Mos, Sir Trill, Nkosazana Daughter, Master KG",artist_not_found
"Shreya Ghoshal, Nakash Aziz, Vishal-Shekhar",artist_not_found
"Chema Rivas, Juan Magán",artist_not_found
"Young Cister, Polimá Westcoast",artist_not_found
"Pablo Alborán, Maria Becerra",artist_not_found
"Nyno Vargas, Omar Montes",artist_not_found
"DJ Ngwazi, Master KG, Nokwazi, Lowsheen, Caltonic SA",artist_not_found
"B Ray, Han Sara, Masew",artist_not_found
"Neeti Mohan, Sanjay Leela Bhansali",artist_not_found
"Lhast, 9 Miller",artist_not_found
"DJ Kadr, True Gabe",artist_not_found
"Stefan en Sean, Bram Krikke",artist_not_found
"Mario Fresh, Andra",artist_not_found
"Eric Land, Xand Avião",artist_not_found
"Roope Salminen & Koirat, Reeta",artist_not_found
"Mark B., Lo Blanquito",artist_not_found
"Mc Frog, DJ Lucas Beat",artist_not_found
"Đen, JustaTee, Biên, Madihu",artist_not_found
"Yomel El Meloso, Bulova",artist_not_found
"Ana Guerra, Juan Magán",artist_not_found
"Dzsúdló, Berta'Lami",artist_not_found
"DJ Kayz, Moha K",artist_not_found
"Bad Bunny, Farruko, DJ Luian, Mambo Kingz",artist_not_found
"Röyksopp, Susanne Sundfør",artist_not_found
"Sander Mölder, NOËP",artist_not_found
"AP Dhillon, Amari",artist_not_found
"Sarah Geronimo, Yeng Constantino",artist_not_found
"Bad Gyal, Beny Jr",artist_not_found
"SBMG, Lil Kleine",artist_not_found
"Sigala, Paloma Faith",artist_not_found
"Spanker, 3robi, Josylvio, Lijpe",artist_not_found
"Emmsjé Gauti, Aron Can",artist_not_found
"6ix9ine, Bobby Shmurda",artist_not_found
"Carmon, Jamaika",artist_not_found
"Kryštof, Sima Martausová",artist_not_found
"J. Cole, Miguel",artist_not_found
"Vio, Ceza",artist_not_found
"Herra Hnetusmjör, Björgvin Halldórsson",artist_not_found
"Costa Gold, André Nine",artist_not_found
"Ty Dolla $ign, Future, Rae Sremmurd",artist_not_found
"Drago200, Pablo Chill-E, Ak4:20",artist_not_found
"SK GoldenBoy, Tirri La Roca",artist_not_found
"Rauf & Faik, NILETTO",artist_not_found
"Ashnikko, Princess Nokia",artist_not_found
"21 Savage, Metro Boomin, Drake",artist_not_found
"Karan Aujla, Tania",artist_not_found
"iann dior, Lil Baby",artist_not_found
"Alok, Dynoro",artist_not_found
"Tuna Kiremitçi, Yıldız Tilbe",artist_not_found
"Neha Kakkar, Mika Singh, Kumar Sanu",artist_not_found
"Justin Timberlake, JAY-Z",artist_not_found
"Mc Lele JP, MC Neguinho do Kaxeta",artist_not_found
"Broiler & Sirkus Eliassen, Broiler, Sirkus Eliassen",artist_not_found
"Danny Romero, Saga & Sonyc",artist_not_found
"V $ X V PRiNCE, Tony Tonite",artist_not_found
"LXNER, quiizzzmeow",artist_not_found
"PAX Paradise Auxiliary, The Motans",artist_not_found
"RAF Camora, Juju",artist_not_found
"SB Maffija, Białas, Fukaj, Kinny Zimmer, Janusz Walczuk, Lanek, Nypel, Pedro, francis",artist_not_found
Jonasu,artist_not_found
"Taiwan MC, Paloma Pradal",artist_not_found
"Frenna, Diquenza, Latifah",artist_not_found
"Tee Jay, Rascoe Kaos, Mr JazziQ, Sir Trill, ThackzinDJ, Boohle",artist_not_found
"Deep Jandu, DIVINE",artist_not_found
"MC HotDog, Eve Ai",artist_not_found
"MC Teteu, MC Ks, Dj Serpinha",artist_not_found
"Thiago Brava, Pikeno & Menor",artist_not_found
"Malik Montana, K Koke",artist_not_found
"JILLZAY, Magg '98, Cheenah, Ben'z, Skryptonite, 104, Truwer, Kolyaolya",artist_not_found
"Aron Can, Friðrik Dór",artist_not_found
"Young Igi, Margaret",artist_not_found
"Smith & Thell, Swedish Jam Factory",artist_not_found
"Benji & Fede, Annalisa",artist_not_found
"Ali B, Brace, Kenny B",artist_not_found
"Infernal, Jimilian, Branco",artist_not_found
"Bvcovia, Marko Glass, Alberto Grasu",artist_not_found
"Nik Tendo, Koky",artist_not_found
"Night Skinny, Noyz Narcos, Marracash, Capo Plaza",artist_not_found
"Pil C, Calin",artist_not_found
"Jerry Di, Zion & Lennox, Lyanno, Noriel, Luis Alberto Ambrosio Cuque, Pablo C Fuentes, Wilmo Belisario",artist_not_found
Ember Island,artist_not_found
"HesaÄijä, Mäkki",artist_not_found
"Mida, LAX",artist_not_found
"Yung Felix, Poke, Bizzey",artist_not_found
"Heuss L'enfoiré, Soolking",artist_not_found
"JVG, Gasellit, Gracias, Juno, Kube, Paperi T, Stepa, Särre",artist_not_found
"Big Apple, Damas Gratis, Kaleb Di Masi, Homer El Mero Mero, Omar Varela",artist_not_found
"Abyusif, Ismail Nosrat",artist_not_found
"Laddi Chahal, Parmish Verma, Gurlez Akhtar",artist_not_found
"Nabila Razali, MK (K CLIQUE)",artist_not_found
"Pretty, NODE",artist_not_found
"Asees Kaur, Ved Sharma",artist_not_found
"Alok, Felix Jaehn, The Vamps",artist_not_found
"The Kid LAROI, Polo G, Stunna Gambino",artist_not_found
"De La Ghetto, J Balvin",artist_not_found
"Alan Walker, salem ilese",artist_not_found
"Gasellit, JVG",artist_not_found
"Itzo Hazarta, Bobo",artist_not_found
"T3R Elemento, Gerardo Ortiz",artist_not_found
"Miyo, Young Igi",artist_not_found
"Dzharo & Khanza, kavabanga Depo kolibri",artist_not_found
"Light, FLY LO, SRNO",artist_not_found
"Beathoven, Henrik von Grogg",artist_not_found
"Kay One, Pietro Lombardi",artist_not_found
"Adel Tawil, PEACHY",artist_not_found
"Sick Luke, Shiva, Capo Plaza, Tedua, Pyrex",artist_not_found
"ROLLÀN, F1rstman",artist_not_found
"Grupo Firme, Grupo Codiciado",artist_not_found
"Ty Dolla $ign, E-40",artist_not_found
"BLOODY VINYL, Slait, thasup, Mara Sattei, Coez",artist_not_found
"Hassan Shakosh, Hamada Magdy",artist_not_found
"Beton.Hofi, Lil Frakk, Krúbi",artist_not_found
"BLOODY VINYL, Slait, MILES, Salmo, Taxi B, Greg Willen",artist_not_found
"The La Planta, EL NOBA, Locura Mix",artist_not_found
"D-Block Europe, AJ Tracey",artist_not_found
"B.Baby, Asme",artist_not_found
"Mac Miller, The Temper Trap",artist_not_found
"Hawk, Tsaki, Baghdad",artist_not_found
"Eleni Foureira, Hawk",artist_not_found
"Rytmus, Fillipian",artist_not_found
"Jerry Heil, Verka Serduchka",artist_not_found
"Alan Walker, David Whistle",artist_not_found
"Alzate, Yeison Jimenez",artist_not_found
"PA Sports, Kianush, Jamule",artist_not_found
"aLee DJ, Zeta Music",artist_not_found
"Rita Ora, Bebe Rexha, Charli XCX, Cardi B",artist_not_found
"Namika, Beatgees",artist_not_found
"BIN, LUDMILLA, Mainstreet, Dallass",artist_not_found
"F.HERO, Bright Vachirawit",artist_not_found
"Morat, Alvaro Soler",artist_not_found
Bbnbooda,artist_not_found
"Levante, Max Gazzè",artist_not_found
"Arcangel, De La Ghetto",artist_not_found
"Alok, Zeeba, iRO",artist_not_found
"Dimitri Vegas & Like Mike, Quintino, Boef, Ronnie Flex, Ali B, I am Aisha",artist_not_found
"Eix, Rauw Alejandro, Noriel, KEVVO, Brytiago, Jay Wheeler",artist_not_found
"Gilli, KESI",artist_not_found
"Aleman, Snoop Dogg",artist_not_found
"HOMIES, Uneducated Kid, Paul Blanco",artist_not_found
"FABRO, MYA",artist_not_found
"Figo Eld5lawe, Hamo Bika, Shakosh, Nour Eltoot, Ali Qadora",artist_not_found
"Simba La Rue, Baby Gang, Philip",artist_not_found
"Alexander Oscar, SVEA",artist_not_found
"Turac Berkay, Belma Şahin",artist_not_found
"Jul, Ninho",artist_not_found
"Treintisiete, La Demente",artist_not_found
"Sobel, Czarny HIFI, Michał Szczygieł, Piotrek Lewandowski",artist_not_found
"Slogan, iLLEOo",artist_not_found
"MONSTAR, GREY-D",artist_not_found
"Sivas, Lord Siva",artist_not_found
"Wowy, JoliPoli",artist_not_found
"שם טוב האבי, Tamir Bar, Yishay Swissa, Ravid Plotnik",artist_not_found
"Mirani, Munchman, Khundi Panda, MUSHVENOM, GroovyRoom, JUSTHIS",artist_not_found
"Rita Ora, Chris Brown",artist_not_found
"Petter, Madi Banja",artist_not_found
"FSK SATELLITE, Sfera Ebbasta, Greg Willen, Charlie Charles",artist_not_found
"2115, Bedoes 2115, Kuqe 2115, White 2115, Blacha 2115, Flexxy 2115",artist_not_found
"Eric Chou, 許瑋甯",artist_not_found
"MC Braz, MC Gabluca",artist_not_found
"Linda Vidala, KingSkurkOne",artist_not_found
"Jax Jones, Mabel, Rich The Kid",artist_not_found
"Greekazo, Dree Low",artist_not_found
"Chefin, Mainstreet",artist_not_found
"Nik Tendo, Hasan, Calin",artist_not_found
"VIZE, Tokio Hotel",artist_not_found
"Gromee, Jesper Jenset",artist_not_found
"MC Kevin o Chris, POCAH",artist_not_found
"Big Sean, Post Malone",artist_not_found
"Hatik, Jok'air",artist_not_found
"MC Kevinho, Leo Santana",artist_not_found
"Yzomandias, Nik Tendo, Smack",artist_not_found
"Mura Masa, Bonzai",artist_not_found
"Branco, Kojo Funds",artist_not_found
"El Reja, The La Planta",artist_not_found
"Anna Kendrick, Justin Timberlake",artist_not_found
"Numidia, Famke Louise",artist_not_found
"MD$, Fabe, Mikael Gabriel, Reino Nordin",artist_not_found
"ClubDub, Mambakid",artist_not_found
"ADHD, Rasmus Paludan",artist_not_found
"Didine Canon 16, Djalil Palermo",artist_not_found
"Preslava, Lidia",artist_not_found
"DJ Tao, Ecko",artist_not_found
"Chacho Ramos, Lucas Sugo, Matías Valdez",artist_not_found
"A Si, Yoga Lin",artist_not_found
"SB Maffija, Bedoes 2115, Fukaj, Jan-Rapowanie",artist_not_found
"MG, SNIK",artist_not_found
"Gazo, Freeze corleone",artist_not_found
"Abdul Hannan, Shahmeer Raza Khan",artist_not_found
"Josylvio, Frenna",artist_not_found
"Alok, Matheus & Kauan",artist_not_found
"Lil Kleine, JoeyAK",artist_not_found
"Nekfeu, Vanessa Paradis",artist_not_found
"ThackzinDJ, Tee Jay, Sir Trill, Dlala Thukzin, Nkosazana_Daughter, Rascoe Kaos, Moscow, Mpura",artist_not_found
"Daft Punk, Panda Bear",artist_not_found
"Deborah Iurato, Giovanni Caccamo",artist_not_found
"Dardan, Mozzik",artist_not_found
"1.Cuz, Einár, Dree Low",artist_not_found
"Merk & Kremont, DNCE",artist_not_found
"Myke Towers, Jhay Cortez",artist_not_found
"Dave, MoStack",artist_not_found
"Armaan Malik, Vishal Mishra",artist_not_found
"DJ Project, MIRA",artist_not_found
"Costa Gold, Luccas Carlos, Don L",artist_not_found
"Yzomandias, Separ",artist_not_found
"Eminem, Royce Da 5'9""",artist_not_found
"Hava, Dardan",artist_not_found
"Kontrafakt, Stevie",artist_not_found
"AJ Tracey, Mabel",artist_not_found
"Jam Hsiao, Yoga Lin",artist_not_found
"Mabel, Not3s",artist_not_found
"Volkan, RH",artist_not_found
"Inder Chahal, Karan Aujla",artist_not_found
"Distrito 23, Raffé, Chefin, Jhowzin, Oruam",artist_not_found
"Jhayco, Skrillex",artist_not_found
"Pooh Shiesty, Lil Durk",artist_not_found
"Anitta, Myke Towers, Cardi B",artist_not_found
"Mastiksoul, Laton",artist_not_found
"Amel Bent, Imen Es",artist_not_found
"BIN, Mainstreet, Mãolee",artist_not_found
"MC Teteu, Dj Serpinha",artist_not_found
"MC Cabelinho, Cyclope Beatz, Red, meLLo",artist_not_found
"Pablo Chill-E, El Futuro Fuera De Orbita",artist_not_found
"Smiley, Drake",artist_not_found
"Ghetto, Farruko, Nino Freestyle",artist_not_found
"VC Barre, 23",artist_not_found
"Capital Bra, Capital T",artist_not_found
"Rasskulz, BKO, Saffeh",artist_not_found
"Chase Anthony, JóiPé",artist_not_found
"Maluma, Chencho Corleone",artist_not_found
"Duki, Justin Quiles, Bizarrap",artist_not_found
"Separ, Ben Cristovao",artist_not_found
"SB Maffija, White 2115",artist_not_found
"Bilal Sonses, Yıldız Tilbe",artist_not_found
"Romeo Santos, Frank Reyes",artist_not_found
"Moscow, Rafiek",artist_not_found
"Polo G, Lil Wayne",artist_not_found
"Julianno Sosa, King Savagge",artist_not_found
"Yksi Totuus, Danny",artist_not_found
"Ketama126, Tedua, Chris Nolan",artist_not_found
"Meesha Shafi, Faris Shafi",artist_not_found
"Santhosh Narayanan, Anirudh Ravichander",artist_not_found
"Jul, Naps",artist_not_found
"Lleflight, Pablo Chill-E, Gino Mella, Julianno Sosa, El Jordan 23, King Savagge, Polimá Westcoast, Drago200, Jairo Vera, Galee Galee, Best",artist_not_found
"Snelle, Ronnie Flex",artist_not_found
"Einár, SAMI",artist_not_found
"Bang For The Buck, Pete Parkkonen",artist_not_found
"Diplo, French Montana, Lil Pump, Zhavia",artist_not_found
"Trueno, ONIRIA, TATOOL, Taiu",artist_not_found
"Naar, Shayfeen, Hornet La Frappe",artist_not_found
"Bizarrap, John C",artist_not_found
"Anna Vissi, Daphne Lawrence",artist_not_found
"Nane, Ian, Oscar, Amuly, NOSFE",artist_not_found
"23, C.Gambino",artist_not_found
"HEDIA, Kristen Marie",artist_not_found
"WC no Beat, Igão, Yunk Vino, Kyan, Marginal Supply",artist_not_found
"Arman Cekin, Paul Rey, Snoop Dogg",artist_not_found
"Erika Vikman, Arttu Wiskari",artist_not_found
"Räpfaija, Lydia Kenig",artist_not_found
"MORGENSHTERN, Lil Pump",artist_not_found
"Ritviz, Seedhe Maut",artist_not_found
"Aspy, Aerozen, Tussin",artist_not_found
"Bryant Myers, Cosculluela",artist_not_found
"Lidia, Dessita, Diona",artist_not_found
"Noizy, RAF Camora",artist_not_found
"Salmo, Nitro",artist_not_found
"Jerry Smith, Mc Nando Dk, DJ Cassula",artist_not_found
"Noa Kirel, Mergui",artist_not_found
"MACHETE, Salmo, Lazza",artist_not_found
"Madame, Gaia",artist_not_found
"Mc Gabzin, DJ TAK VADIÃO, dj sv",artist_not_found
"Lizzo, Cardi B",artist_not_found
"MEDUZA, James Carter, Elley Duhé, FAST BOY",artist_not_found
"Busta 929, Boohle, Zuma",artist_not_found
"El Alfa, T.Y.S, Chael Produciendo",artist_not_found
"Dirty Harry, TOQUEL, Ortiz",artist_not_found
"Juan Caoile, Kyleswish",artist_not_found
"Majid Jordan, PARTYNEXTDOOR",artist_not_found
"Ezio Oliva, MOLY",artist_not_found
"Voyage, SNIK",artist_not_found
"Davi Kneip, Mc Frog, Dj Gabriel do Borel, Luísa Sonza",artist_not_found
"Niels Destadsbader, Regi",artist_not_found
"Ovy On The Drums, TINI",artist_not_found
"Gorgon City, Katy Menditta",artist_not_found
"Sia, The Weeknd, Diplo",artist_not_found
"Milo K, Ricko, Poeta Callejero, Miguel Duarte",artist_not_found
"Antonio Orozco, KAROL G",artist_not_found
"Halott Pénz, Agebeat & Kovary",artist_not_found
"Burna Boy, Don Jazzy",artist_not_found
"Atif Aslam, Pritam",artist_not_found
"Ozuna, Yandel",artist_not_found
"Nerieš, The Paranoid",artist_not_found
"Mark B., Don Miguelo",artist_not_found
"Myke Towers, Ñengo Flow",artist_not_found
"Lennis Rodriguez, Juan Magán",artist_not_found
"A$AP Ferg, Nicki Minaj",artist_not_found
"Dessita, Emrah",artist_not_found
"Mor, Avi Aburomi",artist_not_found
"Mole, BARBEL, Fulo El Yeyo, Tot, Kabliz",artist_not_found
"Keung To, Fatboy",artist_not_found
"Asaf Avidan & the Mojos, Wankelmut",artist_not_found
"Japiaguar, Mama Santa",artist_not_found
"Aslı Demirer, Gökhan Türkmen",artist_not_found
ASTN,artist_not_found
"Mellow & Sleazy, Justin99",artist_not_found
"RAP VIỆT, Sol7",artist_not_found
"DJ TOPO, Mc Cyclope, MC PR",artist_not_found
"Baby Gang, Bobo",artist_not_found
"Guzior, Kukon",artist_not_found
"Dillom, Evar, Omar Varela",artist_not_found
"Kabe, Kizo",artist_not_found
"Marka Akme, The La Planta",artist_not_found
"Alesso, Katy Perry",artist_not_found
"BIN, Mainstreet, Ajaxx",artist_not_found
"Emrah Karaduman, Çağla",artist_not_found
"Smolasty, Tymek",artist_not_found
Emre Fel,artist_not_found
"Seeb, Jacob Banks",artist_not_found
"Sevn Alias, Frenna, D-Double",artist_not_found
"Messiah, Tali",artist_not_found
"DA Uzi, Ninho",artist_not_found
"Capital Bra, CRO",artist_not_found
"Orochi, Dallass",artist_not_found
"Nick Brewer, Bibi Bourelly",artist_not_found
"Morissette, Daniel Padilla",artist_not_found
"Dash Y Cangri, Sashi, Carlitos Junior, Tommy Boysen",artist_not_found
"Justin Quiles, Sech, Jowell & Randy",artist_not_found
"Sadam, Solid",artist_not_found
"Isah, Dutty Dior",artist_not_found
"LOVV66, Skryptonite",artist_not_found
"Popkiller Młode Wilki, Zeamsone, Frosti, Kamil Pivot, White 2115, Fejz, Jan-Rapowanie",artist_not_found
"Meek Mill, Sound M.O.B., Tory Lanez",artist_not_found
"Lil Durk, Lil Baby, Polo G",artist_not_found
"Malik Montana, Tovaritch",artist_not_found
"Nimo, Capo",artist_not_found
"Toledo, KAVVO, RVS",artist_not_found
"Kendji Girac, Dadju",artist_not_found
"Julia Michaels, Trippie Redd",artist_not_found
"Sergei Barracuda, Ektor",artist_not_found
"Brødrene Bausa, Thomskalle, Ginger Joe",artist_not_found
"AMEE, Ricky Star",artist_not_found
"Gorgon City, MNEK",artist_not_found
"M-22, Medina",artist_not_found
"CLiQ, Alika",artist_not_found
"Kabasaki, Israel B, Quevedo",artist_not_found
"yuji, putri dahlia",artist_not_found
"Mc Th, G5 Deboxe, Medellin",artist_not_found
"Yzomandias, NobodyListen, Nik Tendo, Jickson",artist_not_found
"Capital Bra, King Khalil",artist_not_found
"Cledos, BEHM",artist_not_found
"Tinie Tempah, Tinashe",artist_not_found
"Poco Lee, Hotkid",artist_not_found
"Yashraj, Dropped Out, Talwiinder",artist_not_found
"Eminem, Dina Rae",artist_not_found
"187 Strassenbande, Bonez MC, Gzuz",artist_not_found
"Chamath Sangeeth, Yohani, Satheeshan",artist_not_found
"Pineapple StormTv, Knust, Cesar Mc, Chris, Xamã, Salve Malak",artist_not_found
"Hứa Kim Tuyền, GREY D",artist_not_found
"Ufo361, CÉLINE",artist_not_found
"Navv Inder, Lisa Mishra, Raja Kumari",artist_not_found
"ghosty punk, Calinacho",artist_not_found
"Lary Over, Anuel AA, Bryant Myers, Almighty, Brytiago",artist_not_found
"Kali, Peter Pann, Sima",artist_not_found
"Sobel, Lezter",artist_not_found
"Yellow Claw, Rochelle",artist_not_found
"Darell, Pablo Chill-E",artist_not_found
"SEVEN 7oo, Rondodasosa, Sacky, Vale pain, Neima Ezza, Kilimoney, Keta, Nko",artist_not_found
"Spekti, Titta",artist_not_found
"Ajey Nagar (CarryMinati), Wily Frenzy",artist_not_found
"BRÍET, palmi., Aron Can",artist_not_found
"ODUMODUBLVCK, Zlatan, ECko Miles",artist_not_found
"El Alfa, Chael Produciendo, Maceo El Perro Blanco",artist_not_found
"ALEE, APU",artist_not_found
"Pritam, Arijit Singh, Amitabh Bhattacharya",artist_not_found
"At' Fat, Dubosky, Yemil",artist_not_found
"Petri Nygård, Sanna",artist_not_found
"DJ BRUNIN DA NT, Mc Topre",artist_not_found
"187 Strassenbande, Maxwell, Gzuz, Bonez MC",artist_not_found
"Genetikk, Sido",artist_not_found
"Gson, Slow J, Sam The Kid",artist_not_found
"Israel B, C. Tangana, LOWLIGHT",artist_not_found
"Benjamin Ingrosso, Moonica Mac",artist_not_found
"Thug Slime, Mad Clip, Light",artist_not_found
"Club Dogo, Arisa",artist_not_found
"JACKBOYS, Travis Scott, Don Toliver",artist_not_found
"3 Sud Est, Andra",artist_not_found
"Morgan Sulele, Innertier",artist_not_found
"Josylvio, Lijpe",artist_not_found
"V:RGO, EMIL TRF",artist_not_found
"Yen-J, PEACE",artist_not_found
"Rahul Sipligunj, Kala Bhairava, M. M. Keeravani",artist_not_found
"Jovani, Justinas Jarutis",artist_not_found
"Bleak Purdy, Cozie",artist_not_found
"Guè, Dj Harsh",artist_not_found
"Daddy Yankee, Zion & Lennox",artist_not_found
"Mc Livinho, DJ Marlboro",artist_not_found
"D-Block Europe, Aitch",artist_not_found
"Mike Mago, Dragonette",artist_not_found
"Endzone, TM",artist_not_found
"F.HERO, BamBam",artist_not_found
"Medi, Gabriella",artist_not_found
"Molec, Mila Robert",artist_not_found
"Jimilian, Skinz",artist_not_found
"Laylow, Damso",artist_not_found
"SANNI, Apocalyptica",artist_not_found
"Dopebwoy, 3robi, Boef, SRNO",artist_not_found
Bene,artist_not_found
"Marco Borsato, Jada Borsato, Day Ewbank, John Ewbank",artist_not_found
"Kaka, Inder Chahal, Himanshi Khurana",artist_not_found
"Rvfv, Lola Indigo",artist_not_found
"GLK, Heuss L'enfoiré",artist_not_found
"Le classico organisé, Lacrim, Alonzo, Mister You, Jul, Niro, Kofs, Le Rat Luciano, UZI",artist_not_found
"A$AP Rocky, Skrillex, Birdy Nam Nam, Lord Flacko",artist_not_found
"Eladio Carrion, Nicki Nicole",artist_not_found
"Lauwtje, Famke Louise, Poke",artist_not_found
"Rich Music LTD, Dalex, Justin Quiles, Darell, Dímelo Flow",artist_not_found
"C.R.O, Cazzu",artist_not_found
"Naps, Soolking",artist_not_found
"Yelah, Sannur, iyanereper",artist_not_found
"Kalash, Luciano",artist_not_found
"Aron Can, Unnsteinn",artist_not_found
"Zola, SCH",artist_not_found
"HammAli & Navai, Jah Khalib",artist_not_found
"Cheek, SANNI, VilleGalle",artist_not_found
"Dj Rasimcan, K-Young",artist_not_found
"Costa Gold, MC Ryan SP, Pedro Lotto, Paiva Prod",artist_not_found
"Dopebwoy, MHD",artist_not_found
"Ghali, thasup",artist_not_found
"Tur-G, Andy VDM",artist_not_found
"Rusherking, Tiago PZK",artist_not_found
"Los Turros, Brian Sarmiento",artist_not_found
"Afroto, Marwan Moussa",artist_not_found
"Offset, Cardi B",artist_not_found
"Leon Somov, Saulės Kliošas, JUSTÉ",artist_not_found
"Lukas Leon, Aleksanteri Hakaniemi",artist_not_found
"India Martinez, Melendi",artist_not_found
"Fuego, J Balvin",artist_not_found
"Illy, Anne-Marie",artist_not_found
"Deesmi, Onlife",artist_not_found
"PORTRAIT, THE RUBE",artist_not_found
"Bossikan, Roi 6/12, WhiteShadow",artist_not_found
"Duke Dumont, Gorgon City, NAATIONS",artist_not_found
"WANYAi, ปู่จ๋าน ลองไมค์",artist_not_found
"The Cratez, Sido, Kontra K, Montez",artist_not_found
"Kontra K, Sido, Leony",artist_not_found
"Medy, ANNA",artist_not_found
"BEGE, emir taha",artist_not_found
"Sidhu Moose Wala, AR Paisley",artist_not_found
"ChocQuibTown, Becky G",artist_not_found
"kizaru, Tory Lanez",artist_not_found
"Rae Sremmurd, Swae Lee, Slim Jxmmi",artist_not_found
"Gleb, Luna 99, Fobia Kid, Big Horse, Kaput",artist_not_found
"SERIOUS BACON, Copter",artist_not_found
"Deemz, Young Igi, Qry",artist_not_found
"Ashafar, Josylvio",artist_not_found
"MACHETE, Jack The Smoker, Beba, Salmo",artist_not_found
"Guru Randhawa, Pitbull, DJ BLACKOUT, Dj Money Willz",artist_not_found
"Deep London, Boohle",artist_not_found
"Wankelmut, Emma Louise, MK",artist_not_found
"Capo Plaza, Gunna",artist_not_found
"Movits!, Maskinen",artist_not_found
"Dree Low, O Dawg",artist_not_found
"Sima, Separ",artist_not_found
"Prāta Vētra, Marina Kravets",artist_not_found
"Sons Of Zion, Jackson Owens",artist_not_found
"Jimmy P, Deejay Telio",artist_not_found
"Ezekiel Carl, Ingi Bauer",artist_not_found
"Bizi, william",artist_not_found
"Polimá Westcoast, Young Cister, Cris Mj",artist_not_found
"Grete Paia, pluuto",artist_not_found
"The Chainsmokers, Emily Warren",artist_not_found
"Tonsatt, Edward Blom",artist_not_found
"Njelic, Thabza Tee",artist_not_found
"GLOWINTHEDARK, SFB, Philly Moré, Lil Kleine",artist_not_found
"Samey, Zayo, Saul",artist_not_found
"benny blanco, Juice WRLD, Brendon Urie",artist_not_found
"Aria, Alisia",artist_not_found
"Ozuna, Wisin",artist_not_found
"Wisin, Ozuna, CNCO",artist_not_found
"Ronnie Flex, Tabitha",artist_not_found
"City Girls, Doja Cat",artist_not_found
"Jessica Shy, Nombeko Auguste",artist_not_found
"ToTo H, Marianoff",artist_not_found
"Alvaro, Faustix",artist_not_found
"Rack, Gio Melody, DJ.Silence",artist_not_found
"Bergsveinn, Magni, Hreimur, Grettiskórinn",artist_not_found
"Lou Hoang, Miu Lê",artist_not_found
"Cledos, Gettomasa",artist_not_found
"Ben&Ben, Moira Dela Torre",artist_not_found
"AK AUSSERKONTROLLE, Jugglerz",artist_not_found
"Giaime, Lazza, Emis Killa, Andry The Hitmaker",artist_not_found
"LIT killah, Maria Becerra",artist_not_found
"Benjamin Ingrosso, FELIX SANDMAN",artist_not_found
"Pedro Paulo & Alex, Lucas Lucco",artist_not_found
"Klangkarussell, Will Heard",artist_not_found
"Ananda, Joker Beats",artist_not_found
"sanah, Grzegorz Turnau",artist_not_found
"Alan Gomez, Callejero Fino",artist_not_found
"Selmon, Bausa",artist_not_found
"Gemitaiz, MadMan, Mahmood",artist_not_found
"WIP Bros, Ekipa",artist_not_found
"Emis Killa, Jake La Furia, Geolier",artist_not_found
"Tymek, TEDE, Trill Pem, Michał Graczyk, 2K",artist_not_found
"Marcianos Crew, Duki, YSY A",artist_not_found
"Samey, Yzomandias",artist_not_found
"Antti Tuisku, BESS",artist_not_found
"DJ SMASH, MORGENSHTERN",artist_not_found
"Christopher, Matoma",artist_not_found
"Cledos, Pyhimys",artist_not_found
"Boza, Akim",artist_not_found
"Krisko, Toni Storaro",artist_not_found
"Haloo Helsinki!, JVG",artist_not_found
"Booba, Gato",artist_not_found
"Broederliefde, Ronnie Flex",artist_not_found
"Sevn Alias, Jonna Fraser, Lijpe",artist_not_found
"Bizarrap, Axel Fiks, Paco Amoroso",artist_not_found
"Lola Indigo, Beret",artist_not_found
"Koba LaD, Maes, Zed",artist_not_found
"VIZE, Alan Walker, Edward Artemyev, Leony",artist_not_found
"Emcee L (Da LAB), Muộii",artist_not_found
"Showtek, MC Ambush",artist_not_found
"Jul, Abduh",artist_not_found
"Ali B, Nielson",artist_not_found
"Pritam, Arijit Singh, Nikhita Gandhi",artist_not_found
"МОТ, LYRIQ",artist_not_found
"MamboLosco, Boro Boro",artist_not_found
"Anirudh Ravichander, Anthony Daasan",artist_not_found
"$kyhook, Morad",artist_not_found
"KALIM, Luciano",artist_not_found
"Taco Hemingway, Lanek",artist_not_found
"HAVAL, Manny Flaco",artist_not_found
"Samey, Dalyb, Ego",artist_not_found
"Carl Brave, Gemitaiz",artist_not_found
"Carla's Dreams, EMAA",artist_not_found
"Focalistic, Vigro Deep",artist_not_found
"TaynguyenSound, Tùng TeA, PC",artist_not_found
"El Zeta, Akim, Anyuri, Chamaco, wvltz",artist_not_found
"Bilge Nihan, Bahadır Tatlıöz",artist_not_found
"KHEA, Duki",artist_not_found
"Alisia, Boris Soltariyski",artist_not_found
"Omy de Oro, Jay Wheeler, Nio Garcia",artist_not_found
Elina Born & Stig Rästa,artist_not_found
"Damso, Hamza",artist_not_found
"Ludwig, Cecilia Cantarano",artist_not_found
"Black Coffee, David Guetta, Delilah Montagu",artist_not_found
"Dardan, Xiara",artist_not_found
"HMB, Carminho",artist_not_found
"estraden, Victor Leksell",artist_not_found
"Nego do Borel, Luan Santana",artist_not_found
"PLK, Niska",artist_not_found
"Paky, Shiva, Kermit",artist_not_found
"Montiego, Lvbel C5, Batuflex",artist_not_found
"Luísa Sonza, Vitão",artist_not_found
"Lil Peep, Nedarb",artist_not_found
"ALI, AKLO",artist_not_found
"Pailita, El Casti, Bigcvyu",artist_not_found
"Tedua, Chris Nolan, AVA, Capo Plaza",artist_not_found
"DJ Project, Roxen",artist_not_found
"TheOvertunes, Monita Tahalea",artist_not_found
"Mr JazziQ, 9umba, Zuma, Mpura",artist_not_found
"Donnalyn, Shehyee",artist_not_found
"Illy, Vera Blue",artist_not_found
"ercsé, GNOV, Popa",artist_not_found
"Jetta, Matstubs",artist_not_found
"Amylea, Kaer",artist_not_found
"Solange Almeida, Wesley Safadão",artist_not_found
"Ben Cristovao, The Glowsticks",artist_not_found
"Vicente Garcia, Juan Luis Guerra 4.40",artist_not_found
"MYA, LIT killah, Rusherking",artist_not_found
"Don Mills, northfacegawd, sokodomo, Khakii, A-chess",artist_not_found
"Jhené Aiko, H.E.R.",artist_not_found
"El Alfa, Farruko, De La Ghetto, Bryant Myers, Zion, Noriel, Villanosam",artist_not_found
"Kabza De Small, DJ Maphorisa, Semi Tee, Miano, Kammu Dee",artist_not_found
"DJ Zinhle, Mvzzle, Rethabile",artist_not_found
"pluuto, nublu, Reket",artist_not_found
"Olga Lounova, Miloš Knopp, Ondřej Valenta, Lukáš Čunta",artist_not_found
"Chilam, Kwan Gor",artist_not_found
黃劍文,artist_not_found
"Arash, Snoop Dogg",artist_not_found
"Slogan, MG",artist_not_found
"Salmo, Sfera Ebbasta",artist_not_found
"A36, Branco, Kamelen",artist_not_found
"Flo Rida, Maluma",artist_not_found
"Beathoven, DJ Black, Jaannybravo, Solguden",artist_not_found
"Arijit Singh, Chinmayi",artist_not_found
"Natanael Cano, Ovi",artist_not_found
"Fricky, Academics",artist_not_found
"Kaifi Khalil, Eva B, Wahab Bugti",artist_not_found
"Kudos, Madcum",artist_not_found
"Kevin Roldan, Arcangel",artist_not_found
"Madd, ElGrandeToto",artist_not_found
"Gestört aber GeiL, Sebastian Hämer",artist_not_found
"W/N, Duongg, Nâu",artist_not_found
"Super Sako, Spitakci Hyko",artist_not_found
"Pepe Quintana, Farruko, Lary Over, Ñengo Flow, Darell",artist_not_found
"Dani Martín, Joaquín Sabina",artist_not_found
"Jeff Costa, Mc Danny",artist_not_found
"Robin Schulz, HUGEL",artist_not_found
"Dhibu Ninan Thomas, Anirudh Ravichander",artist_not_found
"Beton.Hofi, Hundred Sins",artist_not_found
"Reik, Rauw Alejandro",artist_not_found
"CantoParaBailar, Lucas Sugo",artist_not_found
"Hansie, Cháyenne",artist_not_found
"Mc Livinho, Mc Pedrinho",artist_not_found
"Pitbull, Enrique Iglesias",artist_not_found
"Näääk, Fricky, Denz",artist_not_found
"Gettomasa, Van Hegen",artist_not_found
"Travis Scott, ROSALÍA, Lil Baby",artist_not_found
"Young Igi, Otsochodzi",artist_not_found
"Yksi Totuus, Frederik",artist_not_found
"DJ Lucas Beat, Vitor Fernandes",artist_not_found
"Tiago PZK, Ozuna",artist_not_found
"Abdullah Siddiqui, Atif Aslam",artist_not_found
"Białas, White 2115",artist_not_found
"Mc Rennan, DJ Braga Oficial",artist_not_found
"DJ Rusty, Robin Zoot, Yzomandias, Nik Tendo",artist_not_found
"Muhab, El Seif",artist_not_found
"TopGunn, ICEKIID",artist_not_found
"SANNI, Cheek",artist_not_found
"Ofenbach, Benjamin Ingrosso",artist_not_found
"Mr JazziQ, Khanyisa",artist_not_found
"TOQUEL, For3al, Beyond",artist_not_found
"João Gomes, Vitor Fernandes",artist_not_found
"Duke & Jones, Louis Theroux",artist_not_found
"Faisal Kapadia, Young Stunners",artist_not_found
"Grogi, Khontkar",artist_not_found
"Prince Royce, Snoop Dogg",artist_not_found
"Ventino, Lalo Ebratt, Yera",artist_not_found
"Nej, Tagne",artist_not_found
"Żabson, Vladimir Cauchemar",artist_not_found
Ax Dain,artist_not_found
"Платина, OG Buda, MAYOT",artist_not_found
"Karetus, Wet Bed Gang",artist_not_found
"Capo, Nimo, Juju",artist_not_found
"CA7RIEL, Paco Amoroso",artist_not_found
"Fernando & Sorocaba, Jorge & Mateus",artist_not_found
"Disclosure, Eliza Doolittle",artist_not_found
"Carla's Dreams, INNA, Irina Rimes, The Motans",artist_not_found
"Hajtkovič, Ego, Kali",artist_not_found
"Ollane, MiyaGi",artist_not_found
"Lorenzo, Vald",artist_not_found
"Kaka Azraff, Noki, LOCA B",artist_not_found
"Marso, Bobkata, Tsvetina",artist_not_found
"Los 2 de la S, Banda MS de Sergio Lizárraga",artist_not_found
"Arcangel, DJ Luian, Nicky Jam",artist_not_found
"Gradur, Franglish",artist_not_found
"Niska, MHD",artist_not_found
"Tomine Harket, Unge Ferrari",artist_not_found
"Gaeko, Ourealgoat, SINCE, Ahn byeong woong, Tabber, Gwangil Jo",artist_not_found
"Pablo Chill-E, Julianno Sosa",artist_not_found
"Falz, Chike",artist_not_found
"Teflon Brothers, Spekti, Petri Nygård",artist_not_found
OFFAIAH,artist_not_found
"Felo Le Tee, Myztro, Daliwonga",artist_not_found
"Lazza, Geolier",artist_not_found
"TUZZA Globale, Taco Hemingway",artist_not_found
"Nerieš, Dame",artist_not_found
"UNDRESSD, Ellie May",artist_not_found
"Jesper Livid, Shaka Loveless",artist_not_found
"Antti Tuisku, Erin",artist_not_found
"Wizkid, BNXN fka Buju",artist_not_found
"CD9, Juhn",artist_not_found
"Chris Lebron, La Ross Maria",artist_not_found
"Chico, Qatoshi",artist_not_found
"Otto Knows, Avicii",artist_not_found
"Headie One, AJ Tracey, Stormzy",artist_not_found
"LUM!X, PIA MARIA",artist_not_found
"Koba LaD, Ninho",artist_not_found
"Romeo Santos, Raulin Rodriguez",artist_not_found
"Eldzhey, MORGENSHTERN",artist_not_found
"Nitro, thasup, Gemitaiz",artist_not_found
"Pakho Chau, Janice Vidal",artist_not_found
"What So Not, George Maple",artist_not_found
"JONY, HammAli",artist_not_found
"Herra Hnetusmjör, Friðrik Dór",artist_not_found
"Näääk & Nimo, Kaliffa",artist_not_found
"เต้ ดาวิชญ์ กรีพลฤกษ์, ตี๋ ธนพล จารุจิตรานนท์",artist_not_found
"Kiko el Crazy, Ñengo Flow",artist_not_found
"Orelsan, GIMS",artist_not_found
"Citybois, TopGunn",artist_not_found
"ZAAC, Anitta, Tyga",artist_not_found
"Gin Lee, Jacky Cheung",artist_not_found
"Tyga, Doja Cat",artist_not_found
"Balbi El Chamako, Marcianeke, El BAI",artist_not_found
"Kato, TopGunn",artist_not_found
"Draganov, Tagne",artist_not_found
"cakal, Reckol",artist_not_found
"58G, Doktor, TK27, Humla",artist_not_found
"Itzo Hazarta, Qvkata DLG",artist_not_found
"Sidhu Moose Wala, Afsana Khan",artist_not_found
"Per Gessle, Lars Winnerbäck",artist_not_found
"The Main Level, Blvck O",artist_not_found
"Oscar, Amuly",artist_not_found
"Steve Aoki, Alan Walker, ISÁK",artist_not_found
"Patron, Ati242, Bedo, Emboli",artist_not_found
"thasup, Gemitaiz, MadMan",artist_not_found
"Lil Peep, Lil Tracy",artist_not_found
"Kevin, Lil Kleine, Chivv",artist_not_found
"Rain Radio, DJ Craig Gorman",artist_not_found
"Trannos, Stanley",artist_not_found
"Leroy Styles, Anjulie",artist_not_found
"Jacob Forever, Farruko, Abraham Mateo, Lary Over",artist_not_found
"DJ Sivo, Ceza, Gazapizm",artist_not_found
"Öed, nublu",artist_not_found
"BTS, Nicki Minaj",artist_not_found
"DJ Khaled, JAY-Z, Future",artist_not_found
"Jador, Emilia, Dodo, Jay Maly, Costi",artist_not_found
"Mithoon, Atif Aslam, Armaan Malik, Arijit Singh, Amaal Mallik, Salman Khan, Mohit Chauhan, Yo Yo Honey Singh, Ankit Tiwari, Sonu Nigam, Neeti Mohan, Sabri Brothers, Tulsi Kumar, Rashmi Virag, Dj Chetas",artist_not_found
"Chico Rose, 71 Digits",artist_not_found
"Zedd, Katy Perry",artist_not_found
"MC Ryan SP, Mc Kevin, Mc IG, MC Rick, Mc Brisola, Mc Davi, Dfideliz, Mc Dricka, Mc Vk, Mc Brinquedo, MC Paulin da Capital",artist_not_found
"Axwell /\ Ingrosso, RØMANS",artist_not_found
"T. Danny, Curtis",artist_not_found
"REDZED, Tsunami J.",artist_not_found
"Zeynep Bastık, Kozmos",artist_not_found
"Bilal Sonses, Bengü",artist_not_found
"Charlie Puth, James Taylor",artist_not_found
"Grupo Menos É Mais, Di Propósito, Vou Zuar",artist_not_found
"Gemitaiz, Coez",artist_not_found
"Alfa, Annalisa, Yanomi",artist_not_found
"THE TOYS, F.HERO",artist_not_found
Diego Gonzalez,artist_not_found
"SLF, MV Killa, Yung Snapp, Lele Blade, Vale Lambo",artist_not_found
"Broiler, Kurt Nilsen",artist_not_found
"RAP VIỆT, Rtee",artist_not_found
"Tymek, Nabo",artist_not_found
"TOQUEL, SIDARTA, Beyond",artist_not_found
"Albatraoz, Ture Brute",artist_not_found
"Darbuka Siva, Sid Sriram",artist_not_found
"Headhunterz, Tatu",artist_not_found
"Naar, Madd, Laylow, Shobee",artist_not_found
"Labyrint, Amsie Brown",artist_not_found
"Callejero Fino, L-Gante, Ecko, Kaleb Di Masi, Fili Wey, Homer El Mero Mero, John C, Papichamp",artist_not_found
"Wonderframe, อาม ชุติมา",artist_not_found
"Randy, De La Ghetto",artist_not_found
"KHEA, Brytiago",artist_not_found
"N.E.R.D, Rihanna, Pharrell Williams",artist_not_found
"Michel Teló, Jorge & Mateus",artist_not_found
"6ix9ine, DJ SpinKing",artist_not_found
"Savage, Victony",artist_not_found
"The Chainsmokers, Drew Love",artist_not_found
"Franglish, Tory Lanez",artist_not_found
"Russ Millions, YV, SwitchOTR, Buni, CH (GMD), Gazo, RoseReal",artist_not_found
"SIDARTA, Saske",artist_not_found
"Henri PFR, Romeo Blanco",artist_not_found
"Ozuna, Darell",artist_not_found
"Duki, Rels B",artist_not_found
"ADAAM, Dani M, Masse",artist_not_found
"Tream, treamiboii, HBz",artist_not_found
"Capital Bra, Clueso, KC Rebell",artist_not_found
"Alok, THRDL!FE",artist_not_found
"Charlie Charles, Izi, Rkomi, Sfera Ebbasta, Tedua, Ghali",artist_not_found
"Ego, Rytmus",artist_not_found
"Lacrim, Damso",artist_not_found
"Cheek, Nikke Ankara",artist_not_found
"SZA, Justin Timberlake",artist_not_found
"Salim, Amenazzy",artist_not_found
"Boomdabash, Loredana Bertè",artist_not_found
"Quality Control, Lil Baby, DaBaby",artist_not_found
"Los Chiches Vallenatos, Amin Martinez",artist_not_found
"Sidoka, Intactoz Corp.",artist_not_found
"Jordan Davis, Luke Bryan",artist_not_found
"Noah Kahan, Julia Michaels",artist_not_found
"Trevor Daniel, Selena Gomez",artist_not_found
"Kaleb Di Masi, DJ Tao",artist_not_found
"KXXMA, TurboKevin",artist_not_found
"Metth, Khontkar",artist_not_found
"Rap Demon, Talha Anjum, Umair",artist_not_found
"TOQUEL, FLY LO",artist_not_found
"Abraham Mateo, CNCO",artist_not_found
"Lil Mosey, Gunna",artist_not_found
"Saske, Beyond",artist_not_found
"Sfera Ebbasta, Marracash, Guè",artist_not_found
"Stephen Zechariah, Srinisha Jayaseelan",artist_not_found
"Rocco Hunt, Nicola Siciliano",artist_not_found
"LEA, MAJAN",artist_not_found
"Wizkid, Skepta, Naira Marley",artist_not_found
"Adam, SIMONA",artist_not_found
"Fiki, Niki, Toni Storaro, Emrah",artist_not_found
"T.O.T, Yemil",artist_not_found
"Kaleb Di Masi, Salastkbron, Alejo Isakk, Omar Varela",artist_not_found
"Yo Yo Honey Singh, Ipsitaa",artist_not_found
"Gringuitos Records, Balbi El Chamako, El Rey, Nickoog Clk, Jairo Vera",artist_not_found
"Clean Bandit, Topic, Wes Nelson",artist_not_found
"BE'O, Beenzino",artist_not_found
"Sippinpurpp, ProfJam",artist_not_found
"Lil Zey, Rosalie.",artist_not_found
"GLOWINTHEDARK, SFB, Philly Moré, Emms",artist_not_found
"Tita, Djena",artist_not_found
"Xir, No.1",artist_not_found
"Connect-R, Smiley",artist_not_found
"Blaiz Fayah, Tribal Kush",artist_not_found
"Dessita, Lidia, Tedi Aleksandrova",artist_not_found
"Xand Avião, Os Barões Da Pisadinha",artist_not_found
"Jairo Vera, Best",artist_not_found
"Fuego, Duki",artist_not_found
"Taco Hemingway, Bedoes 2115, Zeppy Zep",artist_not_found
Georg Stengel,artist_not_found
"SIN, Ohm Cocktail",artist_not_found
"DJ Khaled, Drake, Lil Baby",artist_not_found
"lIlBOI, GIRIBOY, BIG Naughty",artist_not_found
"Keko Salata, Ivone Cerdan",artist_not_found
"Daniel Caesar, Kali Uchis",artist_not_found
"Trannos, Light, Stanley",artist_not_found
"DeJ Loaf, Big Sean",artist_not_found
"Jack Harlow, Drake",artist_not_found
"Anelia, DENIS TEOFIKOV",artist_not_found
"Kontra K, Veysel",artist_not_found
"Frenna, Ronnie Flex, Snelle",artist_not_found
"Artigeardit, Barselona",artist_not_found
"Matoma, Gia Woods",artist_not_found
"Juanes, Alessia Cara",artist_not_found
"sanah, Dawid Podsiadło",artist_not_found
"Felo Le Tee, TOSS",artist_not_found
"Saif Nabeel, Balqees",artist_not_found
"Jake Miller, Travie McCoy",artist_not_found
"Fy, Mc Daddy, Display",artist_not_found
"Javed Ali, Devi Sri Prasad",artist_not_found
"Szpaku, Zdechły Osa, PSR",artist_not_found
"ZK, NODE",artist_not_found
"Macklemore & Ryan Lewis, Macklemore, Ryan Lewis, Ed Sheeran",artist_not_found
"Adekunle Gold, Ty Dolla $ign",artist_not_found
"Kalash, Sfera Ebbasta",artist_not_found
"Keko Salata, BESS, Sexmane",artist_not_found
"Timbaland, Keri Hilson, D.O.E.",artist_not_found
"Sexmane, Ege Zulu",artist_not_found
Sebastian Walldén,artist_not_found
"Amenazzy, Bad Bunny, Lito Kirino",artist_not_found
"Herra Hnetusmjör, Joe Frazier",artist_not_found
"Bvcovia, Petre Stefan",artist_not_found
"Durdenhauer, A$AP Rocky, Skepta",artist_not_found
"Naiara Azevedo, MC Kevinho",artist_not_found
"Malkata, Alexander Robov",artist_not_found
"Saske, Kareem Kalokoh",artist_not_found
"Sfera Ebbasta, Rvssian",artist_not_found
"Maximillian, Moira Dela Torre",artist_not_found
"Tyron Hapi, Mimoza",artist_not_found
"DG e Batidão Stronda, Felipe Amorim, Mc Danny",artist_not_found
"Julie Bergan, Ruben",artist_not_found
"Millonario & W. Corona, Cartel De Santa",artist_not_found
"Leslie Shaw, Mau y Ricky",artist_not_found
"Lasso, Cami",artist_not_found
"Sachin-Jigar, Darshan Raval, Neha Kakkar",artist_not_found
"Marcus Layton, JRDN",artist_not_found
"Raps On The Run, Dani Gambino, Dj The Boy",artist_not_found
"Gery-Nikol, 100 Kila",artist_not_found
"Krezip, Danny Vera",artist_not_found
"Dopebwoy, Yxng Bane",artist_not_found
"La Banda De Lechuga, Kevo DJ",artist_not_found
"Beatzarre & Djorkaeff, LEA, Capital Bra",artist_not_found
"Aerozen, Ian",artist_not_found
"RAVA, Azteca, Dj Sfera",artist_not_found
"Tedua, Paky, Shiva, Chris Nolan",artist_not_found
"Vou pro Sereno, LUDMILLA",artist_not_found
"Shweta Mohan, Shankar Mahadevan, Shankar-Ehsaan-Loy",artist_not_found
"Fernando & Sorocaba, Maiara & Maraisa",artist_not_found
"Skrillex, Fred again.., Flowdan",artist_not_found
"Bhad Bhabie, Lil Yachty",artist_not_found
"Chris Jedi, Anuel AA, Chencho Corleone, Ñengo Flow",artist_not_found
"Caleb Santos, Viva Music Publishing Inc.",artist_not_found
"Alok, iRO",artist_not_found
"Martin Garrix, Jay Hardway",artist_not_found
"Jón Jónsson, Friðrik Dór",artist_not_found
"Tiësto, Mabel",artist_not_found
"Benny Jamz, Gilli",artist_not_found
"Smolasty, Tribbs",artist_not_found
"Sohail Sen, Vishal Dadlani",artist_not_found
"88rising, Rich Brian, NIKI, Warren Hue",artist_not_found
"Joakim Lundell, Arrhult, Hector",artist_not_found
"Sebastian Yatra, Jorge Celedón, Rosario",artist_not_found
"Mariah Carey, Miguel",artist_not_found
"Tiakola, Rsko",artist_not_found
"Mad Clip, FLY LO, Strat",artist_not_found
"Rocco Hunt, Boomdabash",artist_not_found
"Lomepal, JeanJass",artist_not_found
"CHEN, BAEKHYUN, XIUMIN",artist_not_found
"Gareth.T, moon tang",artist_not_found
"GIMS, Mohamed Ramadan",artist_not_found
"Clara, Lord Siva",artist_not_found
"Tony Kakkar, Neha Kakkar",artist_not_found
"ELMAN, JONY",artist_not_found
"Yonnyboii, Zynakal, ASYRAF NASIR",artist_not_found
"Franco ""El Gorilla"", Ozuna",artist_not_found
"Taras Chubay, Плач Єремії",artist_not_found
"Sachet-Parampara, Sachet Tandon",artist_not_found
"Fally Ipupa, Booba",artist_not_found
"Donika, Dessita",artist_not_found
"LEA, Casper",artist_not_found
"Kristen Bell, Agatha Lee Monn, Katie Lopez",artist_not_found
"K-391, Alan Walker, Ahrix",artist_not_found
"Eyal Golan, Nasrin Kadri",artist_not_found
"Gilli, ICEKIID, Noah Carter",artist_not_found
"Emrah, Andro",artist_not_found
"Emilia, Alex Rose",artist_not_found
"Tymek, Kuba Karaś, Urbanski",artist_not_found
"Pijama Party, Valentina Olguin",artist_not_found
"Omer Adam, Eden Ben Zaken",artist_not_found
"Celo & Abdi, Olexesh, Nimo",artist_not_found
"Arijit Singh, Tanishk Bagchi",artist_not_found
"Makosir, William Gamborg",artist_not_found
"Max Brodie, Tom Rosenthal",artist_not_found
"Usher, Young Thug",artist_not_found
"Migrantes, Oscu, Rombai, Agapornis, Alico, Nico Valdi",artist_not_found
"Irina Rimes, Grasu XXL",artist_not_found
"Mabel Matiz, Sibel Gürsoy",artist_not_found
"Mad Clip, Eleni Foureira, Skive",artist_not_found
"Fumez The Engineer, A92, Offica",artist_not_found
"Marwan Moussa, الضبع",artist_not_found
"FOURTY, Mathea",artist_not_found
"Joyner Lucas, Chris Brown",artist_not_found
"hooligan., Kim Kunni",artist_not_found
"Azet, Albi",artist_not_found
"Pause, Soukaina fahsi",artist_not_found
"DENNIS, MC G15",artist_not_found
"Z.E, S.T",artist_not_found
"Dopebwoy, SRNO, Boef",artist_not_found
"ONE OK ROCK, Kiiara",artist_not_found
"Kungs, Ephemerals",artist_not_found
"David Carreira, Deejay Telio, MC Zuka",artist_not_found
"Mudd the student, AKMU",artist_not_found
"Calin, Viktor Sheen",artist_not_found
"fiedlerski, Ben Cristovao, STEIN27",artist_not_found
"J Hus, Burna Boy",artist_not_found
"Shiva, Emis Killa",artist_not_found
"Kontrafakt, Samey",artist_not_found
"Calcutta, Takagi, Ketra",artist_not_found
"MC WM, POCAH, Jerry Smith",artist_not_found
"Micro TDH, Myke Towers",artist_not_found
"Bonez MC, RAF Camora, Bausa",artist_not_found
"Żabson, Young Multi",artist_not_found
"Tuomas Kauhanen, Väinöväinö",artist_not_found
"Makhadzi, Master KG",artist_not_found
"Gromee, Lukas Meijer",artist_not_found
"Fonseca, Greeicy, Cali Y El Dandee",artist_not_found
"Agam Buhbut, Gal Adam",artist_not_found
"RAF Camora, KC Rebell",artist_not_found
"Chadia Rodriguez, Federica Carta",artist_not_found
"Kali, Major SPZ, Sir Mich, PlanBe",artist_not_found
"VillaBanks, Linch, Brando Luis",artist_not_found
"Halott Pénz, Kőváry Zoli",artist_not_found
"El Alfa, Yomel El Meloso, Zion & Lennox, Bulova, Jowell & Randy, Shadow Blow",artist_not_found
"Tyler ICU, Nicole Elocin, Kabza De Small, DJ Maphorisa",artist_not_found
"Gzuz, Kontra K",artist_not_found
"L5VAV, Shahyn",artist_not_found
"Kanye West, Gucci Mane, Big Sean, 2 Chainz, Travis Scott, Yo Gotti, Quavo, Desiigner",artist_not_found
"Post Malone, Meek Mill, Lil Baby",artist_not_found
"Auður, Birnir",artist_not_found
"ATC Nico, ATC Coco",artist_not_found
".Feast, Rayssa Dynta",artist_not_found
"TINI, La Joaqui, Steve Aoki",artist_not_found
"Gleb, Hatori Hanza",artist_not_found
"Haki, Bubbi Morthens",artist_not_found
"Sensey, Roxana",artist_not_found
"shadowraze, GENJUTSU",artist_not_found
"Jennifer Lopez, Ozuna",artist_not_found
"Robin Packalen, Nelli Matula",artist_not_found
"Deys, Przyłu",artist_not_found
"Young Thug, Lil Baby",artist_not_found
"Manuel Turizo, Noriel",artist_not_found
"Halva Priset, Maria Mena",artist_not_found
"Reynmen, Ben Büdü",artist_not_found
"Evgenya Redko, Lilas ir Innomine",artist_not_found
"kizaru, Big Baby Tape",artist_not_found
"william, Bizi",artist_not_found
"Anuel AA, Lito Kirino",artist_not_found
"DBN Gogo, Dinho, Felo Le Tee, Hi Levelz, Optimist Music ZA",artist_not_found
"Floni, Birnir, Joey Christ",artist_not_found
"Asake, Olamide",artist_not_found
"Mathieu Koss, Aloe Blacc",artist_not_found
"Mano Walter, Claudia Leitte",artist_not_found
"Anastasio, Don Joe",artist_not_found
"Momo, Majk Spirit",artist_not_found
"Dave, J Hus",artist_not_found
"DJ Muscleboy, Sverrir Bergmann",artist_not_found
"bryska, Mark Neve",artist_not_found
"MATTN, Magic Wand, Neisha Neshae",artist_not_found
"ByeAlex és a Slepp, Halott Pénz",artist_not_found
"Tokischa, Treintisiete",artist_not_found
"Izi, 7ari",artist_not_found
"BEGE, EFESAVAGE",artist_not_found
"M.O, Kent Jones",artist_not_found
"Polimá Westcoast, Pablo Chill-E",artist_not_found
"Slim Mill, Fatboy L, Asap Vergi",artist_not_found
"Carmon, Artigeardit",artist_not_found
"PSY, SUGA",artist_not_found
"Kartellen, Sebbe Staxx, Dani M",artist_not_found
"Loko Loko, Rytmus",artist_not_found
"Rudimental, John Newman",artist_not_found
"Miksu / Macloud, Bausa, Selmon, reezy",artist_not_found
"Cepeda, Aitana",artist_not_found
"Nickoog Clk, Dainesitta",artist_not_found
"Rkomi, Gazzelle, Night Skinny",artist_not_found
"Cheb Bello, Master T",artist_not_found
"Malik Montana, Milonair, Bonez MC",artist_not_found
"Famke Louise, Jayh, Badd Dimes",artist_not_found
"Sigala, Becky Hill",artist_not_found
"Dlala Thukzin, Zaba, Sir Trill, Mpura, Rascoe Kaos",artist_not_found
"Bárbara Tinoco, Bárbara Bandeira",artist_not_found
"Clean Bandit, MARINA, Luis Fonsi",artist_not_found
"Jennifer Lopez, Pitbull",artist_not_found
"Burhan G, NODE",artist_not_found
"Busta 929, Mpura, Zuma, Mr JazziQ, Lady Du, Reece Madlisa",artist_not_found
"Becky Hill, Sigala",artist_not_found
"uglystephan, Scally Milano",artist_not_found
"Joé Dwèt Filé, Ronisia",artist_not_found
"Greg, DJ PaCo, Teo Tzimas",artist_not_found
"Misshmusic, Hiro",artist_not_found
"Chayanne, Ozuna",artist_not_found
"Nashley, 2nd Roof",artist_not_found
"Ghali, Madame",artist_not_found
"Fonseca, Alexis y Fido",artist_not_found
"2T, Văn",artist_not_found
"Lost Frequencies, Mathieu Koss",artist_not_found
"Travis Scott, Lil Uzi Vert, Kanye West",artist_not_found
"Feisty, RICTA, Mateos Nps, DJ.Silence",artist_not_found
"Semi Tee, MDU aka TRP, Sir Trill",artist_not_found
"Tume, Matt Coil",artist_not_found
"TY1, Geolier, Marracash",artist_not_found
"Delara, Loredana",artist_not_found
"Param Singh, Kamal Kahlon, Pratik Studio",artist_not_found
"2bona, Krisko",artist_not_found
"Żabson, Kizo, ZetHa, Vladimir Cauchemar",artist_not_found
"RANDI, Roxen",artist_not_found
Albert,artist_not_found
"Janna, Nikke Ankara",artist_not_found
"James Hype, Craig David",artist_not_found
"SHRTY, Jami Faltin",artist_not_found
Marc Seguí,artist_not_found
"DTF, N.O.S",artist_not_found
Anna Hamilton,artist_not_found
"The Weeknd, Lana Del Rey",artist_not_found
"Christopher, Madcon",artist_not_found
"Summer Cem, GRiNGO",artist_not_found
"WILLOW, Travis Barker",artist_not_found
"YOUNGOHM, Younggu, PEE CLOCK",artist_not_found
"Tabitha, Paskal Jakobsen",artist_not_found
lovelytheband,artist_not_found
"DJ Luian, Mambo Kingz, Farruko, Wisin, Myke Towers, Darell, Arcangel",artist_not_found
"Faustix, Alexander Oscar",artist_not_found
"Sapte, Azteca",artist_not_found
"Samra, TOPIC42",artist_not_found
"Troye Sivan, Ariana Grande",artist_not_found
"MEMBA, EVAN GIIA, Nooran Sisters",artist_not_found
"DYSTINCT, Bryan Mg",artist_not_found
"POCAH, MC Mirella",artist_not_found
"Costa, Bebe, MYGAL",artist_not_found
"Separ, Kali, Dame",artist_not_found
"Hayden James, GRAACE",artist_not_found
"Hagle, Staysman",artist_not_found
"Emil Lange, Klamfyr",artist_not_found
"Nik Tendo, Calin",artist_not_found
"Diho, Alberto, Bibič, Josef Bratan",artist_not_found
"Sebastian Ingrosso, Tommy Trash, John Martin",artist_not_found
"J Balvin, Jowell & Randy, Nicky Jam, Wisin, Yandel, Ozuna",artist_not_found
"Aitana, Lola Indigo",artist_not_found
"Tory Lanez, Rich The Kid",artist_not_found
"El Villanord, Yailin la Mas Viral",artist_not_found
"Bilal Wahib, Fabienne Bergmans",artist_not_found
"Tungevaag, Raaban, Victor Crone",artist_not_found
"Lil Wayne, Drake",artist_not_found
"Séra Bjössi, Háski",artist_not_found
"Martin Solveig & The Cataracs, KYLE",artist_not_found
"Adie, Janine Berdin",artist_not_found
Beyond Beyond,artist_not_found
"BCA, Jorkan, T.O.T",artist_not_found
"DJ Lucas Beat, João Bosco & Vinicius",artist_not_found
"TY1, Dosseh, Capo Plaza",artist_not_found
"Elettra Lamborghini, Sfera Ebbasta",artist_not_found
"Felipe Araújo, Jorge & Mateus",artist_not_found
"Franco126, Calcutta",artist_not_found
"Burak Yeter, Cecilia Krull",artist_not_found
"GLK, Ninho",artist_not_found
"Şanışer, Sokrat St",artist_not_found
"Roxen, Nane",artist_not_found
"Okin, Ocan Siagian",artist_not_found
"Yzomandias, Nik Tendo, Jickson, CA$HANOVA BULHAR",artist_not_found
"Ruth B., slater",artist_not_found
"Lazza, Capo Plaza",artist_not_found
"Massimo Pericolo, Crookers, Madame",artist_not_found
"Boef, Cristian D, $hirak",artist_not_found
"Lipa, Kabe, Szwed",artist_not_found
"高爾宣 OSN, 李浩瑋 Howard Lee",artist_not_found
"Ptazeta, Juacko",artist_not_found
"chiello, Shablo",artist_not_found
"Krisko, Pavell, Venci Venc'",artist_not_found
"Mobtrap, Amuly",artist_not_found
"A Boogie Wit da Hoodie, London On Da Track, Roddy Ricch, Gunna",artist_not_found
"حوده بندق, محمود معتمد",artist_not_found
"Dani M, Jireel",artist_not_found
"Redrama, Kristinia DeBarge",artist_not_found
"Kelsea Ballerini, LANY",artist_not_found
"Cledos, ibe, Averagekidluke, A36",artist_not_found
"Ceky Viciny, MelyMel, La Perversa, Yailin la Mas Viral, Shadow Blow",artist_not_found
"ByeAlex és a Slepp, Giajjenno",artist_not_found
"Alessia Cara, G-Eazy",artist_not_found
"Burak Bulut, Ebru Yaşar, Kurtuluş Kuş",artist_not_found
"Fabio Rovazzi, Gianni Morandi",artist_not_found
"Quebonafide, PlanBe, Szopeen",artist_not_found
"MC Pipokinha, DJ Pablo RB, Noguera DJ, DJ FELYPINHO 013",artist_not_found
"Henri PFR, Raphaella",artist_not_found
"OBLADAET, JEEMBO",artist_not_found
"B Praak, Akshay Kumar, Nupur Sanon",artist_not_found
"YUNGBLUD, Halsey, Travis Barker",artist_not_found
"João Bosco e Gabriel, Humberto & Ronaldo",artist_not_found
"Juanes, Kali Uchis",artist_not_found
"Kontrafakt, Gleb, Attila Végh",artist_not_found
"Miriam Bryant, Yasin",artist_not_found
"Tiakola, Niska, Gazo",artist_not_found
Ray Dee Ohh,artist_not_found
Lauri Garcia,artist_not_found
"Trippie Redd, Travis Scott",artist_not_found
"PLK, Heuss L'enfoiré",artist_not_found
"Adel, P.J",artist_not_found
"Ghali, Pyrex",artist_not_found
"Letan, Menor",artist_not_found
"De La Ghetto, Almighty, Bryant Myers, Darell",artist_not_found
"Quintino, Cheat Codes",artist_not_found
"Bad Gyal, Juanka",artist_not_found
"Metro Boomin, 21 Savage",artist_not_found
"Assala Nasri, Asma Lmnawar",artist_not_found
"Drax Project, AACACIA, Fetty Wap",artist_not_found
"J-AX, Bianca Atzei",artist_not_found
"Infernal, T Swoop, Fabe, Branco",artist_not_found
"Patron, FRO",artist_not_found
"Muhammed Khaled, Afroto",artist_not_found
"El Chachito, Junior H",artist_not_found
"Yue Chun Giu, Zhang Zhi Ming",artist_not_found
"Phill, MAFAQ, DYRET, MDMArius",artist_not_found
"Bad Gyal, Rauw Alejandro",artist_not_found
"Light, Trannos",artist_not_found
"Belly, The Weeknd",artist_not_found
"7liwa, Balti",artist_not_found
"J Balvin, Mr Eazi",artist_not_found
"Marso, Fyre, Bobkata",artist_not_found
"Vitão, Luísa Sonza",artist_not_found
"WC no Beat, MC Cabelinho, Pk, MC Hariel, Orochi",artist_not_found
"Kali, Peter Pann, Pišta Lakatoš",artist_not_found
"Gam Wichayanee, Twopee Southside",artist_not_found
"Mc Bola, Mc Magal",artist_not_found
"JJ Lin, Jason Mraz",artist_not_found
"SpecialBeatz, Pil C, Separ",artist_not_found
"JUSTHIS, R.Tee, Don Malik, Huh, KHAN, Mckdaddy, Los",artist_not_found
"Tabitha, Latifah",artist_not_found
"Fuerza Regida, Juanpa Salazar",artist_not_found
"HENSY, Klava Koka",artist_not_found
"Ozuna, Daddy Yankee, Plan B",artist_not_found
"Iuly Neamtu, Costel Biju, Manele Mentolate",artist_not_found
"Yzomandias, Ektor",artist_not_found
"Okean Elzy, Odyn v Kanoe",artist_not_found
"DJ Kelvin El Sacamostro, Dj Peligro",artist_not_found
"Ggreco, FANN",artist_not_found
"Austin Mahone, Pitbull",artist_not_found
"Kato, Safri Duo, Bjørnskov",artist_not_found
"WC no Beat, PEDRO SAMPAIO, FP do Trem Bala",artist_not_found
"Vladis, Monika Bagarova",artist_not_found
"Pil C, Ego",artist_not_found
"George Henrique & Rodrigo, Gusttavo Lima",artist_not_found
"David Carreira, Ana Free",artist_not_found
"Jul, SCH",artist_not_found
"Mad Clip, Strat",artist_not_found
"Oge, SNIK, Strat",artist_not_found
"Dani M, Jacco",artist_not_found
"Frank Wild, Kafuu",artist_not_found
"Earn Piyada, คริส หอวัง; อุ๋ย Buddha Bless",artist_not_found
"Daniil, Joey Christ",artist_not_found
"Tropkillaz, J Balvin, Anitta, ZAAC",artist_not_found
"Gwangil Jo, Gaeko, Nucksal",artist_not_found
"Mavins, Crayon, Ayra Starr, LADIPOE, Magixx, Boy Spyce",artist_not_found
"Katja Krasavice, Stard Ova",artist_not_found
"Kabza De Small, DJ Maphorisa, Njelic",artist_not_found
"Ahmed Kamel, Marwan Moussa",artist_not_found
"AKC Kretta, AKC Misi",artist_not_found
"KSI, Jme",artist_not_found
"MACHETE, Dani Faiv, Shiva",artist_not_found
"Soolking, Niska",artist_not_found
"C. Tangana, Paloma Mami",artist_not_found
"Seeb, Skip Marley",artist_not_found
"Soprano, Ninho",artist_not_found
"Sevn Alias, Kempi",artist_not_found
"Joyner Lucas, Logic",artist_not_found
"Miszel, Kabe, Premixm",artist_not_found
"Mario Bautista, De La Ghetto",artist_not_found
"Reckol, BEGE",artist_not_found
"GRiNGO, 6ix9ine",artist_not_found
"Sharn, 40k, The Paul",artist_not_found
"Samurai Jay, DANI",artist_not_found
"Ty Dolla $ign, Joe Moses",artist_not_found
"Marc Seguí, Pol Granch",artist_not_found
"Marracash, Elisa",artist_not_found
"Khalid, A Boogie Wit da Hoodie",artist_not_found
"Blunted Vato, Ecko, Muerejoven, John C",artist_not_found
"Bebe Rexha, G-Eazy",artist_not_found
"MARS, Arif, Unge Ferrari, Karpe",artist_not_found
"Tiziano Ferro, Jovanotti",artist_not_found
"DJ AK BR, Dj Darge",artist_not_found
"Samra, TOPIC42, Arash",artist_not_found
"Nik Tendo, CA$HANOVA BULHAR, Luca Brassi10x",artist_not_found
"Bilal Hancı, Özkan Meydan",artist_not_found
"Deemz, Bedoes 2115, PlanBe",artist_not_found
"Harun Kolçak, İrem Derici",artist_not_found
"NEIKED, Miriam Bryant",artist_not_found
"natsumi, 和ぬか",artist_not_found
"KitschKrieg, CRO, AnnenMayKantereit, Trettmann",artist_not_found
"Anuel AA, Ñengo Flow, Sinfonico",artist_not_found
"Marília Mendonça, Gaab",artist_not_found
"Peking Duk, Icona Pop",artist_not_found
"Lilas ir Innomine, G&G Sindikatas",artist_not_found
"Marwan Moussa, Alyoungofficial, Randarofficial",artist_not_found
"Vishal Chandrashekhar, S.P. Charan",artist_not_found
"TIX, Morgan Sulele",artist_not_found
"V $ X V PRiNCE, De Lacure",artist_not_found
"Felipe Cardoso DJ, Mc Fopi",artist_not_found
"GeG, Hiplin, WILYWNKA, kojikoji",artist_not_found
"TUULI, Costi",artist_not_found
"Petre Stefan, Nane",artist_not_found
"Bearson, Cal",artist_not_found
"Lacrim, Soolking",artist_not_found
"Ego, Pil C",artist_not_found
"Malik Montana, LX",artist_not_found
"Tymek, Deys, Big Scythe, Michał Graczyk, FANTØM",artist_not_found
"Idan Raichel, Berry Sakharof",artist_not_found
"Matzka, Jia Jia",artist_not_found
"El Alfa, Braulio Fogon, Chael Produciendo",artist_not_found
"Kesha, will.i.am",artist_not_found
"Antoon, Paul Sinha",artist_not_found
"David Carreira, LUDMILLA, GIULIA BE, Preto Show",artist_not_found
"Pixa, ByeAlex",artist_not_found
"GRM Daily, Fredo, Not3s",artist_not_found
"Mithoon, Arijit Singh",artist_not_found
"Twopee Southside, Two Poprtorn, Wolfgang n Memphis",artist_not_found
"Rkomi, Ernia",artist_not_found
"Otto Knows, Lindsey Stirling, Alex Aris",artist_not_found
"Mena Massoud, Naomi Scott",artist_not_found
"reezy, Bausa",artist_not_found
"MC Dede, MC Kevinho",artist_not_found
"La Joaqui, DJ Alex",artist_not_found
"TOQUEL, Sin Laurent, Beyond",artist_not_found
"Nio Garcia, Darell, Casper Magico",artist_not_found
"El Mayor Clasico, Farruko",artist_not_found
"Skiibii, Davido",artist_not_found
"Ekipa, Qry",artist_not_found
"semmmyq, shinra",artist_not_found
"Ahmed Saad, NORDO, Ahmed Zaeem",artist_not_found
"Thaman S, Srivardhini, Aditi Bhavaraju, Satya Yamini, Roshini JKV, Tejaswini",artist_not_found
"Stavento, Ivi Adamou",artist_not_found
"L Loko, Drini",artist_not_found
"George Talent, ZANNI, Alex Velea",artist_not_found
"ONE OK ROCK, 5 Seconds of Summer",artist_not_found
"Scally Milano, 163ONMYNECK, MAYOT",artist_not_found
"Portion Boys, HesaÄijä",artist_not_found
"Changg, LeWiuy",artist_not_found
"PRNY, Amuly, Abi",artist_not_found
"RAN, Kahitna",artist_not_found
"Charlotte Devaney, Snoop Dogg",artist_not_found
"Alok, Alan Walker, KIDDO",artist_not_found
"Light, Melisses, Skive",artist_not_found
"Jer 柳應廷, 香港兒童合唱團",artist_not_found
"Ekipa, Roxie",artist_not_found
"Luíza & Maurílio, Zé Neto & Cristiano",artist_not_found
"A.R. Rahman, Jonita Gandhi, Hriday Gattani",artist_not_found
"Jackson Wang, JJ Lin",artist_not_found
"Quavo, Drake",artist_not_found
"Kekra, Niska",artist_not_found
"GroovyRoom, lIlBOI, Blase, Roh Yun Ha, Polodared, Chillin Homie, Fleeky Bang",artist_not_found
"Favst, Gibbs",artist_not_found
"Mike WiLL Made-It, Miley Cyrus, Wiz Khalifa, Juicy J",artist_not_found
"DJ Stephan, Mad Clip, iLLEOo",artist_not_found
"Bizarrap, Mesita",artist_not_found
"Junior De Rocka, Lady Du, Mr JazziQ, Mellow, Sleazy",artist_not_found
"Mithoon, Arijit Singh, Asees Kaur",artist_not_found
"Saulės Kliošas, JUSTÉ",artist_not_found
"Broederliefde, HT",artist_not_found
"Kalash, Booba",artist_not_found
"7ari, Lartiste",artist_not_found
"MC Luan da BS, Mc Vitin do LJ, MC Marley",artist_not_found
"Eldzhey, Era Istrefi",artist_not_found
"Miri Mesika, E-Z",artist_not_found
"Nielson, Jiggy Djé",artist_not_found
"$hirak, Henkie T, ADF Samski, Boef",artist_not_found
"Scally Milano, OG Buda",artist_not_found
"Niska, Skaodi",artist_not_found
Leo,artist_not_found
"sanah, Maro Music, Skytech",artist_not_found
"Rea Garvey, Kool Savas",artist_not_found
"Izi, Tedua, Vaz Tè",artist_not_found
"Takagi & Ketra, Lorenzo Fragola, Arisa",artist_not_found
"Itzo Hazarta, Valentina",artist_not_found
"Rauw Alejandro, Arcangel, Randy",artist_not_found
"Vitão, Mc Davi",artist_not_found
"Lérica, Omar Montes, Abraham Mateo",artist_not_found
"Matías Valdez, Martín Piña",artist_not_found
"Ozan Doğulu, Ece Seçkin",artist_not_found
"A$AP Rocky, Moby",artist_not_found
"Dierks Bentley, Elle King",artist_not_found
"Gedz, Deemz, 808Bros",artist_not_found
"Janice Yan, 高爾宣 OSN",artist_not_found
"Revol, J Balvin, Bad Bunny, Arcangel, De La Ghetto",artist_not_found
"Tymek, 2K, Michał Graczyk, Trill Pem, TEDE",artist_not_found
"Matt Simons, Bob Van Ratingen, Falco Van Den Aker",artist_not_found
"Blueface, Rich The Kid",artist_not_found
"Henrique & Diego, DENNIS",artist_not_found
"AP Dhillon, Gurinder Gill, Gminxr, Shinda Kahlon",artist_not_found
"FM95BLÖ, Sverrir Bergmann, Jóhanna Guðrún",artist_not_found
"Martin Garrix, Dean Lewis",artist_not_found
"Cordae, Anderson .Paak",artist_not_found
"Tate McRae, Ali Gatie",artist_not_found
"DYSTINCT, Tawsen",artist_not_found
"Şanışer, Kamufle, Mert Şenel, Mirac, Aga B, Defkhan, Aspova, Yeis Sensura, Sehabe, Deniz Tekin, Ozbi, Sokrat St, Tahribad-ı İsyan, Beta, Server Uraz, Hayki, Ados, Fuat",artist_not_found
"Feid, Zion & Lennox",artist_not_found
"Salmo, Coez",artist_not_found
"Anirudh Ravichander, Rokesh",artist_not_found
"Trap Capos, Noriel, Prince Royce, Bryant Myers",artist_not_found
"Pailita, El Casti",artist_not_found
"Koba LaD, Maes",artist_not_found
"Stormzy, Headie One",artist_not_found
"RobGz, Anuel AA",artist_not_found
"Ollane, Miyagi & Andy Panda",artist_not_found
"Soufiane Eddyani, Mula B",artist_not_found
"Felipe Peláez, Nacho, Noriel",artist_not_found
"Gabry Ponte, LUM!X, Daddy DJ",artist_not_found
"BLØF, Geike Arnaert",artist_not_found
"Lazza, Fabri Fibra",artist_not_found
"Trinidad Cardona, Robinson",artist_not_found
"Bad Gyal, Rema",artist_not_found
"Nomfundo Moh, Naxion Cross, Beast Rsa",artist_not_found
"Julie Bergan, Tunji Ige",artist_not_found
"SBMG, Latifah",artist_not_found
"Migrantes, FABRO, Rei, Nico Valdi",artist_not_found
"Tyler, The Creator, YoungBoy Never Broke Again, Ty Dolla $ign",artist_not_found
"G Herbo, Juice WRLD, Lil Uzi Vert, Chance the Rapper",artist_not_found
"Shlomi Shabat, Eliad",artist_not_found
"Vegedream, Ninho",artist_not_found
"Foster, Sody, Sarcastic Sounds",artist_not_found
"Asim Azhar, Talhah Yunus, Talha Anjum",artist_not_found
"Neo Pistea, KHEA, Omar Varela",artist_not_found
"Murda, MERO",artist_not_found
"Azet, Noizy, Zuna",artist_not_found
"John De Sohn, Albin Johnsén, Mattias Andréasson",artist_not_found
"Nardo Wick, G Herbo, Lil Durk, 21 Savage",artist_not_found
"Aymos, Mas Musiq",artist_not_found
"Jonna Fraser, Ronnie Flex",artist_not_found
"Boef, Bilal Wahib",artist_not_found
"Helion, Mike Emilio, Vigiland, SUD",artist_not_found
"Priceless, Qlas & Blacka",artist_not_found
"FM95BLÖ, Aron Can",artist_not_found
"Fred again.., Delilah Montagu",artist_not_found
"Elias Abbas, Hkeem",artist_not_found
"Niska, Maes",artist_not_found
"Beatrice, Silver ""AG"" Orissaar",artist_not_found
"Mahmood, Maikel Delacalle",artist_not_found
"LOKE, Morgan Sulele",artist_not_found
"Uniikki, TUULI, ONEVIOLIN",artist_not_found
"BARBEL, Fulo El Yeyo",artist_not_found
"Lazza, Low Kidd",artist_not_found
"Helene Fischer, Luis Fonsi",artist_not_found
"Capo Plaza, Sfera Ebbasta",artist_not_found
"Pipe Bueno, Maluma",artist_not_found
"Camila, Ricky Martin",artist_not_found
"Sobel, Young Igi, PSR",artist_not_found
"Duki, YSY A, Rei",artist_not_found
"Bedoes 2115, Lanek, Białas, Taco Hemingway",artist_not_found
"Martinwhite, Erreflexx",artist_not_found
"Mata, Moo Latte",artist_not_found
"Emma Bale, Lost Frequencies",artist_not_found
"Dillaz, Vulto",artist_not_found
"KKevin, T. Danny",artist_not_found
"Depeche Mode, Daniel Miller, Phil Legg",artist_not_found
"Olly Murs, Louisa Johnson",artist_not_found
"Keren Peles, Roni Alter",artist_not_found
"El Alfa, El Mayor Clasico",artist_not_found
"BANKK CA$H, Da Endorphine",artist_not_found
"Jennifer Lopez, DJ Khaled, Cardi B",artist_not_found
"Jairzinho, Snelle",artist_not_found
"Suspekt, Tessa",artist_not_found
"Zoë Tauran, Bilal Wahib",artist_not_found
"Donnie, Frans Duijts",artist_not_found
"I am Aisha, Dio",artist_not_found
"Sexmane, Cheek",artist_not_found
"Miksu / Macloud, makko",artist_not_found
"Kynda Gray, RIN",artist_not_found
"Skryptonite, Niman",artist_not_found
"Darkoo, Black Sherif",artist_not_found
"Trannos, Stef Tony",artist_not_found
"Tussin, RAVA, Amuly, Dafiend, XENO",artist_not_found
"Victor Leksell, Einár",artist_not_found
"TINI, Alejandro Sanz",artist_not_found
"Robin Veela, Gutta",artist_not_found
"Malik Montana, DaChoyce, SRNO, The Plug",artist_not_found
"Egor Kreed, MAYOT",artist_not_found
"Omer Adam, Nicky Jam",artist_not_found
"GIMS, Dadju, Slimane",artist_not_found
"Static & Ben El, Lior Narkis",artist_not_found
"Martin Jensen, Bjørnskov",artist_not_found
"Deejay Telio, Bispo",artist_not_found
"Fjallabræður, Lúðrasveit Vestmanneyja, Sverrir Bergmann",artist_not_found
"Amenazzy, Arcangel, De La Ghetto, Noriel",artist_not_found
"Baloosh, L.O.C.",artist_not_found
"Indochine, Christine and the Queens",artist_not_found
"Wale, Lil Wayne",artist_not_found
"BLOODY VINYL, Slait, thasup, MILES, Dani Faiv",artist_not_found
"Mc Davi, MC Ryan SP, Mc Don Juan, DJ 900",artist_not_found
"My Anh, Khắc Hưng",artist_not_found
"Douglas & Vinicius, Zé Neto & Cristiano",artist_not_found
"Robin Zoot, Nik Tendo, Karlo",artist_not_found
Gery Gany,artist_not_found
"Mata, Maurycy Żółtański",artist_not_found
"Pavell & Venci Venc', Lubo Kirov",artist_not_found
"Ego, Tomi",artist_not_found
"¥ellow Bucks, Eric.B.Jr",artist_not_found
"Zedd, Hayley Williams",artist_not_found
"Bruno & Marrone, Wesley Safadão",artist_not_found
"Camilo, Shakira, Pedro Capó",artist_not_found
"Patron, Ceg",artist_not_found
"Wany Hasrita, Dato Jamal Abdillah",artist_not_found
Ragga Oktay,artist_not_found
"Gucci Mane, The Weeknd",artist_not_found
"TangBadVoice, Billkin",artist_not_found
"Yandel, Don Omar",artist_not_found
"Mabel, Kojo Funds",artist_not_found
"Lijpe, Kevin",artist_not_found
"Movits!, Tjuvjakt",artist_not_found
"Diggy Dex, JW Roy",artist_not_found
"Lucenzo, Olupellar",artist_not_found
"Munhoz & Mariano, Jerry Smith",artist_not_found
"Piolo Pascual, Morissette",artist_not_found
"KitschKrieg, Bonez MC, Vybz Kartel, SFR",artist_not_found
"TIPPA, JVG",artist_not_found
"Ed Sheeran, Taylor Swift",artist_not_found
"Arte Elegante, Marcianeke",artist_not_found
"Bizzey, Kraantje Pappie, Chivv, Yung Felix",artist_not_found
"S.Pri Noir, Alonzo",artist_not_found
"Craig David, Sigala",artist_not_found
"Mas Musiq, Daliwonga, Sir Trill, Major League",artist_not_found
"Niska, Madrane",artist_not_found
"Omer Adam, Static & Ben El",artist_not_found
"Bárbara Bandeira, Ivandro",artist_not_found
"Qlas & Blacka, Henkie T, Murda, Jonna Fraser",artist_not_found
"Aitch, ZieZie",artist_not_found
"HIEUTHUHAI, Negav, Kewtiie",artist_not_found
"Vladimir Cauchemar, Vald",artist_not_found
"Brädi, Toni Wirtanen",artist_not_found
"Kempi, The Blockparty, Josylvio, Sevn Alias",artist_not_found
"OG Eastbull, Nane",artist_not_found
"What's Up, Laura Vass, Jador",artist_not_found
"JoeyAK, Djaga Djaga",artist_not_found
"Hkeem, Unge Ferrari",artist_not_found
"Miss Montreal, Paskal Jakobsen",artist_not_found
"Cartoon, Jüri Pootsmann",artist_not_found
"Tymek, Trill Pem, TEDE",artist_not_found
"Asfar Hussain, Arooj Aftab",artist_not_found
"Dirty Harry, Strat, Echo",artist_not_found
"Ashafar, SRNO, Boef",artist_not_found
"Bizarrap, Don Patricio",artist_not_found
"ATYPISK, Gilli",artist_not_found
"Israel & Rodolffo, Maiara & Maraisa",artist_not_found
"Tanveer Evan, Ahmed Shakib",artist_not_found
"Young Jonn, Davido",artist_not_found
"Gusttavo Lima, Dendelzinho",artist_not_found
"SIMILIVINLIFE, Taomi, Porsche Boy",artist_not_found
"Miky Woodz, Marvel Boy",artist_not_found
"Abo El Anwar, Santa",artist_not_found
"Natan, Gunwest",artist_not_found
"Bulova, PV Aparataje",artist_not_found
"Luciano, Lil Zey",artist_not_found
"Modo Diablo, Duki, Neo Pistea, YSY A",artist_not_found
"Ella Mai, Chris Brown",artist_not_found
"Amenazzy, Myke Towers",artist_not_found
"Omar Montes, Rvfv",artist_not_found
"Melike Şahin, Mert Demir",artist_not_found
"Esko, Josylvio, Hansie",artist_not_found
"Justin Bieber, Post Malone, Clever",artist_not_found
"LOVV66, blago white",artist_not_found
"Mozart La Para, Shelow Shaq",artist_not_found
"BCA, Sech",artist_not_found
"Riaan Benadé, Jay",artist_not_found
"Paluch, Słoń",artist_not_found
"CLMD, Madcon",artist_not_found
"Białas, Bedoes 2115",artist_not_found
"LIT killah, Agus Padilla",artist_not_found
"ALEKS ATAMAN, FINIK",artist_not_found
"RICTA, Koas, Sickside",artist_not_found
"Bolémvn, Koba LaD",artist_not_found
"Gettomasa, Paperi T, Lauri Haav",artist_not_found
"OIAM, SAMI",artist_not_found
"L7NNON, DJ Biel do Furduncinho",artist_not_found
"Wiley, Stefflon Don, Sean Paul, Idris Elba",artist_not_found
"K-ICM, Phương Thanh",artist_not_found
"Jimbo J, Ravid Plotnik",artist_not_found
"Luck Ra, Rusherking",artist_not_found
"Feid, Ñejo",artist_not_found
"Mozart La Para, Chimbala, Liro Shaq",artist_not_found
"SZA, The Weeknd, Travis Scott, Game of Thrones",artist_not_found
"RAVA, Azteca",artist_not_found
"Marwa Loud, Eva",artist_not_found
"Young Thug, Jaden",artist_not_found
"Shayfeen, OUENZA, ElGrandeToto, Madd, West",artist_not_found
"Gleb, Lu2",artist_not_found
"Lele Blade, Paky, Shiva, Geolier",artist_not_found
"Henri PFR, Soran",artist_not_found
"Justin Bieber, Khalid",artist_not_found
"Philly Moré, Frenna",artist_not_found
"VLI WEEZY, Molotof",artist_not_found
"Aitana, Morat",artist_not_found
"Peking Duk, Jack River",artist_not_found
"Dof Twogee, Immune",artist_not_found
"Naiara Azevedo, Ana Castela",artist_not_found
"Isaac Kasule, Sivas",artist_not_found
"El Alfa, Bryant Myers",artist_not_found
"Astrid S, Brett Young",artist_not_found
"DJ Maphorisa, Tyler ICU, Sir Trill, Daliwonga, Kabza De Small",artist_not_found
"Vishal Dadlani, Benny Dayal",artist_not_found
"Bad Bunny, Daddy Yankee, Anuel AA, Cosculluela",artist_not_found
"Yovie Widianto, Raisa",artist_not_found
"Dani Gambino, Wang, Dj The Boy",artist_not_found
"Krept & Konan, Headie One, K-Trap",artist_not_found
"Bedoes 2115, Kubi Producent, Białas, Eldo",artist_not_found
"Agustín Casanova, Abraham Mateo, Mau y Ricky",artist_not_found
"Virlan Garcia, Angel Cervantes",artist_not_found
"Luck Ra, La K'onga, Ke Personajes",artist_not_found
"Becky Hill, Shift K3Y",artist_not_found
"Hawk, Spine, Baghdad",artist_not_found
"Staysman & Lazz, Plumbo",artist_not_found
"Jason Derulo, Adam Levine, Maroon 5",artist_not_found
"Calvin Harris, Ayah Marar",artist_not_found
"Jessica Shy, Justinas Jarutis",artist_not_found
"Ronnie Flex, Sevn Alias",artist_not_found
"Quevedo, Ovy On The Drums",artist_not_found
"L-Gante, DT.Bilardo",artist_not_found
"Polycat, พี่เทอด",artist_not_found
"Tsvetelina Yaneva, Medi",artist_not_found
"Beton.Hofi, ajsa luna, Hundred Sins, Beatrick",artist_not_found
"Los Gemelos De Sinaloa, Fuerza Regida",artist_not_found
"Headie One, Stormzy, ONEFOUR, AJ Tracey",artist_not_found
"Latifah, Clandistino",artist_not_found
"J-AX, Fedez, Stash, Levante",artist_not_found
"Fedez, Zara Larsson",artist_not_found
"Justine Skye, Tyga",artist_not_found
"Charli XCX, Rina Sawayama",artist_not_found
"Trippie Redd, Juice WRLD",artist_not_found
"Ashafar, Mula B, Josylvio, 3robi, JoeyAK",artist_not_found
"WATEVA, Next to Neon",artist_not_found
"Lacrim, Booba",artist_not_found
"MYA, Mau y Ricky",artist_not_found
"SODA LUV, SQWOZ BAB",artist_not_found
"9 Miller, Agir",artist_not_found
"Kianush, PA Sports",artist_not_found
"Dimitri Vegas, Like Mike, Wolfpack, Katy B",artist_not_found
"Logi Pedro, Floni",artist_not_found
"Daliwonga, Mellow & Sleazy, M.J",artist_not_found
"Jamule, SANTOS",artist_not_found
"Abdullah Al Mukhles, Fahed Bin Fasla",artist_not_found
"Mad Clip, Strat, BeTaf Beats, Rack",artist_not_found
"YUMDDA, TOIL, KOONTA, Basick, 365LIT, HWANG JI SANG, Song Min Young",artist_not_found
"Adan La Amenaza, Yohancito, Marcianeke, King Savagge, Jairo Vera, El BAI, Pailita, Yordano El Menor, Balbi El Chamako",artist_not_found
"Cris Mj, Fran C",artist_not_found
"Cash Cash, Bebe Rexha",artist_not_found
"F1rstman, Boef, DJ Youss-F",artist_not_found
"Dreamville, Bas, JID, Guapdad 4000, Reese LAFLARE, Jace, Mez, Smokepurpp, Buddy, Ski Mask The Slump God",artist_not_found
"Mfr Souls, DJ Maphorisa, Sha Sha, Kabza De Small",artist_not_found
"K-Clique, Aj",artist_not_found
"Guè, Sfera Ebbasta, DrefGold",artist_not_found
"Daniil, Floni",artist_not_found
"Young Stunna, Big Zulu, DJ Maphorisa, Kabza De Small",artist_not_found
"Brisia Jodie, Stevan Pasaribu",artist_not_found
"SFB, Dopebwoy, Leafs",artist_not_found
"Saliboy, Roman",artist_not_found
"Shaunmusiq, Ftears, Young Stunna, DJ Maphorisa, Visca",artist_not_found
"JENCARLOS, Lennox, Supa Dups, Chris Jedi",artist_not_found
"Silence Wang, BY2",artist_not_found
"Kygo, Valerie Broussard",artist_not_found
A-Wall,artist_not_found
"Sivas, MellemFingaMuzik",artist_not_found
"Lazza, Tedua",artist_not_found
"Don Malik, BIG Naughty, JUSTHIS",artist_not_found
"Milion Plus, Yzomandias, Nik Tendo, Separ",artist_not_found
"Kraantje Pappie, Joshua Nolet",artist_not_found
"Lartiste, Balti",artist_not_found
"Sexmane, Nuteh Jonez",artist_not_found
"Armin van Buuren, Garibay, Olaf Blackwood",artist_not_found
"Moro, Cheb Bilal, Profit Za3im",artist_not_found
"Gasellit, Elias Gould",artist_not_found
"Dj Obza, Nkosazana, DJ Freetz",artist_not_found
"Simone & Simaria, Alok",artist_not_found
"Alonzo, Ninho, Naps",artist_not_found
"Baby K, Andrés Dvicio",artist_not_found
"Nekfeu, Népal",artist_not_found
"mansionz, Spark Master Tape",artist_not_found
"Vicentico, Our Latin Thing",artist_not_found
"Don Bigg, Ihab Amir",artist_not_found
"Badshah, Tulsi Kumar, Abhijeet, Chandra Dixit",artist_not_found
"Chimbala, Chucky73, Fetti031",artist_not_found
"Ufo361, Gzuz",artist_not_found
"Shiva, Capo Plaza",artist_not_found
"Ensi, Gemitaiz, MadMan",artist_not_found
"GUF, Murovei, V $ X V PRiNCE",artist_not_found
"Zion & Lennox, Tony Dize",artist_not_found
"MEGA-Ertsi, Adi L Hasla",artist_not_found
"مودي امين, حمو الطيخا",artist_not_found
"Gatton, Brooke Young",artist_not_found
"Vald, Damso",artist_not_found
"Nelson Freitas, Richie Campbell",artist_not_found
"Quintino, Una Sand",artist_not_found
"Mustafa Ceceli, İrem Derici",artist_not_found
"Stormzy, MNEK",artist_not_found
"Simsey, Carmon",artist_not_found
"Marko Glass, Bvcovia, Jo Klass, RENVTØ",artist_not_found
"ICEKIID, KESI",artist_not_found
"Melendi, Mau y Ricky",artist_not_found
"Night Skinny, Ketama126, Side Baby, Franco126",artist_not_found
"Petter, Molly Sandén, SAMI",artist_not_found
"Milion Plus, Yzomandias, Karlo, Jickson, Kamil Hoffmann",artist_not_found
"Pyhimys, Etta",artist_not_found
"Frenna, Jonna Fraser",artist_not_found
"Jacuś, Young Leosia",artist_not_found
"Profeetat, Cheek, Elastinen, Nelli Matula",artist_not_found
"MadSkill, Rytmus",artist_not_found
"Hagle, Halva Priset",artist_not_found
"HONNE, Georgia",artist_not_found
"Odeya, Noa Kirel",artist_not_found
"Lost Stories, JAI DHIR",artist_not_found
"Neima Ezza, Rondodasosa",artist_not_found
"Lenna, nublu",artist_not_found
"Lojay, Sarz, Chris Brown",artist_not_found
"Noyz Narcos, Luchè, Capo Plaza",artist_not_found
"Emilia, Boza",artist_not_found
"Sigala, Fuse ODG, Sean Paul, Kent Jones",artist_not_found
"Lau Jr, Bossikan, FLY LO",artist_not_found
"ABREU, Mikael Gabriel",artist_not_found
"Kabza De Small, DJ Tira, Young Stunna, Dladla Mshunqisi, Felo Le Tee, Beast, Dj Exit_sa",artist_not_found
"Petra Sihombing, Ben Sihombing",artist_not_found
"Jador, Loredana, Florin Salam, Costi",artist_not_found
"Chris Brown, Wizkid",artist_not_found
"Matías Valdez, Valsi",artist_not_found
"Geolier, Luchè",artist_not_found
"Alesso, Zara Larsson",artist_not_found
"JACKBOYS, Sheck Wes",artist_not_found
"TopGunn, Citybois",artist_not_found
"MAX, Quinn XCII",artist_not_found
"Rkomi, Elisa",artist_not_found
"Quebonafide, Forxst",artist_not_found
"Separ, Dano Kapitán",artist_not_found
"Alle Farben, James Blunt",artist_not_found
"Pacho El Antifeka, Daddy Yankee, Bad Bunny",artist_not_found
"Bárbara Labres, MC WM",artist_not_found
"Samthing Soweto, DJ Maphorisa, Kabza De Small, Mfr Souls",artist_not_found
"Sub Urban, Bella Poarch",artist_not_found
"Dark Polo Gang, Tony Effe",artist_not_found
"Dawid, Artysta, Vłodarski, VHS, Zebraodzawsze, zawad",artist_not_found
"Lil Durk, Gunna",artist_not_found
"Arttu Wiskari, Ulpu",artist_not_found
"Simone Panetti, G.bit, Mike Lennon, Rooler",artist_not_found
"SDP, Clueso",artist_not_found
Raylee,artist_not_found
"Motive, UZI, Aksan, Güneş, Modd",artist_not_found
"Anjulie, Oskar Flood",artist_not_found
"Peso Pluma, Luis R Conriquez",artist_not_found
"Q-Mark, TpZee, Afriikan Papi",artist_not_found
"Diho, pieruun",artist_not_found
"Nik Tendo, Viktor Sheen",artist_not_found
"IstenEst, Csobot Adél",artist_not_found
"Skofka, KALUSH",artist_not_found
"Chencho Corleone, Miky Woodz",artist_not_found
"DMS, Strapo",artist_not_found
"Bizarrap, Dani Ribba",artist_not_found
"Jamule, CRO",artist_not_found
"Ninho, Alonzo",artist_not_found
"Shota Shimizu, Izumi Nakasone",artist_not_found
"Coyote Jo Bastard, Sfera Ebbasta",artist_not_found
"14 Casper, Bon Nghiêm",artist_not_found
"Rasmus Gozzi, FRÖKEN SNUSK",artist_not_found
"Juhn, Lenny Tavárez",artist_not_found
Bigal & L Jake,artist_not_found
"Freaky, Seachains, Cukak",artist_not_found
"Tiësto, Becky Hill",artist_not_found
"Jonna Fraser, Ronnie Flex, Idaly",artist_not_found
"WIU, Matuê, Teto",artist_not_found
"estraden, Molly Sandén",artist_not_found
"Ankit Tiwari, Dhvani Bhanushali",artist_not_found
"Doli & Penn, Lior Narkis",artist_not_found
"Lérica, Juan Magán",artist_not_found
"Romeo Santos, Nicki Minaj",artist_not_found
Cielo Torres,artist_not_found
"KEWAN LIGGER BEATET NORMAL, Carmon",artist_not_found
"$OHO BANI, Longus Mongus",artist_not_found
"DMS, Nik Tendo",artist_not_found
"Eva, Lartiste",artist_not_found
"Justin Quiles, Sech, Dímelo Flow",artist_not_found
"Pritam, Amit Mishra, Shilpa Rao",artist_not_found
"Black Coast, M. Maggie",artist_not_found
"FELIX SANDMAN, Benjamin Ingrosso",artist_not_found
"MACHETE, Tedua, thasup, Nitro",artist_not_found
"Tory Lanez, Rich The Kid, Lil Wayne",artist_not_found
"Tony Effe, Capo Plaza",artist_not_found
"Calogero, Cats On Trees",artist_not_found
"EMIL TRF, V:RGO",artist_not_found
"IVANN, SAF",artist_not_found
"Mr. Polska, Malik Montana, Bizzey, LA$$A",artist_not_found
"Young Fly, DESH",artist_not_found
"Nemazalány, Sofi, Lotfi Begi",artist_not_found
"Lbenj, Hazim Jam",artist_not_found
"Billy Sio, Light",artist_not_found
"Hamo Bika, Hassan Shakosh, Ali Qadoura, Nour El Tot",artist_not_found
"IZA, Marcelo Falcão",artist_not_found
"Emilian, Theo Rose",artist_not_found
"El Cherry Scom, Dowba Montana",artist_not_found
"Mr JazziQ, Kabza De Small, Lady Du, Boohle",artist_not_found
"Citybois, KESI",artist_not_found
"French Montana, Blueface, Lil Tjay",artist_not_found
"MC Hariel, Alok, Djay W, Mc Davi, MC Ryan SP, Salvador Da Rima",artist_not_found
"Tory Lanez, Chris Brown",artist_not_found
"Jack Harlow, Pooh Shiesty",artist_not_found
"Kaija Koo, Jenni Vartiainen, SANNI, Vesala",artist_not_found
"Mr. Polska, Bedoes 2115",artist_not_found
"Şanışer, Ayda",artist_not_found
"HONNE, Tom Misch",artist_not_found
"Alejo Isakk, Gusty dj",artist_not_found
"Deemz, Beteo, Kizo, Kabe",artist_not_found
"Niska, Rako, Brigi, Trafiquinte, Madrane",artist_not_found
"John De Sohn, LIAMOO",artist_not_found
"Zuna, Azet, Nash",artist_not_found
"Kelvin Momo, MaWhoo, Babalwa M, Chley",artist_not_found
"Phil The Beat, ILIRA",artist_not_found
"DC, Jamaika",artist_not_found
"Kaio Viana, MC CJ",artist_not_found
"lIlBOI, Wonstein",artist_not_found
"Italian Somali, Capo Musica, Da Silva, EL BOY C",artist_not_found
"Rack, Beyond",artist_not_found
"MORGENSHTERN, Imanbek, Fetty Wap, KDDK",artist_not_found
"Julia Wu, 婁峻碩",artist_not_found
"Kevin, Idaly, Josylvio",artist_not_found
"villemdrillem, Heleza",artist_not_found
"Giusy & Elettra, Giusy Ferreri, Elettra Lamborghini",artist_not_found
"Balbi El Chamako, Jere Klein",artist_not_found
"Hoang Ton, LyHan",artist_not_found
"Young Cister, Duki",artist_not_found
"P-Tee, 1Flacko",artist_not_found
"Big Apple, Omar Varela",artist_not_found
"Lenin Ramírez, Fuerza Regida, Banda Renovacion",artist_not_found
"Felix Jaehn, Nea, Bryn Christopher",artist_not_found
"Killa Hakan, Massaka, Summer Cem, Contra, Khontkar, Anıl Piyancı, Ceza",artist_not_found
"Adel Tawil, KC Rebell, Summer Cem",artist_not_found
"DJ ESCO, Future, Lil Uzi Vert",artist_not_found
"Cali Y El Dandee, Piso 21",artist_not_found
"YENA, BIBI",artist_not_found
"Amina, Gilli",artist_not_found
"JM Bales, KVN",artist_not_found
"ABREU, Averagekidluke",artist_not_found
"Meek Mill, Lil Durk, Lil Baby",artist_not_found
"Guè, Lazza",artist_not_found
"Benny Jamz, Sivas",artist_not_found
"RAYE, Rudimental",artist_not_found
"Ty Dolla $ign, 21 Savage",artist_not_found
"Kidd Keo, Aleman",artist_not_found
DVBBS & Borgeous,artist_not_found
"Hot Shade, Mika Zibanejad",artist_not_found
"Penthox, Julimar Santos, Madcon",artist_not_found
"Sergio Contreras, Carlos Baute",artist_not_found
"Gleb, Fobia Kid, Dymer Surovec, Big Horse, Luna 99",artist_not_found
"Not3s, Maleek Berry",artist_not_found
"M.I. Abaga, Wande Coal",artist_not_found
"Colonel Bagshot, Mahmut Orhan",artist_not_found
"Biel, LUDMILLA",artist_not_found
"Suprême NTM, Sofiane",artist_not_found
"Sqwore, rizza",artist_not_found
"The Chainsmokers, Tritonal, Emily Warren",artist_not_found
"LEX, Dennis Green",artist_not_found
"Polimá Westcoast, Pablo Chill-E, ARON",artist_not_found
Tevvez,artist_not_found
"Sagopa Kajmer, Faruk Sabanci",artist_not_found
"Жугунусов Мирас, 2Rar",artist_not_found
"E-Z, Noa Kirel",artist_not_found
"Elai Botner and Yaldei Hachutz, Elai Botner",artist_not_found
"Torino, Pashata, Pepi",artist_not_found
"DJ Neptune, Joeboy, Omah Lay",artist_not_found
"Elisa, Carl Brave",artist_not_found
"Arijit Singh, Manan Bhardwaj, Khushalii Kumar",artist_not_found
"Kevin Lauren, Ballinciaga",artist_not_found
"Lucas & Steve, Brandy",artist_not_found
"Prince Royce, Farruko",artist_not_found
"BARBEL, Kevin, Haquil, Nerry Money",artist_not_found
"El Papi, TIX",artist_not_found
"Pritam, Shreya Ghoshal",artist_not_found
"Irina Kairatovna, Hiro, De Lacure, Fatbelly",artist_not_found
"Alex Sensation, Nicky Jam",artist_not_found
"DaBaby, Young Thug",artist_not_found
"Kezah, Freddy Gladieux, Squeezie",artist_not_found
"Gobs, Jimilian",artist_not_found
"Daviles de Novelda, Abraham Mateo",artist_not_found
"Eliad, Metro the Savage",artist_not_found
"JONY, The Limba",artist_not_found
"V:RGO, Thug Slime",artist_not_found
"TopGunn, Fouli",artist_not_found
"Metro Boomin, Don Toliver",artist_not_found
"Draganov, Inkonnu",artist_not_found
"Bizzey, Frenna, KM, Ramiks",artist_not_found
"Phantogram, Future Islands",artist_not_found
"Joan Y Su Elite, Manuel Rodriguez",artist_not_found
"Jauz, Netsky",artist_not_found
"Saulius Prūsaitis, Iglė",artist_not_found
"Monoir, Osaka, Brianna",artist_not_found
"Tedua, Lazza, Chris Nolan",artist_not_found
"Shamoon Ismail, Annural Khalid",artist_not_found
"Hael Husaini, Naim Daniel, Haqiem Rusli",artist_not_found
"Alonzo, Ninho",artist_not_found
"Samthing Soweto, Sha Sha, DJ Maphorisa, Kabza De Small",artist_not_found
"Vegas Jones, Salmo, Andry The Hitmaker",artist_not_found
"Focalistic, Mellow & Sleazy, M.J",artist_not_found
"Mister V, Jul",artist_not_found
"Anuel AA, Mariah Angeliq",artist_not_found
"Gorgon City, Vaults",artist_not_found
"Tsvetelina Grahich, DENIS TEOFIKOV",artist_not_found
"La T y La M, Ke Personajes",artist_not_found
"Huncho Jack, Travis Scott, Quavo",artist_not_found
"OneRepublic, Alesso",artist_not_found
"Lil Yachty, DaBaby, Drake",artist_not_found
"Above The Hood, Hawk, Sapranov, Smuggler, Baghdad, Spine, Pepe Frantik, Long3",artist_not_found
"Xcho, Ramil'",artist_not_found
"Mobtrap, xnrst",artist_not_found
"Robin Schulz, Akon, DJ Katch",artist_not_found
"Separ, Nerieš",artist_not_found
"Kubi Producent, Beteo, ReTo, Siles",artist_not_found
"Kygo, Donna Summer",artist_not_found
"Yellow Claw, Cesqeaux, Becky G",artist_not_found
"Gil Vain, רון בוחניק",artist_not_found
"Carnage, Timmy Trumpet, KSHMR",artist_not_found
"Katastrofe, Alexander Rybak",artist_not_found
"Mizzy Miles, Lhast, LON3R JOHNY, 9 Miller",artist_not_found
"Kevin, Sigourney K",artist_not_found
"Young Stoner Life, Young Thug, Gunna",artist_not_found
"La Materialista, Nfasis",artist_not_found
"Lee Young Ji, Jay Park",artist_not_found
"Au/Ra, CamelPhat",artist_not_found
"Dani Russo, POCAH, Naiara Azevedo",artist_not_found
"De Vet Du, Bolaget",artist_not_found
"Post Malone, Roddy Ricch, Tyga",artist_not_found
"Vincent Wong, Kayee Tam",artist_not_found
"Calum Scott, Leona Lewis",artist_not_found
"SLF, MV Killa, Geolier, Tony Effe",artist_not_found
"Singapūras Satīns, Samanta Tina",artist_not_found
"Megan Thee Stallion, Ty Dolla $ign, Nicki Minaj",artist_not_found
"Gusty dj, La Joaqui, L-Gante, Salastkbron",artist_not_found
"Truwer, ATL",artist_not_found
"Rkomi, Ghali",artist_not_found
"Sasha Chemerov, Boombox",artist_not_found
"Boohle, Josiah De Disciple",artist_not_found
"JóiPé, Króli, Hipsumhaps",artist_not_found
"4.4.2, Soolking, Heuss L'enfoiré",artist_not_found
"Belters Only, Jazzy",artist_not_found
"RH, Jamaika",artist_not_found
"Blaqbonez, JAE5",artist_not_found
"Tóc Tiên, Người cũ",artist_not_found
"Martin Garrix, JVKE",artist_not_found
"Broederliefde, SBMG, Nev-ielgg",artist_not_found
"Lil Lano, Edo Saiya",artist_not_found
"Fred again.., Swedish House Mafia, Future",artist_not_found
"Thaman S, Silambarasan TR, Roshini JKV",artist_not_found
"Almighty, Rauw Alejandro, Lyanno, Myke Towers",artist_not_found
"Christos Mastoras, Dimitris Basis",artist_not_found
"Gabryell, Sima",artist_not_found
"בנאל בן ציון, שירז אברהם",artist_not_found
"Luísa Sonza, ZAAC",artist_not_found
"Mc Poze do Rodo, Bielzin, Xamã, MC Cabelinho, Neo Beats, Mainstreet",artist_not_found
"Anuel AA, Sinfonico, Farruko, Ñengo Flow, Casper Magico, Darell, Bad Bunny, Lil Geniuz",artist_not_found
"Joyner Lucas, Lil Baby",artist_not_found
"Guè, Geolier",artist_not_found
"Spekti, Vilma Alina",artist_not_found
"Vitor e Luan, Henrique & Juliano",artist_not_found
"Juno Mak, 林嘉欣",artist_not_found
"Orinn, Jiki X (Nguyễn Vũ Hùng), Huy Vạc",artist_not_found
"The Opposites, Mr. Probz",artist_not_found
"Sentino, Nitro, MASNY BEN, mgng",artist_not_found
"The Magician, Years & Years",artist_not_found
"Ben Fero, Cash Flow",artist_not_found
"Pezet, Auer",artist_not_found
"Prince Royce, Myke Towers",artist_not_found
"Cartoon, Kóstja",artist_not_found
"Ego, Haha Crew, Yzomandias",artist_not_found
"Idaly, Kevin, Hef",artist_not_found
"H.E.R., Chris Brown",artist_not_found
"Sweetaj Brar, Yo Yo Honey Singh",artist_not_found
"Frenna, Emms, Jonna Fraser",artist_not_found
"Tagne, Manal",artist_not_found
"JAY-Z, Linkin Park",artist_not_found
"Jennifer Lopez, Iggy Azalea",artist_not_found
"1.Cuz, Einár, Matte Caliste",artist_not_found
"Zaho, MHD",artist_not_found
"Ed Sheeran, Andrea Bocelli",artist_not_found
"V:RGO, Mishell",artist_not_found
"Gemitaiz, MadMan, Salmo",artist_not_found
"Kubilay Karça, Şehinşah",artist_not_found
"RAVA, Alduts Sherdley",artist_not_found
"Jey Blessing, Rauw Alejandro, Los Fantastikos",artist_not_found
"Rashid, Lukinhas, Emicida",artist_not_found
"VAX, Teddy Sky",artist_not_found
"Marcianeke, Crismj",artist_not_found
"QV Trap, Homeboy E, DaBusiness, Fra",artist_not_found
"Miksu / Macloud, t-low",artist_not_found
"Orochi, Chefin, Oruam, Borges, Mainstreet, Bielzin",artist_not_found
"Equalz, Frenna",artist_not_found
"Calvin Harris, Tinie Tempah",artist_not_found
"Sachet Tandon, Sachin-Jigar",artist_not_found
"Strat, BeTaf Beats",artist_not_found
"LeeHi, Crush",artist_not_found
"Żabson, Young Igi",artist_not_found
"Bizzey, Frenna, Diquenza, Dovgh, Ramiks",artist_not_found
"Reykon, Lennox, Zion",artist_not_found
"Loud Luxury, Frank Walker, Stephen Puth",artist_not_found
"ZHU, AlunaGeorge",artist_not_found
"YBN Nahmir, 21 Savage",artist_not_found
"Ravid Plotnik, Sima Noon",artist_not_found
"Seeb, Julie Bergan",artist_not_found
"Rico Bernasconi, Tuklan, A*Class, Sean Paul",artist_not_found
"Eyal Golan, Offer Nissim",artist_not_found
"Malik Montana, Kazior",artist_not_found
"Ed Sheeran, Paulo Londra, Dave",artist_not_found
"El Waili, Moscow",artist_not_found
"Bilal Saeed, Momina Mustehsan",artist_not_found
"Šventinis bankuchenas, DJ Karka",artist_not_found
"Arne, Ramzes",artist_not_found
"A.L.A, Tagne",artist_not_found
"The Motans, Irina Rimes",artist_not_found
"STEIN27, Nik Tendo",artist_not_found
"Jonas Blue, Why Don't We",artist_not_found
"No Rome, The 1975",artist_not_found
"Bizzey, Jonna Fraser",artist_not_found
"Idaly, SFB, Ronnie Flex",artist_not_found
"yungcihad, Qimp, SWIRF",artist_not_found
"Damso, Youri",artist_not_found
"Kaija Koo, Pyhimys",artist_not_found
"ZUTOMAYO, Mori Calliope",artist_not_found
"JojoHF, nevroz",artist_not_found
"ANAVITÓRIA, Rita Lee",artist_not_found
"Manu Gavassi, Gloria Groove",artist_not_found
"Donia Wael, El Waili",artist_not_found
"Redrama, AJ McLean",artist_not_found
"Tachi, Akim",artist_not_found
"Kabe, Opiat, Danzel",artist_not_found
"Kozmos, Lil Zey",artist_not_found
"Nomfundo Moh, Sha Sha, Ami Faku",artist_not_found
"Justin Quiles, Sech",artist_not_found
"Touché, BIG P, Miller",artist_not_found
"Nane, The Motans",artist_not_found
"Kalia Siska, SKA 86",artist_not_found
"PEDRO SAMPAIO, Daniel Caon, Wesley Safadão",artist_not_found
"KESI, Jada",artist_not_found
"Białas, Szpaku",artist_not_found
"24kGoldn, DaBaby",artist_not_found
"J Balvin, Ed Sheeran",artist_not_found
"The Chainsmokers, Louane",artist_not_found
"LUDMILLA, Marília Mendonça",artist_not_found
"MC L da Vinte, MC Gury",artist_not_found
"Agir, Diogo Piçarra",artist_not_found
"Nekfeu, Nemir, 2zer, Mekra, Doums",artist_not_found
"JAY-Z, Alicia Keys",artist_not_found
"Oscar Maydon, Junior H",artist_not_found
"Тайпан, Agunda",artist_not_found
"HUGEL, Amber Van Day",artist_not_found
"Bruno Mars, Anderson .Paak, Silk Sonic, Thundercat, Bootsy Collins",artist_not_found
"Grupo Firme, Luis Mexia",artist_not_found
"МОТ, JONY",artist_not_found
"MacG, Sir Trill, Bailey, EmjayKeyz",artist_not_found
"Dj Batata, Mc Japa",artist_not_found
"Omar Dafencii, Khayyat",artist_not_found
"Atif Aslam, Tanishk Bagchi",artist_not_found
"Mark Forster, LEA",artist_not_found
"João Bosco e Gabriel, Diego & Victor Hugo",artist_not_found
"ONE PROMISE, Jer 柳應廷",artist_not_found
"Hornet La Frappe, Maes",artist_not_found
"Carterefe, Berri-Tiga",artist_not_found
"Tungevaag, Raaban, Jeffrey James",artist_not_found
"Fifth Harmony, Pitbull",artist_not_found
"Lexa, Gloria Groove",artist_not_found
"ELMAN, MONA",artist_not_found
"Lykke Li, The Magician",artist_not_found
"LUDMILLA, Leo Santana",artist_not_found
"MEDUZA, Hozier",artist_not_found
"Booba, Niska, Sidiki Diabaté",artist_not_found
"Misshmusic, Herceg",artist_not_found
"MACHETE, Gemitaiz, Izi, Salmo",artist_not_found
"Julie Bergan, Seeb",artist_not_found
"Даня Милохин, Mumiy Troll",artist_not_found
"R-chord, Z-Chen",artist_not_found
"Ian, Oscar",artist_not_found
"Paky, Marracash",artist_not_found
"Anuel AA, Ñengo Flow, Darell",artist_not_found
"Major League Djz, Nvcho, Mathandos, C4 DJs",artist_not_found
"Meet Bros., Palak Muchhal, Altamash Faridi",artist_not_found
"F.HERO, Lazyloxy, OG-ANIC",artist_not_found
"Kalash, Niska",artist_not_found
"Polo G, Juice WRLD",artist_not_found
"Logi Pedro, Króli",artist_not_found
"Beret, Melendi",artist_not_found
"2115, Blacha 2115, Kuqe 2115, Flexxy 2115, Bedoes 2115, WERSOW, @atutowy",artist_not_found
"Rhove, Madfingerz",artist_not_found
"3TERNITY, OG Buda",artist_not_found
"Pailita, Criss J., El Casti",artist_not_found
"Dadju, Ronisia",artist_not_found
"Blackstreet, Dr. Dre, Queen Pen",artist_not_found
"Herra Hnetusmjör, King Gotit",artist_not_found
"Pop Smoke, Kanye West, Pusha T",artist_not_found
"MadMan, Coez",artist_not_found
"B.U.G. Mafia, Queen Bee",artist_not_found
"Lele Blade, Paky",artist_not_found
"DR BRS, T. Danny, Kkevin, Monkeyneck, Kiraly Linda",artist_not_found
"Sam Deep, MaWhoo",artist_not_found
"Hayden James, Gorgon City, Nat Dunn",artist_not_found
"Lefa, SCH",artist_not_found
"Massaka, Anıl Piyancı, Sansar Salvo, Dr. Fuchs, Canbay, Wolker, Şanışer, Rota, Hayki, Yener Çevik, Tekmill, Defkhan, Sirdav, Diablo 63",artist_not_found
"Winno, Heily, Gii, Hiderway",artist_not_found
"Broiler, Voli",artist_not_found
"Orange, Khói, Chau Dang Khoa",artist_not_found
"Yzomandias, Wayne Santana, Nik Tendo, Tony Effe",artist_not_found
"Peppe Soks, Janax",artist_not_found
"Romeo Santos, Christian Nodal",artist_not_found
"DMS, Nerieš",artist_not_found
"MC G15, Mc Livinho",artist_not_found
"Andy Rivera, Justin Quiles, Mackie",artist_not_found
"Shawn Mendes, Seeb",artist_not_found
"Deen Burbigo, Nekfeu",artist_not_found
"SCH, Ninho",artist_not_found
"Polimá Westcoast, Gianluca, Young Cister",artist_not_found
"Bombotunes, Dennys The Black",artist_not_found
"Lauv, Conan Gray",artist_not_found
"DENNIS, Gusttavo Lima",artist_not_found
"Murda, SFB",artist_not_found
"Anitta, LUDMILLA, Snoop Dogg, Papatinho",artist_not_found
"Jeet Gannguli, Arijit Singh",artist_not_found
"Guè, Sfera Ebbasta, Elettra Lamborghini",artist_not_found
"Diego & Victor Hugo, Marília Mendonça",artist_not_found
"SBMG, Sevn Alias, Louis, D-Double, Lijpe, Hef",artist_not_found
"G-Eazy, Devon Baldwin",artist_not_found
"VELVET, Dapa Deep",artist_not_found
"Jax Jones, Mike Dunn, MNEK",artist_not_found
"Arijit Singh, B Praak",artist_not_found
"Beret, Estopa",artist_not_found
"Busta 929, Miano, 20ty Soundz",artist_not_found
"Figaro, Vesala",artist_not_found
"Galin, Dessita",artist_not_found
"VLOSPA, Beats Pliz",artist_not_found
"Vanya, Sasho Roman",artist_not_found
"Malik Montana, FRNKIE",artist_not_found
"Garry Sandhu, Jasmine Sandlas, Tanishk Bagchi",artist_not_found
"Asa, Anna Puu",artist_not_found
"Veysel, Summer Cem",artist_not_found
"Static & Ben El, Black Eyed Peas",artist_not_found
"Bilal Wahib, Frenna",artist_not_found
"David Guetta, Usher",artist_not_found
"Tedua, SHUNE",artist_not_found
"Soolking, Ouled El Bahdja",artist_not_found
"Landy, Ninho",artist_not_found
"Bartofso, Murda, UZI",artist_not_found
"Nicky Jam, J Balvin, Anuel AA, Arcangel",artist_not_found
"Yung Nigo Drippin', Bleache",artist_not_found
"Furelise, Plylist",artist_not_found
"Mohit Chauhan, Rochak Kohli",artist_not_found
"Lee Mvtthews, NÜ",artist_not_found
"MC Davo, Calibre 50",artist_not_found
"Christopher, Natholdet",artist_not_found
"Humberto & Ronaldo, Matheus & Kauan",artist_not_found
"Aya Nakamura, Capo Plaza",artist_not_found
"Momo, Refew",artist_not_found
"DRD, Marracash, Madame, Ghali",artist_not_found
"Sofi Tukker, NERVO, The Knocks, ALISA UENO",artist_not_found
"Fabri Fibra, Colapesce, Dimartino",artist_not_found
"El Reja, De La Calle",artist_not_found
"GIMS, Dany Synthé, SoFLY & Nius",artist_not_found
"Mark B., Bad Bunny",artist_not_found
"100лиця, SKYLERR",artist_not_found
"Sarius, Gibbs, Szpaku",artist_not_found
"Miky Woodz, Juhn",artist_not_found
"Prāta Vētra, Dons, Intars Busulis",artist_not_found
"TINI, John C",artist_not_found
"Rapital, RPT MCK, RPT PhongKhin",artist_not_found
"Asim Azhar, Arshman Naeem",artist_not_found
"Antoon, Bilal Wahib",artist_not_found
"Egor Kreed, Philipp Kirkorov",artist_not_found
"Separ, Tina, Tomi Popovic",artist_not_found
"Birgir Hákon, Ingi Bauer",artist_not_found
"Don Omar, Plan B",artist_not_found
"Jennifer Lopez, Bad Bunny",artist_not_found
"Bomba Estéreo, Will Smith",artist_not_found
"venbee, Dan Fable",artist_not_found
"Farruko, Don Omar",artist_not_found
"Leto, Tiakola",artist_not_found
"Lost Frequencies, Zonderling, Kelvin Jones",artist_not_found
"FLY LO, Mike G, BretBeats",artist_not_found
"Noriel, Manuel Turizo",artist_not_found
"Daviles de Novelda, Omar Montes, Rvfv, Keen Levy",artist_not_found
"Birgir Hákon, M Can, Tommyonthetrack",artist_not_found
"Robin Kadir, Jireel, Macky, A36",artist_not_found
"SpecialBeatz, Kali, Separ",artist_not_found
"Ares, LEWI",artist_not_found
"Sheen & Jickson, Nik Tendo",artist_not_found
"L-Gante, Homer El Mero Mero, DT.Bilardo",artist_not_found
"lityway, yungfijay, ille, MABU",artist_not_found
"Farruko, Pitbull",artist_not_found
"DigDat, Aitch",artist_not_found
"Frijo, Paulo Londra",artist_not_found
"Mihaela Fileva, ToTo H",artist_not_found
"Mgk666, YNY Sebi",artist_not_found
"Al James, Muric",artist_not_found
"2 Chainz, Gucci Mane, Quavo",artist_not_found
"Kabza De Small, DJ Maphorisa, Cassper Nyovest, Qwestakufet",artist_not_found
"Bosh, SCH",artist_not_found
Azana,artist_not_found
"Mr JazziQ, Busta 929, Fakelove, Focalistic, Masterpiece",artist_not_found
"SJUR, Isac Elliot",artist_not_found
"Armin van Buuren, Davina Michelle",artist_not_found
"Alan Gomez, Pepper",artist_not_found
"Mad Dogz, Mari Fernandez",artist_not_found
"Braulio Fogon, Don Forty Five, Yomel El Meloso",artist_not_found
"CNCO, Manuel Turizo",artist_not_found
"filous, LissA",artist_not_found
"Giaime, Andry The Hitmaker",artist_not_found
"Cem Adrian, Emir Can İğrek",artist_not_found
"BE'O, ASH ISLAND",artist_not_found
"Tulsi Kumar, Darshan Raval, Sachet-Parampara",artist_not_found
Brent,artist_not_found
"MC Levin, Caverinha",artist_not_found
"Ingi Bauer, THØR, Bjørn",artist_not_found
"Lola Indigo, Mala Rodríguez",artist_not_found
"Cardi B, SZA",artist_not_found
"AJ Brix, Earth",artist_not_found
"Chimbala, Omega",artist_not_found
"Tokischa, Haraca Kiko, El Cherry Scom",artist_not_found
"Niphkeys, Zinoleesky",artist_not_found
"Winno, Heily",artist_not_found
"Italian Somali, T.O.T, BARBEL, Mole, Abdiel Produce",artist_not_found
"Itzo Hazarta, Butilko, yayA",artist_not_found
"Karpe, Jonas Benyoub",artist_not_found
"Cartoon, pluuto",artist_not_found
"LEA, LUNA",artist_not_found
"Pablo Alborán, Piso 21",artist_not_found
"Estelares, Jorge Serrano",artist_not_found
"Vanesa Martín, Manuel Medrano",artist_not_found
"La Ross Maria, Romeo Santos",artist_not_found
"Dree Low, Greekazo, Yasin",artist_not_found
"Adekunle Gold, Davido",artist_not_found
"Ben Fero, Ezhel",artist_not_found
"Lil Nas X, DaBaby",artist_not_found
"The Kolors, Elodie",artist_not_found
"MANBO, HIEUTHUHAI, HURRYKNG",artist_not_found
"Elvana Gjata, DJ Gimi-O, BARDHI",artist_not_found
"FMK, Maria Becerra",artist_not_found
"Jimmy P, Diogo Piçarra",artist_not_found
"LUDMILLA, Topo La Maskara, Walshy Fire",artist_not_found
"Yandel, J Balvin",artist_not_found
"Young Igi, Włodi",artist_not_found
"Avine Vinny, Jorge",artist_not_found
"Zen-G, Asil Slang, Tahribad-ı İsyan",artist_not_found
"Bizarrap, Kiddo Toto",artist_not_found
"Jahyanai, Bamby",artist_not_found
"Anitta, Saweetie",artist_not_found
"Furelise, kouz1",artist_not_found
"Jack Harlow, Big Sean",artist_not_found
"Lucas & Steve, Blackstreet",artist_not_found
"Lali, CNCO",artist_not_found
"Sigma, Rita Ora",artist_not_found
"Menor Menor, Mr. Perez, Myke Towers",artist_not_found
"Liam Payne, A Boogie Wit da Hoodie",artist_not_found
"Omer Adam, Idan Raichel",artist_not_found
"Denise Rosenthal, Mala Rodríguez",artist_not_found
"Dato' Sri Siti Nurhaliza, Cakra Khan",artist_not_found
"Interpreti dello spettacolo ""Bella Ciao""",artist_not_found
Nesian Mystik,artist_not_found
"Pihlaja, Yeboyah",artist_not_found
"Pete Parkkonen, JVG",artist_not_found
"C.Gambino, 23",artist_not_found
"TINI, KAROL G",artist_not_found
"Fresquito, Mango, Aitana",artist_not_found
"Luchè, Sfera Ebbasta",artist_not_found
"PnB Rock, Kodak Black, A Boogie Wit da Hoodie",artist_not_found
"WAWA, Kempi, Bryan Mg, Architrackz",artist_not_found
"Rasmus Gozzi, 1.Cuz, FRÖKEN SNUSK",artist_not_found
"Sneazzy, Nekfeu",artist_not_found
"KSI, Aiyana-Lee",artist_not_found
"Kiddtetoon, Diego Smith, Ozuna",artist_not_found
"LADIPOE, Fireboy DML",artist_not_found
"Mc Daddy, KG, LEON",artist_not_found
"احمد موزه, Essam Sasa",artist_not_found
"Moses, EMR3YGUL, Alexiane",artist_not_found
"DJ Sem, DYSTINCT",artist_not_found
"Gunna, Drake",artist_not_found
"Samuel Heron, Sick Luke",artist_not_found
"Tomer Yosef, Ben Hendler",artist_not_found
"Matías Valdez, Lucas Sugo",artist_not_found
"KEWAN LIGGER BEATET NORMAL, Tessa, Clara",artist_not_found
"Sjava, Q Twins, Mzukulu",artist_not_found
"42 Dugg, Roddy Ricch",artist_not_found
"Keişan, Anıl Piyancı",artist_not_found
"KA, S10",artist_not_found
"Pihlaja, TIPPA",artist_not_found
"Demi Lovato, Cher Lloyd",artist_not_found
"Tinashe, Chris Brown",artist_not_found
"Nane, Delia",artist_not_found
"LOTTE Thakorn, Ice Tamonwan",artist_not_found
"Sean, Lửa",artist_not_found
"Separ, Matej Straka",artist_not_found
"Mas Musiq, Babalwa M",artist_not_found
"El Futuro Fuera De Orbita, Harry Nach, La Nevula23 Productor",artist_not_found
"Anitta, Mc Danny, HITMAKER",artist_not_found
"Rudimental, Emeli Sandé",artist_not_found
"Bizzey, Mula B, LouiVos",artist_not_found
"Akim, Farruko, Ankhal",artist_not_found
"Costel Biju, Iuly Neamtu, Manele Mentolate",artist_not_found
"Boef, Ismo, Lijpe",artist_not_found
"ISSI, Izleifur, Gísli Pálmi, Yung Nigo Drippin'",artist_not_found
"Lous and The Yakuza, Sfera Ebbasta, Shablo",artist_not_found
"Sip€lga 14, Genka",artist_not_found
"Cleber & Cauan, Matheus & Kauan",artist_not_found
"Costi, Jami Faltin",artist_not_found
"Sfera Ebbasta, Rvssian, Fivio Foreign",artist_not_found
"costee, F",artist_not_found
Joosiq,artist_not_found
"RHODES, Felix Jaehn",artist_not_found
"BEARHOUSE, Whatcharawale",artist_not_found
"Dhurata Dora, Noizy, Jugglerz",artist_not_found
"BLR, POOK",artist_not_found
"Sefo, Jako",artist_not_found
"Sista Prod, Subvrbs",artist_not_found
"SDM, Maes",artist_not_found
"Deemz, Białas, Szpaku",artist_not_found
"Kalash Criminel, Jul",artist_not_found
"AWADA, Gilli, Toko",artist_not_found
"The Partysquad, Bizzey, Broertje, Josylvio, Hansie",artist_not_found
"Tanishk Bagchi, Udit Narayan, Alka Yagnik",artist_not_found
"Doja Cat, Tyga",artist_not_found
"Lee Young Ji, pH-1",artist_not_found
"Cardi B, Migos",artist_not_found
"MIN, Mr A",artist_not_found
"Cocoman, Dr. Kary",artist_not_found
"Ronnie Flex, Yade Lauren",artist_not_found
"Gobs, Fouli",artist_not_found
"Benjamin, ibe",artist_not_found
"Makhadzi, Prince Benza",artist_not_found
"Braulio Fogon, Ceky Viciny",artist_not_found
"Sevn Alias, Maan",artist_not_found
"Pheelz, BNXN fka Buju",artist_not_found
"Muşta, Şehinşah",artist_not_found
"Lege-Cy, Muhab",artist_not_found
"Jay Sean, Gucci Mane, Asian Doll",artist_not_found
"Morgan Sulele, Oral Bee",artist_not_found
"Keizer, Lil Kleine",artist_not_found
"6ix9ine, Fetty Wap, A Boogie Wit da Hoodie",artist_not_found
"The La Planta, 18 Kilates, El Reja",artist_not_found
"Foufa Torino, Kader Japonais, Didine Canon 16",artist_not_found
"Sidhu Moose Wala, Raja Kumari",artist_not_found
"Frayer Flexking, Separ",artist_not_found
"Jitano, Trannos",artist_not_found
"Drake, Yebba",artist_not_found
"Loco, Punch",artist_not_found
"Emmsjé Gauti, Helgi Sæmundur",artist_not_found
"Flo Rida, Jason Derulo",artist_not_found
"Drizzy Sam Rsa, Kaymor, Ohp Sage",artist_not_found
"Białas, Lanek, Bedoes 2115",artist_not_found
"Luísa Sonza, 6LACK",artist_not_found
"Frank Pierce, Famba, Emily Bonabon",artist_not_found
"Salmo, Dani Faiv, Nitro, Lazza",artist_not_found
"6LACK, J. Cole",artist_not_found
"Favst, Dalia, Kizo, Mr. Polska",artist_not_found
"Naughty Boy, Kyla, Popcaan",artist_not_found
"G-Eazy, Zoe Nash",artist_not_found
"Lary Over, Ñejo",artist_not_found
"BLØF, Nielson",artist_not_found
"Iggy Azalea, Anitta",artist_not_found
"The Panasdalam Bank, Vanesha Prescilla",artist_not_found
"Kaito Shoma, DJ Paul, Kingpin Skinny Pimp",artist_not_found
"Lil Baby, EST Gee",artist_not_found
"Chino & Nacho, Gente De Zona, Los Cadillac's",artist_not_found
"Lyodra, Andi Rianto",artist_not_found
"Luude, Mattafix",artist_not_found
"Marcos & Belutti, Jorge & Mateus",artist_not_found
"Osher Cohen, Nadav Navi Aharoni",artist_not_found
"James Hype, Miggy Dela Rosa, D1MA",artist_not_found
"Alien Huang, Alan Kuo, 竇智孔",artist_not_found
"El Villano, Danny Paz",artist_not_found
"Jorkan, BARBEL, El Tachi",artist_not_found
"Raí Saia Rodada, NATTAN",artist_not_found
"Silambarasan TR, Thaman S",artist_not_found
"Arun Chiluveru, Sid Sriram",artist_not_found
"ChildsPlay, Mula B, IliassOpDeBeat",artist_not_found
"Ghali, Salmo",artist_not_found
"DJ Tao, Pepper",artist_not_found
"Gentle Bones, Tay Kewei",artist_not_found
"Kali, Dara Rolins, Peter Pann",artist_not_found
"Amrit Maan, Nimrat Khaira",artist_not_found
"Alberto, Josef Bratan",artist_not_found
"Wesley Safadão, Aldair Playboy, MC Kevinho",artist_not_found
"Mikolas Josef, Fito Blanko, Frankie J",artist_not_found
"DENNIS, Bruno Martini, Vitin",artist_not_found
"Joel Corry, David Guetta, Bryson Tiller",artist_not_found
"Mahmood, DRD",artist_not_found
"Isah, Maria Mena, Hver gang vi møtes",artist_not_found
"JBee, Mixtape Madness",artist_not_found
"Erdem Kınay, Yılmaz Taner",artist_not_found
"Protoje, Chronixx",artist_not_found
"What So Not, Ganz, JOY.",artist_not_found
"Achille Lauro, DIVA, Gow Tribe, Ghali, Gemitaiz",artist_not_found
"Maria Becerra, Dani Ribba",artist_not_found
"Mike Posner, JordanXL",artist_not_found
"Dilpreet Dhillon, Karan Aujla",artist_not_found
"Don Miguelo, Sensato",artist_not_found
"Voyage, Nucci",artist_not_found
"Ziynet Sali, Berk Coşkun",artist_not_found
"Axel Caram, Fer Palacio",artist_not_found
"Naflexx, YUNG TT, lil Getz",artist_not_found
"Milbo, Skinz",artist_not_found
"Sofía Reyes, Becky G",artist_not_found
"Nane, NOSFE",artist_not_found
"Braulio Fogon, Imperio Record",artist_not_found
"Dalex, Farruko, Yemil",artist_not_found
"Lady Du, DBN Gogo, Mr JazziQ, Seekay, Busta 929",artist_not_found
"Josef, TopGunn",artist_not_found
"Legarda, Andy Rivera",artist_not_found
"Sportsalleen, gangCBang",artist_not_found
"Bonez MC, RAF Camora, Hanybal",artist_not_found
"KALIM, Nimo",artist_not_found
"Senior Oat, Mzweshper_sa",artist_not_found
"Anirudh Ravichander, Kamal Haasan",artist_not_found
"DENIS TEOFIKOV, Malkata, Tsvetelina Grahich, Alexander Robov",artist_not_found
"K.O, Young Stunna, Blxckie",artist_not_found
"Ektor, Rytmus, Ego, Separ",artist_not_found
"DJ Tune, Moose, Thug Slime, GAB",artist_not_found
"Dopebwoy, Jonna Fraser",artist_not_found
"Ed Sheeran, Jessi, SUNMI",artist_not_found
"Trobi, Ronnie Flex, Bilal Wahib",artist_not_found
"Aya Nakamura, OBOY",artist_not_found
"Pakho Chau, Miriam Yeung",artist_not_found
"Basim, Gilli",artist_not_found
"Los Power, Stailok, Vanessa Valdez",artist_not_found
"MC Einstein, Skusta Clee",artist_not_found
"Scar, Thug Slime",artist_not_found
"Doli & Penn, Idan Raichel",artist_not_found
"Baby Gang, Il Ghost",artist_not_found
"Rkomi, ARIETE",artist_not_found
"Danni Gato, Vado Más Ki Ás",artist_not_found
"Parra for Cuva, Anna Naklab",artist_not_found
"Brädi, PistePiste",artist_not_found
"MORGENSHTERN, YUNG TRAPPA",artist_not_found
"NATTAN, Zé Vaqueiro",artist_not_found
"Lani Mo, Ricky Rich, Thrife, Dree Low, Blizzy, Nathan K",artist_not_found
"Frenna, KM, Eves",artist_not_found
"Emanuela, Kyriacos Georgiou",artist_not_found
"Wesley Safadão, Lucas Aboiador",artist_not_found
"Carl Brave, Francesca Michielin, Fabri Fibra",artist_not_found
"Nightshift, Pyhimys, ibe, Dreas",artist_not_found
"Dj Serpinha, MC 2jhow",artist_not_found
"Marz23, 莫宰羊",artist_not_found
"Bilal Sonses, Tuğçe Kandemir",artist_not_found
"Alex Rose, Myke Towers, Miky Woodz, Jory Boy, J Alvarez",artist_not_found
"Staysman, Halva Priset",artist_not_found
"G. V. Prakash, Dhee",artist_not_found
多多 x 以捷,artist_not_found
"Aden x Asme, Naod",artist_not_found
"Morgan Sulele, Mood Melodies",artist_not_found
"GRM Daily, M Huncho, dutchavelli",artist_not_found
"Lasso, Danna Paola",artist_not_found
"De La Calle, Papichamp",artist_not_found
"Lo Blanquito, Sholivery, Beto Pelaez, Soco Francis, Lean, Miguel Duarte, Mike",artist_not_found
"LOAM, ADAAM",artist_not_found
"The Boy Next Door, Fresh Coast, Jody Bernal",artist_not_found
"BLOODY VINYL, Slait, thasup, Low Kidd, MILES, Capo Plaza, Sick Luke",artist_not_found
"Aylin Coşkun, Hande Yener",artist_not_found
"Pháo, Sterry",artist_not_found
"Yanix, SODA LUV",artist_not_found
"CARA, Fedez",artist_not_found
"LEX, Beats Pliz, Dof Twogee",artist_not_found
"Tz da Coronel, DJ PurpleRain.REC",artist_not_found
"Broiler, PandaPanda",artist_not_found
"Bakermat, Kiesza",artist_not_found
"Pajel, KALIM",artist_not_found
"Kinny Zimmer, Quebonafide, Forxst",artist_not_found
"DJ Hamida, Cheb Bello, Balti",artist_not_found
"Ninho, Yaro",artist_not_found
"Timal, Booba",artist_not_found
"Irie Maffia, Marsalkó Dávid",artist_not_found
"Bizarrap, Pekeño 77",artist_not_found
"El Barto, El Jordan 23, Standly, Drakomafia, Gabo El Chamaquito",artist_not_found
"Fiki, Emrah",artist_not_found
"Ed Sheeran, Antytila",artist_not_found
"ERIKA, Xiao Yu",artist_not_found
"On June, Tesity",artist_not_found
"Fuerza Regida, Grupo Marca Registrada",artist_not_found
"Vulgo FK, AMUSIK, WEY, Wall Hein",artist_not_found
"Mom4eto, FYRE",artist_not_found
"Bigflo & Oli, Petit Biscuit",artist_not_found
"MC Hollywood, MC Kevinho",artist_not_found
"9umba, TOSS, Mdoovar, Sir Trill, Sino Msolo, Lady Du, Young Stunna, Slade",artist_not_found
"Alesso, Anitta",artist_not_found
"Arce, Omar Montes",artist_not_found
"Tiësto, Sevenn, Gucci Mane",artist_not_found
"Amuly, Ian, andrei",artist_not_found
ilyTOMMY,artist_not_found
"Mc Delux, DJ MT7",artist_not_found
"Dom Vittor & Gustavo, Marília Mendonça",artist_not_found
GRAVECHILL,artist_not_found
"Orochi, MC Ryan SP, Oruam, Xamã, Neo Beats, Kizzy, Mainstreet",artist_not_found
"Devano, Aisyah Aqilah Azhar",artist_not_found
"b.G, Blond Juan, Bølla, Draken, Slim Shahin",artist_not_found
"Ummet Ozcan, Laurell",artist_not_found
"Fuerza Regida, Luis R Conriquez, Calle 24",artist_not_found
"thasup, Salmo",artist_not_found
"Jala Brat, Devito, Buba Corelli",artist_not_found
"Costa Gold, Marechal, Luccas Carlos",artist_not_found
"New World Sound, Thomas Newson",artist_not_found
"Avelino, Not3s",artist_not_found
"White 2115, Deemz",artist_not_found
"Rasel, Keen Levy",artist_not_found
"M.G.L., ZIOAN",artist_not_found
Imago,artist_not_found
"GIMS, Super Sako, Hayko",artist_not_found
"The La Planta, Valeria Gau, Pushi",artist_not_found
"Boro Purvi, Мариус Куркински",artist_not_found
"Separ, DMS",artist_not_found
"Wildstylez, Niels Geusebroek",artist_not_found
"El Jordan 23, Pipo Beatz",artist_not_found
"MC Meno K, MC Yuri",artist_not_found
"Silva, Anitta",artist_not_found
"Braão, LIT UP, Dj Nattan",artist_not_found
"Ch'cco, Mellow & Sleazy",artist_not_found
"Samey, Ben Cristovao",artist_not_found
"Mark Ronson, Lykke Li",artist_not_found
"7liwa, Mister You",artist_not_found
"Eiby, Monster, Alberto Sandino, Directed by Karma",artist_not_found
"Tsvetelina Yaneva, Alexander Robov",artist_not_found
"Siho Villalobos, DEEIKEL",artist_not_found
"Tate McRae, Khalid",artist_not_found
"Dalyb, Samey, Zayo, Ego",artist_not_found
"Luísa Sonza, Pabllo Vittar",artist_not_found
"MACHETE, Dani Faiv, J Balvin, thasup, Fabri Fibra, Capo Plaza",artist_not_found
"Yzomandias, Decky, Kamil Hoffmann",artist_not_found
"Lukas Graham, Vũ.",artist_not_found
"Dizzy Dizzo, 高爾宣 OSN",artist_not_found
"Fakkboiz, Kuselofte, B3nte",artist_not_found
TAEIL,artist_not_found
"Arcángel, YOVNGCHIMI",artist_not_found
"Lucas Lucco, MC Lan",artist_not_found
Siddhartha,artist_not_found
"Masew, B Ray, Ý Tiên, REDT",artist_not_found
"BollyKex, Arijit Singh, Alka Yagnik",artist_not_found
"Shehab, DJ Totti",artist_not_found
"RPT Orijinn, Ronboogz",artist_not_found
"JVG, Ege Zulu, Costi",artist_not_found
"Emilia, Rusherking",artist_not_found
"Christopher, Bekuh Boom",artist_not_found
"Elvis Crespo, Bachata Heightz",artist_not_found
"Peruzzi, Fireboy DML",artist_not_found
"Lipsika, Aditya Iyengar",artist_not_found
"Murda, Hadise",artist_not_found
"Frenna, BLØF",artist_not_found
"Calvin Harris, Dua Lipa, Young Thug",artist_not_found
"Rolf Sanchez, Kris Kross Amsterdam",artist_not_found
"Mäkki, Pyhimys",artist_not_found
Bilal Tacchini,artist_not_found
"Chriz & Heino, Ude Af Kontrol",artist_not_found
"Kali, Čis T",artist_not_found
"Flume, London Grammar",artist_not_found
"RICTA, Night Grind",artist_not_found
"Yo Yo Honey Singh, Neha Kakkar, Nushrratt Bharuccha",artist_not_found
"Guru Randhawa, Neeti Mohan",artist_not_found
"Wellhello, Lil Frakk",artist_not_found
"Franglish, Aya Nakamura",artist_not_found
"Bedoes 2115, Lanek, Malik Montana",artist_not_found
"Mil Savior, Kerim Delibalta",artist_not_found
"Tokischa, Yomel El Meloso, Leo RD",artist_not_found
"Shaggy, Pitbull, Gene Noble",artist_not_found
"Sam Feldt, Sigma, Gia Koka",artist_not_found
"French Montana, Kodak Black",artist_not_found
"thasup, Dani Faiv",artist_not_found
"Ana Mena, Belinda",artist_not_found
"Emmsjé Gauti, Unnsteinn Manuel",artist_not_found
"Faustix, RANI",artist_not_found
"Vishal Dadlani, Shekhar Ravjiani, Vishal-Shekhar",artist_not_found
"Akim, Dalex, Beéle, Boza",artist_not_found
"Zakes Bantwini, Kasango",artist_not_found
"DENNIS, Mc Leléto, Mc Maromba",artist_not_found
"Sima, Tina",artist_not_found
"Imanbek, Martin Jensen",artist_not_found
"Filipe Ret, L7NNON, Nagalli",artist_not_found
"Frenna, D-Block Europe",artist_not_found
"Da Beatfreakz, Russ Millions, RAYE, wewantwraiths",artist_not_found
"Ego, Haha Crew, Gleb, Rytmus",artist_not_found
"White 2115, Bedoes 2115, Kuqe",artist_not_found
"Fatboy Slim, Riva Starr, Beardyman",artist_not_found
"فيلو, مسلم",artist_not_found
"Nanpa Básico, Charles Ans",artist_not_found
"KC Rebell, Summer Cem, Adel Tawil",artist_not_found
"Dirty Harry, Light, Bossikan, Fy",artist_not_found
"Alisia, Lidia",artist_not_found
"Zack Knight, Jasmin Walia",artist_not_found
"Broiler, Anna Bergendahl",artist_not_found
"Eldzhey, Kravz",artist_not_found
"Quevedo, BlueFire",artist_not_found
"WC no Beat, LUDMILLA, Vitão",artist_not_found
"Sivas, KESI, Noah Carter",artist_not_found
"Кореш, treepside",artist_not_found
"Lorenzo, Shy'm",artist_not_found
"Rich Gang, Young Thug, Rich Homie Quan",artist_not_found
"A Boogie Wit da Hoodie, Juice WRLD",artist_not_found
"DA Uzi, Nekfeu",artist_not_found
"Pajel, O.G.",artist_not_found
"Elizabeth Tan, Faizal Tahir",artist_not_found
"Alejandro Sanz, Nicky Jam",artist_not_found
"Ozuna, Boza",artist_not_found
"STUTS, Takako Matsu, KID FRESINO, 3exes",artist_not_found
"OG Eastbull, Dogslife, Mago del Blocco",artist_not_found
"Jane Bordeaux, ECHO",artist_not_found
Eva-Marty,artist_not_found
"Alex Luna, DAAZ",artist_not_found
"Mister V, Dosseh",artist_not_found
"Đức Phúc, Suboi",artist_not_found
"Danny Romero, Sanco",artist_not_found
"Konstantinos Argiros, Light",artist_not_found
"Die Fantastischen Vier, Clueso",artist_not_found
"Critical, UZI",artist_not_found
"The Opposites, Yellow Claw",artist_not_found
"Instrumenti, Prāta Vētra",artist_not_found
"Lost Kings, Sabrina Carpenter",artist_not_found
"Mahmut Orhan, Colonel Bagshot",artist_not_found
"Alesso, Armin van Buuren",artist_not_found
"Jeano, BeatBoyBenji",artist_not_found
"Anson Kong 江𤒹生, Alton Wong 王智德",artist_not_found
"Lil Durk, King Von",artist_not_found
"Sebastian Yatra, Ricky Martin",artist_not_found
"Galin, Preslava",artist_not_found
"Zain Zohaib, Quratulain Balouch",artist_not_found
"Abyusif, Perrie",artist_not_found
"El Rey, Jere Klein",artist_not_found
"DJ Stephan, Oge, Sophia",artist_not_found
"نور النبوي, عطار",artist_not_found
"Arem Ozguc, Arman Aydin, Buray, Feride Hilal Akın, KÖK$VL",artist_not_found
"Keren Peles, Ron Buhnik",artist_not_found
"US Agroboy, Ana Castela",artist_not_found
"BEHM, Keko Salata",artist_not_found
"John De Sohn, Kristin Amparo",artist_not_found
"Rim'K, PLK",artist_not_found
"Brothers, Joel Fletcher",artist_not_found
"Matoma, MAGIC!, DRAM",artist_not_found
"Ado Kojo, Shirin David",artist_not_found
"Hös Copperfield, Leto",artist_not_found
"Diljit Dosanjh, Sukhbir, Dhvani Bhanushali, Dj Chetas, Lijo George",artist_not_found
"Hamo Bika, Omar Kamal, Ali Adora, Nour El Tot",artist_not_found
"IU, G-DRAGON",artist_not_found
"Kukon, Baltik Beatz, Phunk'ill",artist_not_found
"Tony Aguirre, Luis R Conriquez, Los Dareyes De La Sierra",artist_not_found
"MC Paulin da Capital, Mc Lipi, Dj GM",artist_not_found
"Alan Walker, Torine",artist_not_found
"Mike Perry, Imani Williams",artist_not_found
"Rexxie, Zinoleesky",artist_not_found
"Skei & PT, Serlina",artist_not_found
"Leo Santana, Mc Don Juan, Mari Fernandez",artist_not_found
"Flume, T-Shirt",artist_not_found
"RAYE, Mabel, Stefflon Don",artist_not_found
"Sapte, Oscar",artist_not_found
"Kings, Trannos",artist_not_found
"Krisko, Dim, Boro Purvi",artist_not_found
"j mena, Cazzu",artist_not_found
"Idaly, Josylvio",artist_not_found
"Paky, Geolier",artist_not_found
"Callejero Fino, Four Plack",artist_not_found
Eza Edmond,artist_not_found
"Enzo Rabelo, Zé Felipe",artist_not_found
"Dizzy, Einár",artist_not_found
"JC NO BEAT, MC Teteu, DJ F7",artist_not_found
"Hassan El Shafei, Nancy Ajram, Marwan Pablo",artist_not_found
"Tymek, PlanBe, Oki, Michał Graczyk, 2K",artist_not_found
"ReTo, Borixon, dzikakorea, Deemz",artist_not_found
"DJ Khaled, Cardi B, 21 Savage",artist_not_found
"BTS, Charli XCX",artist_not_found
"Pharrell Williams, Camila Cabello",artist_not_found
"JIGGO, Monet192",artist_not_found
"sanah, Daria Zawiałow",artist_not_found
"Naiara Azevedo, DJ Ivis",artist_not_found
"SCH, Lacrim",artist_not_found
"Nemazalány, Sofi",artist_not_found
"Owen, Asme",artist_not_found
"Trueno, Randy, Bizarrap",artist_not_found
"Blessd, The Rudeboyz",artist_not_found
"Talha Anjum, Umair",artist_not_found
"Frenna, Jonna Fraser, Emms, Idaly",artist_not_found
"Ozuna, Anuel AA, Snoop Dogg",artist_not_found
"Gryffin, Bipolar Sunshine",artist_not_found
"Goya Menor, Nektunez",artist_not_found
"Hans Entertainment, Finger & Kadel",artist_not_found
"Sofiane, Ninho, Hornet La Frappe",artist_not_found
"Bryan Mg, Architrackz",artist_not_found
"P T K, Yzomandias",artist_not_found
"GIMS, Dhurata Dora",artist_not_found
"Huỳnh Tú, Andiez",artist_not_found
"Alle Farben, YouNotUs, Kelvin Jones",artist_not_found
"Afroto, DizzyTooSkinny",artist_not_found
"Fred De Palma, Sofía Reyes",artist_not_found
"Jeetu Sharma, Abhilipsa Panda",artist_not_found
"ICEKIID, Branco",artist_not_found
"Leaderbrain, Mente Fuerte, ObieDaz",artist_not_found
"L'morphine, Hamza15-3",artist_not_found
"El Cherry Scom, Kiko el Crazy, Ozuna, Alofoke Music",artist_not_found
"Piso 21, Zion & Lennox",artist_not_found
"MamboLosco, Nardi, Finesse",artist_not_found
"Cardi B, Kehlani",artist_not_found
"Holy Molly, Tata Vlad",artist_not_found
"Emilia, Tiago PZK",artist_not_found
"Wanitwa Mos, Master KG, Nkosazana Daughter, Basetsana, Obeey Amor",artist_not_found
"Santhosh Dhayanidhi, Rakshita Suresh",artist_not_found
"Afroto, Batistuta",artist_not_found
"Mata, Taco Hemingway, Kubi Producent",artist_not_found
"Pihlaja, costee",artist_not_found
"Major Lazer, Wild Belle",artist_not_found
"Mora, Pablo Chill-E",artist_not_found
"MC G15, Mc Davi, Mc Pedrinho, MC Ryan SP, Gaab, Mc Don Juan, MC JottaPê, MC Menor da VG, DJ 900",artist_not_found
"Dillom, Muerejoven, Halpe",artist_not_found
"TRASH, 李浩瑋 Howard Lee, PIZZALI, Vicky Chen, G5SH",artist_not_found
"Ali B, RedOne, Boef, Rolf Sanchez",artist_not_found
"MACHETE, Salmo, Hell Raton",artist_not_found
"Rusha, M'Dee",artist_not_found
"Geegun, Timati, Egor Kreed",artist_not_found
"Monica Geuze, Jonna Fraser, Ruben Annink",artist_not_found
"Loud Luxury, Nikki's Wives",artist_not_found
"Travelle, BAD HABITS",artist_not_found
"Lucas Arnau, Carlos Baute",artist_not_found
"Sundé, ColKaze",artist_not_found
"HEDEGAARD, Lukas Graham",artist_not_found
"דיג'יי אונלי, Talis, Omri Sabach",artist_not_found
"J-AX, Fedez, Alessandra Amoroso",artist_not_found
"SFB, Sevn Alias",artist_not_found
"Aimer, Vaundy",artist_not_found
"Bad Gyal, Quevedo",artist_not_found
"OBLADAET, THRILL PILL",artist_not_found
"JAMIK, PUSSYKILLER",artist_not_found
"Sam Feldt, Lush & Simon, INNA",artist_not_found
"Lady Gaga, Christina Aguilera",artist_not_found
"thasup, bbno$",artist_not_found
"Wiz Khalifa, Travis Scott",artist_not_found
"Feid, Lenny Tavárez",artist_not_found
"Broederliefde, KM, Jayh",artist_not_found
"Alisia, Leo",artist_not_found
"Jukka Poika, Elastinen",artist_not_found
"Gleb, Ty",artist_not_found
"RAF Camora, Bonez MC, Gzuz, Ufo361",artist_not_found
"blackbear, Gucci Mane",artist_not_found
"Dosseh, Nekfeu",artist_not_found
"Felix Jaehn, Marc E. Bassy, Gucci Mane",artist_not_found
"cakal, Eftalya Yağcı",artist_not_found
"Alvaro Soler, Emma",artist_not_found
"Migrantes, MYA, Nico Valdi",artist_not_found
"Amrita Singh, Ankit Tiwari, Asees Kaur, Ash King, Atif Aslam, Badshah, Dhvani Bhanushali, Guru Randhawa, Himesh Reshammiya, Jubin Nautiyal, Karan Sehmbi, Neha Kakkar, Palak Muchhal, Sachin-Jigar, Shruti Pathak, Sunidhi Chauhan, Tony Kakkar, Rashmi Virag, Kedrock, Sd Style",artist_not_found
"Trannos, Billy Sio, Light, Lil Riico",artist_not_found
"Dalex, Arcangel, Manuel Turizo, De La Ghetto, Beéle",artist_not_found
"Eva, KeBlack, Naza",artist_not_found
"Fally Ipupa, Aya Nakamura",artist_not_found
"Regi, OT",artist_not_found
"Azaan Sami Khan, Yashal Shahid",artist_not_found
"Felix Jaehn, GASHI, FAANGS",artist_not_found
"Leellamarz, TOIL, Paloalto",artist_not_found
"SOOBIN, Binz",artist_not_found
"Sadek, Niska",artist_not_found
"DJ Stokie, Kabza De Small, Masterpiece YVK, Madumane",artist_not_found
"Yahaira Plasencia, Sergio George",artist_not_found
"Aste, Raappana",artist_not_found
"220 KID, GRACEY",artist_not_found
"KÖK$VL, Lil Zey",artist_not_found
"Madison Mars, Little League",artist_not_found
"alyona alyona, Jerry Heil",artist_not_found
"P-Hot, Mindset, MVL",artist_not_found
"Lil Tjay, Offset, Moneybagg Yo",artist_not_found
"Nahaze, Achille Lauro",artist_not_found
"yunusemre, Şekersiz",artist_not_found
"La La Love You, Samuraï",artist_not_found
"ZEG P, Hamza, SCH",artist_not_found
"Nadine Lustre, James Reid",artist_not_found
"Morgan Sulele, Admiral P",artist_not_found
"Madison Beer, Offset",artist_not_found
"Mc Delux, MC PPS, CLUB DA DZ7, DJ CAIO BEAT, DJ Roca",artist_not_found
"Gunna, Future",artist_not_found
"Juno, Leo Stillman",artist_not_found
"Úlfur Úlfur, Kött Grá Pje",artist_not_found
"Reginald, Sofian Medjmedj",artist_not_found
"Joint One, Yung Juse",artist_not_found
"Zandimaz, Nokwazi",artist_not_found
"Venom, Shishiliza, Yumbs, Raspy, Blxckie, Riky Rick, Tshego",artist_not_found
"Offset, Travis Scott, 21 Savage",artist_not_found
"Guru Randhawa, Nikhita Gandhi, Sachin-Jigar",artist_not_found
"Basty Corvalan, Jere Klein",artist_not_found
"Gurnazar, Asees Kaur",artist_not_found
"Niska, Nimo",artist_not_found
"Mata, FUNDACJA 420",artist_not_found
"Sasso, Kaza",artist_not_found
"GACHO, Justs Sirmais",artist_not_found
"Kabliz, Yemil, Dj Chelino",artist_not_found
"Natti Natasha, El Alfa, Chimbala",artist_not_found
Nielson & Miss Montreal,artist_not_found
"PON CHO, Paige IV",artist_not_found
"Badshah, Neeti Mohan",artist_not_found
"ITHAN NY, Marcianeke",artist_not_found
"Lbenj, Warri",artist_not_found
"Karan Aujla, Gurlez Akhtar",artist_not_found
"Birnir, Lil Binni",artist_not_found
"Chivas, Szpaku",artist_not_found
"MYA, Manuel Turizo",artist_not_found
"Timmy Trumpet, Gabry Ponte",artist_not_found
"Movimiento Original, Nanpa Básico",artist_not_found
"Farid Bang, Capital Bra, SANNA",artist_not_found
"Natti Natasha, Cazzu, Farina, La Duraca",artist_not_found
"Rivan, Abdul & The Coffee Theory",artist_not_found
"Milly, Farruko, Sech, Miky Woodz, Gigolo Y La Exce",artist_not_found
"Vitor Fernandes, João Gomes",artist_not_found
"Polska Wersja, Hinol Polska Wersja, Jano Polska Wersja",artist_not_found
"Rim'K, Morad",artist_not_found
"Dzsúdló, Krúbi",artist_not_found
"Solange Almeida, Gusttavo Lima",artist_not_found
"New Wavy, Prusax",artist_not_found
"Osher Cohen, שחר סאול",artist_not_found
"Avraham Tal, Benaia Barabi",artist_not_found
"Filipe Ret, MC Cabelinho, MC Maneirinho",artist_not_found
CAROLINA DE DEUS,artist_not_found
"Bermudu Divstūris, Apvedceļš",artist_not_found
"Tinze, Jannika B, LIL YAYO",artist_not_found
"Nicole Cherry, rares",artist_not_found
"Tedi Aleksandrova, Ilian, Boris Dali",artist_not_found
"Paul Kelly, The Messengers",artist_not_found
"Sælan, Ingó Veðurguð",artist_not_found
"LeeHi, B.I",artist_not_found
"Marwan Moussa, Afroto, Karim Enzo",artist_not_found
Harris Baba,artist_not_found
"Hens, Pole., Funzo & Baby Loud",artist_not_found
"Mark B., El Mayor Clasico",artist_not_found
"Lil Peep, ILOVEMAKONNEN, Fall Out Boy",artist_not_found
"Peter Pann, Nerieš",artist_not_found
"ALEE, Manuel",artist_not_found
"Jess Glynne, Jax Jones",artist_not_found
"Madboiali, Stafa",artist_not_found
"Gavin D, OG-ANIC",artist_not_found
"Christopher, Clara Mae",artist_not_found
"Bruno Martini, Timbaland, Johnny Franco",artist_not_found
"The Chainsmokers, Amy Shark",artist_not_found
"Ezhel, Kelvyn Colt",artist_not_found
"Ido Shoam, E-Z",artist_not_found
"TINI, Becky G, Anitta",artist_not_found
"Soolking, Khaled",artist_not_found
"Mosh36, Moe Phoenix",artist_not_found
"TAEYONG, JENO, HENDERY, YANGYANG, GISELLE",artist_not_found
"Instinto 26, Kibow, Yuran, Trista, Julinho Ksd",artist_not_found
"Masew, Xesi, Nhật Nguyễn",artist_not_found
"Konex, Separ",artist_not_found
"RAYE, Jess Glynne",artist_not_found
"Avi, Louis Villain",artist_not_found
"Maan, Kraantje Pappie",artist_not_found
"I.M.T. Smile, Ondrej Kandráč",artist_not_found
"SkandaU, Чарли",artist_not_found
"Jonas Brothers, KAROL G",artist_not_found
"Bad Boy Timz, EMPIRE",artist_not_found
"2115, Bedoes 2115, White 2115, @atutowy, Abel de Jong",artist_not_found
"Moro, ElGrandeToto, Skizo Beats",artist_not_found
"Naar, ISSAM, Jazz Cartier",artist_not_found
"Malú, Pablo Alborán",artist_not_found
"Boris Way, Shibui",artist_not_found
"Kevin Lauren, BEK & Moberg",artist_not_found
"Gradur, MHD, Alonzo, Nyda",artist_not_found
"Batuflex, UZI, Lvbel C5, Critical",artist_not_found
"Darius & Finlay, MartinBepunkt, Shaun Baker",artist_not_found
"J Balvin, Eleni Foureira",artist_not_found
"Emrah, Alisia",artist_not_found
"Tali, Arcangel",artist_not_found
"Murilo Huff, Maiara & Maraisa",artist_not_found
"Banda MS de Sergio Lizárraga, Carin Leon",artist_not_found
"Mihaela Marinova, Pavell & Venci Venc'",artist_not_found
"Abo El Anwar, Marwan Pablo, Lil Baba",artist_not_found
"Rony Fuego, DreNaz",artist_not_found
"Wizkid, Drake",artist_not_found
"1Kilo, DoisP",artist_not_found
"Neha Kakkar, Yash Narvekar, Tanishk Bagchi",artist_not_found
"Piruka, Khapo",artist_not_found
"T.I BLAZE, Olamide",artist_not_found
"Logos Timis, Eleuthero Pneuma, Lobo",artist_not_found
"Garotihnio, Gian, The La Planta",artist_not_found
"Dizzy DROS, Komy",artist_not_found
"Dorian Popa, Shift, Selly",artist_not_found
"Lost Frequencies, Flynn",artist_not_found
"Dzsúdló, Azahriah",artist_not_found
"Masaki Suda, Huwie Ishizaki",artist_not_found
"Tuhan, UZI",artist_not_found
"Rethabile Khumalo, Master KG",artist_not_found
"Trippie Redd, DaBaby",artist_not_found
"Justin Quiles, Robin Schulz",artist_not_found
"DDG, Blueface",artist_not_found
"Wegz, Savage Plug",artist_not_found
"Feng Ze, Edan 呂爵安",artist_not_found
"Fedez, Guè",artist_not_found
"Afroto, Amr Saad",artist_not_found
"Białas, Sokół",artist_not_found
"Miro, ALMA",artist_not_found
"PEDRO SAMPAIO, Luan Otten",artist_not_found
"Żabson, Mata",artist_not_found
"Soprano, Niska",artist_not_found
"Major Lazer, Nyla",artist_not_found
"Lil Tecca, Internet Money",artist_not_found
"Janna, Tuure Kilpeläinen",artist_not_found
"Naim Daniel, Man Keedal",artist_not_found
"Moonkey, C.R.O, WE$T DUBAI",artist_not_found
"Juhn, Brytiago, Myke Towers, Lenny Tavárez, Farruko",artist_not_found
"Sam Smith, Demi Lovato",artist_not_found
"WOS, Ricardo Mollo",artist_not_found
"Migos, Post Malone",artist_not_found
AREZRA,artist_not_found
"Tussin, Amuly, RAVA",artist_not_found
Lyn Lapid,artist_not_found
"Bulin 47, Ceky Viciny",artist_not_found
"Daria Zawiałow, Dawid Podsiadło",artist_not_found
"Eminem, Sia",artist_not_found
"Armin van Buuren, Billen Ted, JC Stewart",artist_not_found
"Kartellen, Timbuktu",artist_not_found
"Bizzey, SFB",artist_not_found
"Bousmaha Mohamed, amine la colombe",artist_not_found
"Omar Kamal, Shaimaa El Maghraby",artist_not_found
"Kontrafakt, Medial Banana",artist_not_found
"DYSTINCT, 3robi, Inkonnu, YAM",artist_not_found
"Aste, EME",artist_not_found
"Malik Montana, Olek, Lil Toe",artist_not_found
"Bogdan DLP, Alex Velea",artist_not_found
"Cecilia Krull, Gavin Moss",artist_not_found
"Mula B, Trobi",artist_not_found
"ElGrandeToto, Ayra Starr",artist_not_found
"Migrantes, El Retutu, FMK, Nico Valdi",artist_not_found
"Dudu Aharon, Omri 69 Segal",artist_not_found
"Rochy RD, Ceky Viciny, El Cherry Scom, El Mega",artist_not_found
"SIDARTA, Saske, Beyond",artist_not_found
"JAEHYUN, d.ear",artist_not_found
"Diplo, MØ",artist_not_found
"Umair, Talha Anjum",artist_not_found
"Brytiago, Rafa Pabön",artist_not_found
"Mon Laferte, Bunbury",artist_not_found
"Tokischa, Anuel AA, Ñengo Flow",artist_not_found
"LH, BARBEL, EL ZETA, Danny Yash",artist_not_found
"Elevation Worship, Maverick City Music, Chandler Moore, Naomi Raine",artist_not_found
"Riton, RAYE",artist_not_found
"Giocatori, Ronnie Flex, Lil Kleine, Sjaak",artist_not_found
"Ziyad Al Zahem, Mansour Al Wailey",artist_not_found
"Jozo, SBMG",artist_not_found
"Luxor, Lusia Chebotina",artist_not_found
"Bramsito, Niska",artist_not_found
"Emir Can İğrek, Patron",artist_not_found
"Static & Ben El, Ran Danker",artist_not_found
"ATYPISK, Kaka",artist_not_found
"Matt Simons, Tabitha",artist_not_found
"Donny Montell, SEL",artist_not_found
"Robbz x Brookz, Kayen",artist_not_found
"Dafina Zeqiri, Lyrical Son",artist_not_found
"Zeynep Bastık, Emir Can İğrek",artist_not_found
"Baggalútur, Salka Sól",artist_not_found
"Dani Mocanu, Costi",artist_not_found
"Marshmello, Roddy Ricch",artist_not_found
"Mr JazziQ, Mellow & Sleazy, M.J, Djy Ma'Ten, Matute Boy",artist_not_found
"Sin Boy, Mad Clip",artist_not_found
"Rvfv, Kikimoteleba",artist_not_found
"Gentle Bones, Benjamin Kheng",artist_not_found
PRETZELLE,artist_not_found
"Sexmane, Nebi",artist_not_found
"Gustavo Mioto, Mc Don Juan",artist_not_found
"Montano, Beéle, Totoy El Frio",artist_not_found
"Sadek, Brulux",artist_not_found
"Brädi, Irina",artist_not_found
"Emis Killa, Capo Plaza",artist_not_found
"88rising, BIBI, MILLI",artist_not_found
"Steve Aoki, Felix Jaehn, Adam Lambert",artist_not_found
"LA$$A, Donnie, Jayh, Rolf Sanchez",artist_not_found
"Zizan Razak, Ismail Izzani",artist_not_found
"Amantej Hundal, Karan Aujla",artist_not_found
"Quang Trung, tlinh, DTAP",artist_not_found
"Kabza De Small, Young Stunna, Artwork Sounds",artist_not_found
"Dalyb, Dara Rolins",artist_not_found
"Leslie Grace, Becky G",artist_not_found
"Białas, Bedoes 2115, Lanek",artist_not_found
"อุ๋ย บุดดาเบลส, นะ Polycat",artist_not_found
"Rusherking, Tiago PZK, Big One",artist_not_found
"MoStack, Stormzy",artist_not_found
"Maluma, Marc Anthony",artist_not_found
"The Magician, Brayton Bowman",artist_not_found
"DJ BOY, MC Joãozinho VT, MC V7, MC Letto, MC Leozinho ZS, Mc IG, Mc Davi, Mc Kako",artist_not_found
"El Jordan 23, Marcianeke, Pailita",artist_not_found
"MC JottaPê, MC Kevinho, ARON",artist_not_found
"Jorkan, BCA, Tachi, Eiby, Italian Somali, Verzatyl",artist_not_found
"Irmak Arıcı, Mustafa Ceceli",artist_not_found
"Headie One, Dave",artist_not_found
"Madonna, Sickick",artist_not_found
"Amuly, Ian",artist_not_found
"Nibal, Justin Quiles, Danny Ocean, Feid",artist_not_found
"Dabzee, SA",artist_not_found
"Danna, Malkata, Lusi",artist_not_found
"Nickoog Clk, Standly",artist_not_found
"Rod Wave, Polo G",artist_not_found
"Gemitaiz, Nitro",artist_not_found
"Pheelz, Davido",artist_not_found
"Cazzu, Duki, Neo Pistea, YSY A",artist_not_found
"SLAVA MARLOW, Eldzhey",artist_not_found
"El Jordan 23, Pablo Chill-E, Marcianeke, Lleflight, El Barto, Jonakapazio, Ben Bulgari, Pailita",artist_not_found
"Jovani, Jazzu",artist_not_found
"Grupo Marca Registrada, Junior H",artist_not_found
"Dardan, RAF Camora",artist_not_found
"Masked Wolf, DDG, G-Eazy",artist_not_found
"Mike Perry, Dimitri Vangelis & Wyman, TEN TIMES, The Companions",artist_not_found
"Akram Hosny, Haifa Wehbe",artist_not_found
"Night Skinny, Luchè",artist_not_found
"Teflon Brothers, Märkä-Simo, Juice Leskinen",artist_not_found
"Gazzelle, thasup",artist_not_found
"Kizo, Qry, Claysteer",artist_not_found
"Rasmus Gozzi, FRÖKEN SNUSK, VARGENTA",artist_not_found
"Los Ajenos, Los Rabanes",artist_not_found
"Zé Ricardo & Thiago, Wesley Safadão",artist_not_found
"Sadek, SCH",artist_not_found
"DJ Licious, PollyAnna",artist_not_found
"Murda, Ezhel, Kalibwoy",artist_not_found
"Nego do Borel, Rennan da Penha",artist_not_found
"01099, CRO",artist_not_found
"Brädi, Redrama",artist_not_found
"Yasser Desai, Neha Kakkar, Rajat Nagpal",artist_not_found
"Lost Frequencies, James Arthur",artist_not_found
"Hardy Caprio, DigDat",artist_not_found
"Reneé Dominique, Jason Mraz",artist_not_found
"MAX, keshi",artist_not_found
"V:RGO, Dim4ou",artist_not_found
"WŁODAR, Pedro",artist_not_found
"Amaal Mallik, Arijit Singh, Tulsi Kumar",artist_not_found
"The Motans, Dirty Nano",artist_not_found
"Disclosure, AlunaGeorge",artist_not_found
"Seeb, Goodboys, HRVY",artist_not_found
"Sokrat St, Beta Berk Bayındır",artist_not_found
"Julia Michaels, Alan Walker",artist_not_found
"KALUSH, Khrystyna Soloviy",artist_not_found
"Serrini, Jason Chan",artist_not_found
"Grupo Los de la O, Ivan Cornejo",artist_not_found
"Klava Koka, Ruki Vverh!",artist_not_found
"Victor La Voz, Jairo Vera, Adan La Amenaza, King Savagge, Bayron Fire",artist_not_found
"Ceg, Anıl Piyancı",artist_not_found
Carlie Hanson,artist_not_found
"Pk, Luísa Sonza",artist_not_found
"Håkan Hellström, Noonie Bao",artist_not_found
"Kurtuluş Kuş, Feryal Sepin, Burak Bulut",artist_not_found
"Hinol Polska Wersja, Jano Polska Wersja, Gibbs, Polska Wersja",artist_not_found
"SFB, Lijpe, Boef",artist_not_found
"Blxckie, Madumane, Chang Cello",artist_not_found
"Einár, 5iftyy, Moewgli",artist_not_found
"India Martinez, Marc Anthony",artist_not_found
"Calema, Zé Felipe",artist_not_found
"Bryant Myers, Nicky Jam, Arcangel, Darell, El Alfa",artist_not_found
"Lola Indigo, Maria Becerra",artist_not_found
"DMS, Kali",artist_not_found
"50 Cent, Sonny Digital",artist_not_found
"Tedi Aleksandrova, Emrah",artist_not_found
"Alkilados, Maluma",artist_not_found
"Sachet Tandon, Parampara Tandon, Kumaar",artist_not_found
"Mafe, Boef",artist_not_found
"Cezinando, Chirag",artist_not_found
"Ty Dolla $ign, FKA twigs, Skrillex, Kanye West",artist_not_found
"Reece Madlisa, Zuma, Spura, Classic Deep",artist_not_found
"7liwa, Nassi, Faux Contact",artist_not_found
"Motive, Murda",artist_not_found
"Luan Santana, Jorge & Mateus",artist_not_found
"Magic System, Chawki",artist_not_found
"QNT, Trung Trần, RPT MCK",artist_not_found
"Kabza De Small, DJ Maphorisa",artist_not_found
"DMS, Kuky Band",artist_not_found
"Atif Aslam, Jyotica Tangri",artist_not_found
"Marcianeke, Jere Klein",artist_not_found
"Claydee, Mente Fuerte",artist_not_found
"Leon Somov, Monika Linkyte",artist_not_found
"Atka, Ekhoe, Nasiimov",artist_not_found
"Demi Portion, ElGrandeToto",artist_not_found
"Daddy Yankee, Paramba",artist_not_found
"Adera, Nadiya Rawil",artist_not_found
"KOJO, Calin, Luca Brassi10x",artist_not_found
"Focalistic, Mr JazziQ, Lady Du, Mellow & Sleazy",artist_not_found
"Vitão, Anitta",artist_not_found
"JONY, HammAli & Navai",artist_not_found
"Bogdan DLP, BOB",artist_not_found
"Egzod, Maestro Chives, Neoni",artist_not_found
"Saliboy, Rob Bourne",artist_not_found
"Ernia, Sfera Ebbasta, Carl Brave",artist_not_found
"Luísa Sonza, Xamã",artist_not_found
"Gustavo Mioto, Maiara e Maraísa",artist_not_found
"Mas Musiq, Aymos, Kabza De Small, DJ Maphorisa",artist_not_found
"Ke Personajes, La T y La M",artist_not_found
"Seksikäs-Suklaa, Dosdela",artist_not_found
"Don Omar, Sharlene Taule",artist_not_found
"Thug Slime, Light",artist_not_found
"Original Fat, Dubosky",artist_not_found
"Badshah, Aastha Gill",artist_not_found
"Cauty, Rafa Pabön",artist_not_found
"Tuna, Jasmin Moallem",artist_not_found
"Martin Solveig, Roy Woods",artist_not_found
"PAMELA, FYRE",artist_not_found
"Mata, DJ Flip",artist_not_found
"Jowell & Randy, Ñejo & Dalmata",artist_not_found
"Nicki Nicole, Mora",artist_not_found
"Costel Biju, Manele Mentolate",artist_not_found
Grupo Mojado,artist_not_found
"Mym, Almighty",artist_not_found
"Vegedream, Dj Leska",artist_not_found
"VTORNIK, Phonk",artist_not_found
"Bermudu Divstūris, Auli",artist_not_found
"Chris Brown, Yo Gotti, A Boogie Wit da Hoodie, Kodak Black",artist_not_found
"Marama, Hernan y La Champion's Liga",artist_not_found
"Tagne, A.L.A",artist_not_found
GAZIROVKA,artist_not_found
"Sleiman, Carmon, Fouli",artist_not_found
"Os Barões Da Pisadinha, Thiago Brava",artist_not_found
"Fiki, Tsvetelina Yaneva",artist_not_found
"Gavin James, Danny Avila",artist_not_found
"Bausa, Juju",artist_not_found
"Petter, Sara Zacharias, Sam-E",artist_not_found
"Naestro, Dadju, GIMS, Slimane, Vitaa",artist_not_found
"Geolier, Emis Killa",artist_not_found
"Bente, Maan",artist_not_found
"Alle Farben, RHODES",artist_not_found
"DVBBS, 24kGoldn, blackbear",artist_not_found
"Keko Salata, Boyat, Samuli Heimo",artist_not_found
"Nasrat Al Bader, قائد حلمي, غصين سبيروس",artist_not_found
"Mario Fresh, Connect-R",artist_not_found
"Negros Tou Moria, DJ.Silence",artist_not_found
"Benny Jamz, KESI",artist_not_found
"Gleb, Vi3e",artist_not_found
"Alif Satar, Raihan",artist_not_found
"Duki, NahueMC, 808god",artist_not_found
"Męskie Granie Orkiestra 2019, Nosowska, Igo, Organek, Krzysztof Zalewski",artist_not_found
"Fabri Fibra, Lazza, Madame",artist_not_found
Nahide Babashlı,artist_not_found
"Tato el X5, Olle Jey",artist_not_found
"Frayer Flexking, Rytmus",artist_not_found
الزمن الجميل,artist_not_found
"Staysman & Lazz, Staysman, Lothepus",artist_not_found
"Ami Mishra, Shreya Ghoshal",artist_not_found
"Dorian, Psycho Rhyme",artist_not_found
"Cir.Cuz, Julie Bergan",artist_not_found
"Lost Frequencies, Elley Duhé, X Ambassadors",artist_not_found
"Mons, Mobydick",artist_not_found
"Yo Yo Honey Singh, Malkit Singh",artist_not_found
"Hoang Thuy Linh, Đen",artist_not_found
"Tyga, YG, Santana",artist_not_found
"Jawsh 685, Lauv, Tyga",artist_not_found
"Ceky Viciny, Otro Idioma",artist_not_found
"Tiago PZK, Myke Towers",artist_not_found
"Sigala, Ella Henderson",artist_not_found
"Breiðablik, Herra Hnetusmjör",artist_not_found
"Acid, Used, Joost, Apson",artist_not_found
"Molotof, Marwan Moussa, Afroto",artist_not_found
"frendz, Sofi, Manuel",artist_not_found
"Jassa Dhillon, Gur Sidhu, Deepak Dhillon",artist_not_found
"Otsochodzi, Ten Typ Mes, schafter",artist_not_found
"Maan, Jonna Fraser",artist_not_found
"Kid Cudi, Skepta, Pop Smoke",artist_not_found
"Boomdabash, Annalisa",artist_not_found
"Badshah, Karan Aujla, Devika Badyal",artist_not_found
"Męskie Granie Orkiestra 2020, Daria Zawiałow, Błażej Król, Igo",artist_not_found
"Ayla Çelik, Beyazıt Öztürk",artist_not_found
"NODE, Larry",artist_not_found
"Norlie & KKV, Benjamin Ingrosso",artist_not_found
"Mata, Popek, Pedro, młody klakson",artist_not_found
"Murda, Ronnie Flex",artist_not_found
"Magiera, Sobel",artist_not_found
"Tabitha, Nielson",artist_not_found
"Slæm Dønk, @AronErMat",artist_not_found
"Armin van Buuren, Sam Martin",artist_not_found
"Black Eyed Peas, Nicky Jam, Tyga, J. Rey Soul",artist_not_found
"DJ Alex, Tirri La Roca, BANDIDO, Homer El Mero Mero, Ecko, Omar Varela",artist_not_found
"Mc Poze do Rodo, Mainstreet, Ajaxx",artist_not_found
"Einár, Stress",artist_not_found
"Jaziel Avilez, Codiciado, Peso Pluma",artist_not_found
"DBN Gogo, Blaqnick & MasterBlaq, Mpura, Ama Avenger, M.J",artist_not_found
"ikikardesh, Eza",artist_not_found
"Basta, Skryptonite",artist_not_found
"Kuty, Reckol, cakal",artist_not_found
"Benji & Fede, Shari",artist_not_found
"Sohail Sen, Altamash Faridi, Jyotica Tangri",artist_not_found
"Killa Hakan, Ezhel, GRiNGO",artist_not_found
"MG, GAMEBOY",artist_not_found
"Tsvetina, Anton Dimitrov Tony",artist_not_found
"Kabza De Small, Mhaw Keys, Njelic, Simmy",artist_not_found
"Os Quebradeiras, Mousik, Machadez",artist_not_found
"Ninho, Gradur",artist_not_found
"Trippie Redd, PARTYNEXTDOOR",artist_not_found
"Yemil, Andiex, Dj Albisin",artist_not_found
"Brytiago, Darell, Arcangel, Ñengo Flow, Farruko, De La Ghetto",artist_not_found
"Adekunle Gold, Lucky Daye",artist_not_found
Delil,artist_not_found
"RIDSA, Eva Guess",artist_not_found
"Gemitaiz, Priestess, Quentin40",artist_not_found
"DKB, Amine SEMMA",artist_not_found
"Leo Ku, Nancy Wu",artist_not_found
"Eleni Foureira, Bobito, Ayman",artist_not_found
"Vishal Mishra, Rahul Sipligunj, M. M. Keeravani",artist_not_found
"Kali, Klaudia Szafrańska, PlanBe, Sir Mich",artist_not_found
"Arthur Pirozhkov, Klava Koka",artist_not_found
"Maor Edri, Mooki",artist_not_found
"Mr. Polska, Kabe, Kizo",artist_not_found
"Baby Gang, Capo Plaza",artist_not_found
"Leo Ku, Tyson Yoshi",artist_not_found
"El Cienty, El Fresch, Yomel El Meloso",artist_not_found
"Problembarn, Iron Mæn, Roc Meiniac, PASTILLE",artist_not_found
Tessa Violet,artist_not_found
"КУЧЕР, JANAGA",artist_not_found
"Nafthaly Ramona, Bizzey, Hef, Ramiks",artist_not_found
"Sidhu Moose Wala, Sunny Malton, The Kidd",artist_not_found
"Judika, Shila Amzah",artist_not_found
"El Alfa, Anitta, Busta Rhymes, CJ, El Cherry Scom, Wisin",artist_not_found
"Don Miguelo, Bulin 47",artist_not_found
"TRANG, Khoa Vũ",artist_not_found
"Jimilian, 6ix9ine",artist_not_found
"Innertier, Katastrofe",artist_not_found
"Isah, Hver gang vi møtes",artist_not_found
"Renuka Panwar, MJ",artist_not_found
"Shakka, AlunaGeorge, Aluna",artist_not_found
"Omar Rudberg, Victoria Nadine",artist_not_found
"Auður, ClubDub, Valdimar Guðmundsson",artist_not_found
"Tedi Pagg, Simar Panag, Mickey Singh",artist_not_found
"Chivv, Jandro, Jonna Fraser, Diquenza",artist_not_found
"DENNIS, Xamã, LUDMILLA",artist_not_found
"SDP, 257ers",artist_not_found
"Bobo, Real Phantom, Japanese, Livity Crew",artist_not_found
"Dizzy, Manny Flaco",artist_not_found
"Kizz Daniel, Tekno",artist_not_found
"Marko Glass, Bisi",artist_not_found
"Nosstress, Dadang Sh Pranoto, Deny Surya",artist_not_found
"Yksi Totuus, Raappana, Seksikäs-Suklaa",artist_not_found
"Dj Karri, BL Zero, Lebzito, Prime De 1st",artist_not_found
Sunjae,artist_not_found
"Alok, Ella Eyre, Kenny Dope, Never Dull",artist_not_found
"Separ, Majk Spirit, Maxo",artist_not_found
"Jovani, VASSY, Embody",artist_not_found
"Xand Avião, DJ Ivis, Mc Danny",artist_not_found
"Wisin & Yandel, Sech",artist_not_found
"Medy, Capo Plaza",artist_not_found
"Al Nather, Shabjdeed",artist_not_found
"Emis Killa, Jake La Furia, Massimo Pericolo",artist_not_found
"Mensa, Saaff",artist_not_found
"RK, Maes",artist_not_found
"Zeynep Bastık, Anıl Piyancı",artist_not_found
"Donatan, Cleo",artist_not_found
"Emcee L (Da LAB), Da LAB, Badbies",artist_not_found
"Draganov, Manal",artist_not_found
"Omer Adam, Lior Narkis, Moshe Peretz",artist_not_found
"L-Gante, Fidel Nadal, DT.Bilardo",artist_not_found
"1da Banton, Kizz Daniel, Tiwa Savage",artist_not_found
"OBOY, Aya Nakamura, Dopebwoy",artist_not_found
"Nouvo, ElGrandeToto, Draganov",artist_not_found
"Jireel, ICEKIID",artist_not_found
Big Boi,artist_not_found
"Gusttavo Lima, Bruno & Denner",artist_not_found
"Velet, Ece Mumay",artist_not_found
"Louis Koo, Kay Tse",artist_not_found
"Kris Kross Amsterdam, Bilal Wahib, Emma Heesters",artist_not_found
"Kongsted, Cisilia",artist_not_found
"Mark B., Arcangel",artist_not_found
"Miky Woodz, Wisin, Manuel Turizo, Justin Quiles, Lenny Tavárez",artist_not_found
"Loud Luxury, anders",artist_not_found
"Mok Saib, Phobia Isaac",artist_not_found
"Singapūras Satīns, A-Europa",artist_not_found
"Ricky Rich, Dardan, Zuna",artist_not_found
"Kreisais Krasts, Ivans Baigais, marcways, Cepums, Pionieris",artist_not_found
"Elevation Worship, Kari Jobe, Cody Carnes",artist_not_found
"Lord Est, MEGA-Ertsi",artist_not_found
"Alejandro Fernández, Christina Aguilera",artist_not_found
"Atif Aslam, Velo Sound Station",artist_not_found
"Jüri Pootsmann, Metsakutsu",artist_not_found
"Omer Adam, Netta",artist_not_found
"Puri, Jhorrmountain, Adje",artist_not_found
"Manuel, M Ricch",artist_not_found
"Juno, la haka",artist_not_found
"Danny Saucedo, Sabina Ddumba",artist_not_found
"AP Dhillon, Gurinder Gill, Money Musik",artist_not_found
"Vincy Chan, per se",artist_not_found
"Manal, ElGrandeToto",artist_not_found
"Lil Peep, rainy bear",artist_not_found
"Saiko, Came Beats",artist_not_found
"Cess, Benjamin",artist_not_found
"Petri Nygård, Erika Vikman",artist_not_found
"Ballinciaga, Kamelen",artist_not_found
"Grewal, Zehr Vibe",artist_not_found
"Regi, Camille",artist_not_found
"TRXD, Emilie Adams",artist_not_found
"Rod Wave, Lil Baby",artist_not_found
"Marracash, Rkomi",artist_not_found
"Dardan, Luciano",artist_not_found
"Joe L, william",artist_not_found
"Pablito Pesadilla, Polimá Westcoast, Nickoog Clk, Fran C",artist_not_found
Ayaka Hirahara,artist_not_found
"MD$, JVG, william",artist_not_found
"Shaun Frank, KSHMR, Delaney Jane",artist_not_found
"Rich Brian, Guapdad 4000",artist_not_found
"Aste, Sara Siipola",artist_not_found
"Ha*Ash, Axel",artist_not_found
"Bedoes 2115, Lanek, Kuqe 2115",artist_not_found
"Calin, Yzomandias",artist_not_found
"Stan Walker, Hamo Dell",artist_not_found
"Diljit Dosanjh, Tory Lanez, Ikky",artist_not_found
"Bokoesam, Lil Kleine, D-Double",artist_not_found
"DJ Babs, 4Keus",artist_not_found
"Deliric, Silent Strike, EM",artist_not_found
"Light, Saske, Skive",artist_not_found
SANARI,artist_not_found
"Atif Aslam, Momina Mustehsan",artist_not_found
"Sachin-Jigar, Jubin Nautiyal, Asees Kaur",artist_not_found
"The Vamps, Shawn Mendes",artist_not_found
"Kygo, Chelsea Cutler",artist_not_found
"Antoon, Sterre",artist_not_found
"Willem & Jan, Waylon, Jan Smit",artist_not_found
"ArrDee, Aitch",artist_not_found
"Ian, Aerozen, FLORIS, Oscar",artist_not_found
"Ypo, Light",artist_not_found
Arena Hash,artist_not_found
"French Montana, J Balvin, Swae Lee",artist_not_found
"D-Double, ValsBezig",artist_not_found
"MC L da Vinte, Mc Kaio",artist_not_found
"John De Sohn, Andreas Moe",artist_not_found
"FMK, Duki",artist_not_found
"Vidar Villa, Halva Priset",artist_not_found
"Os Barões Da Pisadinha, Fernando & Sorocaba",artist_not_found
"Itay Levi, Vivo",artist_not_found
"Sifax, Sofiane",artist_not_found
"Kweller, Enzo Cello, Thomie, prodbyeros",artist_not_found
"Jireel, Victor Leksell, Reyn",artist_not_found
"Jul, Omah Lay",artist_not_found
"Aria, Diona",artist_not_found
"Ivan Greko, BeTaf Beats, Night Grind",artist_not_found
"Kukon, Quebonafide",artist_not_found
"Duki, C.R.O",artist_not_found
"El Goldo De Las Conec, Marcianeke, King Savagge, Pablito Rolayork, Jairo Vera, Gabo El Chamaquito, Tunechikidd, El BAI, Sayian Jimmy, Benja el Menorcito, Benji Gramitos, Jhon Jairo, Lil Geremi, Yiordano Ignacio",artist_not_found
"Sofía Reyes, Prince Royce",artist_not_found
"kouz1, Abduh",artist_not_found
"Whal & Dolph, Earth Patravee",artist_not_found
"Isac Elliot, william, Cledos",artist_not_found
"Masno, Hellfield",artist_not_found
"GIMS, Vitaa",artist_not_found
"Eladio Carrion, Luar La L",artist_not_found
"Juno, MIRA",artist_not_found
"kaw, nublu",artist_not_found
"MC WM, Niack, MC's Jhowzinho & Kadinho",artist_not_found
"Lennon Stella, Charlie Puth",artist_not_found
"UNICEF Iceland, Emmsjé Gauti, Úlfur Úlfur, Daughters of Reykjavík, Auður, Kött Grá Pjé, Alvia Islandia, Cyber, GKR, Þorvaldur Davíð Kristjánsson, Erpur Eyvindarson, Sara Dís Hjaltested",artist_not_found
"Galee Galee, Polimá Westcoast",artist_not_found
"Diaz & Bruno, F1rstman, I am Aisha, Kempi",artist_not_found
"SB Maffija, White 2115, Białas, Kinny Zimmer, Bedoes 2115, Pedro, francis",artist_not_found
"okeiokei, villemdrillem",artist_not_found
"Juno, Janna, Gracias",artist_not_found
"JENCARLOS, Don Omar",artist_not_found
"Falz, BNXN fka Buju",artist_not_found
"Kaushik-Guddu, Raghav Chaitanya, Kunaal Vermaa",artist_not_found
"Rondodasosa, Nko",artist_not_found
"Sid Sriram, Sreejith Edavana",artist_not_found
"Alex Sensation, Farruko, Prince Royce, Mariah Angeliq, Kevin Lyttle",artist_not_found
"Beyoncé, Nicki Minaj",artist_not_found
"Robledo, Ovy On The Drums, Lalo Ebratt, Omar Montes, Alex Martini",artist_not_found
"MACHETE, Fabri Fibra, Massimo Pericolo",artist_not_found
"Kafu Banton, Jorkan",artist_not_found
"DBN Gogo, Felo Le Tee, Pabi Cooper, Young Stunna",artist_not_found
"DJ Zullu, Anitta, MC G15",artist_not_found
"Kiddtetoon, Diego Smith",artist_not_found
"Emanuela, Джордан",artist_not_found
"DJ Khaled, SZA",artist_not_found
"Digga D, AJ Tracey",artist_not_found
"Strongi, Strong R.",artist_not_found
"OUENZA, ElGrandeToto",artist_not_found
"David Bisbal, Danna Paola",artist_not_found
"Joey Christ, Krabba Mane",artist_not_found
"Rauw Alejandro, Alex Rose, Lyanno, Lenny Tavárez, Cazzu",artist_not_found
"Guè, Rose Villain",artist_not_found
"Camur, MellemFingaMuzik",artist_not_found
"Juan Magán, Alvaro Soler, Marielle Hazlo",artist_not_found
"Ecko, Iacho, KHEA, Seven Kayne",artist_not_found
"BRAVVO, Sebastian Llosa",artist_not_found
"Costel Biju, Kristiyana",artist_not_found
"Maluma, Farruko",artist_not_found
"Cristian D, Bilal Wahib, LA$$A",artist_not_found
"Gino Mella, Jairo Vera",artist_not_found
"FMK, LIT killah",artist_not_found
"Anna Puu, Olavi Uusivirta",artist_not_found
"Ak4:20, Brray",artist_not_found
"Big Sean, Eminem",artist_not_found
"W/N, ERIK, Nau",artist_not_found
"Fy, Lil Barty, Hawk",artist_not_found
"VSTRA, TGSN, Tyronee",artist_not_found
"88rising, Rich Brian",artist_not_found
"Yellow Claw, STORi",artist_not_found
"Yves V, Ilkay Sencan, Emie",artist_not_found
"Herra Hnetusmjör, Floni",artist_not_found
"Josylvio, Hef, Moeman",artist_not_found
"Nimo, Luciano",artist_not_found
"Citybois, Skinz",artist_not_found
"Tyla, Kooldrink",artist_not_found
"Malbec, Siuzanna",artist_not_found
"Egor Kreed, MORGENSHTERN",artist_not_found
"Alan Walker, Winona Oak",artist_not_found
"Bin$ho, Andiex",artist_not_found
"LilCagula, NL Moxxie",artist_not_found
"Josylvio, Esko",artist_not_found
"Vigiland, Ted Nights, Alexander Tidebrink",artist_not_found
"Josman, Laylow",artist_not_found
"Lenny Tavárez, Cosculluela",artist_not_found
"Nacho, Los Mendoza",artist_not_found
"Fumez The Engineer, Sava, OTP, BM X MINI",artist_not_found
"Albin Myers, ODZ",artist_not_found
"De La Ghetto, Arcangel, Wisin",artist_not_found
"CYANIDE, Lazyloxy",artist_not_found
"Rihanna, JAY-Z",artist_not_found
Leat'eq,artist_not_found
"Separ, Adiss",artist_not_found
"Dj Guuga, MC WM",artist_not_found
"Zoë Tauran, Frenna",artist_not_found
"Dhanush, Anirudh Ravichander",artist_not_found
"Ringnes-Ronny, DJ FITTE",artist_not_found
"Pipe Bueno, Carin Leon, Jessi Uribe, Alzate, Yeison Jimenez, Darío Gómez, Luis Alberto Posada, El Charrito Negro, Jhonny Rivera, Jhon Alex Castaño, Juan Pablo Navarrete",artist_not_found
"Ricky Rich, Kids Of Revolution",artist_not_found
"MC Tairon, Mc Vitin Da Igrejinha, Dj Win",artist_not_found
"Supa Squad, MC Zuka",artist_not_found
"KSI, YUNGBLUD, Polo G",artist_not_found
"Ippo Hafiz, Sheryl Shazwanie",artist_not_found
"Taladro, Ece Mumay",artist_not_found
"SWIDT, Lomez Brown",artist_not_found
"Two Crooks, F1rstman",artist_not_found
"NATTAN, Felipe Amorim",artist_not_found
"Chase Atlantic, GOON DES GARCONS*",artist_not_found
"Matuê, WIU, Teto",artist_not_found
"Calin, fiedlerski",artist_not_found
"Alok, Mathieu Koss",artist_not_found
"Carl Brave, Frah Quintale",artist_not_found
"Kontrafakt, Sima",artist_not_found
"Hypzex, RECO",artist_not_found
"A-Mei Chang, E-SO",artist_not_found
"Rafet El Roman, Derya",artist_not_found
"Żabson, Young Leosia, Beteo, Borucci",artist_not_found
"Broederliefde, Emms",artist_not_found
"Ginny Blackmore, Stan Walker",artist_not_found
"Can Yüce, Umut Kumaş",artist_not_found
"Khan Bhaini, Shipra Goyal",artist_not_found
"Hennedub, KESI, Skinz",artist_not_found
"Sergio Contreras, Indara",artist_not_found
Kadiatou,artist_not_found
"Lavaado, Cub$kout",artist_not_found
"VillaBanks, Lil Kvneki",artist_not_found
"Joey Christ, Birnir",artist_not_found
"Summer All Stars, Slza",artist_not_found
"Suni Hạ Linh, Rtee",artist_not_found
"Basim, Benny Jamz",artist_not_found
"Vic9, Sevn Alias",artist_not_found
"屁孩 Ryan, 水水Mizu98",artist_not_found
"Dímelo Flow, Justin Quiles, Alex Rose, Gigolo Y La Exce",artist_not_found
"Geisha Cartel, Birnir",artist_not_found
"Akhil Sachdeva, Mansheel Gujral",artist_not_found
"Shay, Niska",artist_not_found
"IZA, Rincon Sapiência",artist_not_found
Juice Boy,artist_not_found
"Moshiko Mor, Lior Narkis",artist_not_found
"Marcianeke, yammir, Young Brooklyn, Victor La Voz, NicoClear",artist_not_found
"Natos y Waor, C.R.O, Homer El Mero Mero, Bardero$",artist_not_found
"Separ, Minimo",artist_not_found
"Nacho, Wisin, Noriel",artist_not_found
"Sachin-Jigar, Asees Kaur, Divya Kumar, Mellow D",artist_not_found
"Ivete Sangalo, Wesley Safadão",artist_not_found
"Sfera Ebbasta, Marracash, Guè, Paky, Geolier",artist_not_found
"Msaki, Focalistic, Kabza De Small",artist_not_found
"Atanas Kolev, N-Cube",artist_not_found
"Jay Fung, moon tang",artist_not_found
"AKI, Kapten Röd",artist_not_found
"Juice WRLD, Seezyn",artist_not_found
"Gobs, Ricky Rich",artist_not_found
"Kiddo Toto, Cieloazul",artist_not_found
"ROSALÍA, Tokischa",artist_not_found
"Rvfv, Omar Montes",artist_not_found
"White 2115, Friz, Raff J.R.",artist_not_found
"Kraantje Pappie, Guus Meeuwis",artist_not_found
"Abraham Mateo, Manuel Turizo",artist_not_found
"Lele Blade, Vale Lambo, Yung Snapp",artist_not_found
"VC Barre, GRIND GANG",artist_not_found
"Tinie Tempah, John Martin",artist_not_found
"Dương Edward, Vũ Khắc Anh",artist_not_found
"Vio, Şehinşah",artist_not_found
"Nerry Money, BARBEL",artist_not_found
"Jala Brat, Light, Pyrex",artist_not_found
"Mente Fuerte, Saske, Hawk, Hatemost, Baghdad",artist_not_found
"Baby Gang, Bobo, Il Ghost",artist_not_found
Qzeng,artist_not_found
"Bedoes 2115, Lanek, flexxy2115, Kuqe 2115",artist_not_found
"Undacava, Capo",artist_not_found
"Elissa, Saad Lamjarred",artist_not_found
"Zizan Razak, SonaOne",artist_not_found
"Landy, Dadju",artist_not_found
"Slow J, Sara Tavares",artist_not_found
"Rose Villain, Salmo",artist_not_found
"Uniikki, TUULI",artist_not_found
"Gli Autogol, Papu Gomez, DJ Matrix",artist_not_found
"GoldLink, Brent Faiyaz, Shy Glizzy",artist_not_found
"Kabza De Small, DJ Maphorisa, Mlindo The Vocalist",artist_not_found
"Hreimur, Magni, Embla",artist_not_found
"Đen, Giang Pham, Triple D",artist_not_found
"O Boy da Seresta, Menor Nico",artist_not_found
"MEAU, Racoon",artist_not_found
"Joyce Cheng, Serrini",artist_not_found
"Gibbs, Kiełas",artist_not_found
"Soa Mattrix, DJ Maphorisa, Phila Dlozi, Boohle, Kabza De Small",artist_not_found
"Kris Kross Amsterdam, Lil Kleine, Yade Lauren",artist_not_found
"KHEA, Duki, Cazzu, Neo Pistea, Tali Goya",artist_not_found
"Maiara & Maraisa, Dilsinho",artist_not_found
"Major Lazer, Sia, Labrinth",artist_not_found
"NLE Choppa, Lil Baby",artist_not_found
"Unité, Dadju, Hatik, Imen Es, Soolking",artist_not_found
"Flipp Dinero, Lil Baby",artist_not_found
"Yasmin Santos, Gustavo Mioto",artist_not_found
"JoeyAK, Josylvio",artist_not_found
"D.O., Wonstein",artist_not_found
"Maka, Bandaga",artist_not_found
"Reik, Rocco Hunt, Ana Mena",artist_not_found
"Bossikan, Hawk, ObieDaz",artist_not_found
"Farruko, Ala Jaza",artist_not_found
"Lena Zevgara, Michael Touratzidis",artist_not_found
"Harry Nach, Marcianeke",artist_not_found
"Young Igi, Peja",artist_not_found
"Katja Krasavice, ELIF",artist_not_found
"Teflon Brothers, STEREO",artist_not_found
"Sevn Alias, Candy Dulfer",artist_not_found
"Vũ., Kimmese",artist_not_found
"Reginald, Mio",artist_not_found
"Fedez, J-AX",artist_not_found
"Jetlagz, Kosi, Łajzol, PRO8L3M",artist_not_found
"Kanika Kapoor, Devi Sri Prasad",artist_not_found
"Skinny Days, Emilie Adams",artist_not_found
"Poo Bear, Justin Bieber, Jay Electronica",artist_not_found
"Frenna, Two Crooks, Emms, Ronnie Flex",artist_not_found
"Bligg, Marc Sway",artist_not_found
"J-AX, Max Pezzali",artist_not_found
"Tuğçe Kandemir, Özkan Meydan, Alican Özbuğutu",artist_not_found
"Jonna Fraser, Lijpe, KM, Ronnie Flex",artist_not_found
"Ronisia, Gazo",artist_not_found
"Justinas Jarutis, Monique",artist_not_found
"OG Version, Free Finga",artist_not_found
"Roope Salminen & Koirat, Pepe Willberg",artist_not_found
"Abdulrahman Mohammed, Khalid Barzanji",artist_not_found
"Marcos & Belutti, Marília Mendonça",artist_not_found
"Alan Gomez, Maty Deejay",artist_not_found
"SB Maffija, Kinny Zimmer, Janusz Walczuk, Jan-Rapowanie, Solar, Bedoes 2115, flexxy2115, Kuqe 2115, Blacha 2115, White 2115, Białas, Fukaj, Lanek, Pedro, francis",artist_not_found
"Ayra Starr, CKay",artist_not_found
"Berksan, Hande Yener",artist_not_found
"Kungs, Stargate, Josh Golden",artist_not_found
"BIA, J. Cole",artist_not_found
"Tiiwtiiw, Zouhair Bahaoui, Chk",artist_not_found
"Mio, Nick Strand",artist_not_found
"Vic9, Ronnie Flex",artist_not_found
"Sam Smith, Calvin Harris, Jessie Reyez",artist_not_found
"Dof Twogee, LEX",artist_not_found
"Olexesh, Nimo",artist_not_found
"Mc Don Juan, MC Hariel",artist_not_found
"Orochi, Mainstreet, Mc Poze do Rodo, Ajaxx",artist_not_found
"Moose, Negros Tou Moria",artist_not_found
"Claydee, Eleni Foureira",artist_not_found
"Anas, Soolking",artist_not_found
"Rusherking, L-Gante, Emilia",artist_not_found
"Cazzu, Justin Quiles",artist_not_found
"Trannos, ATC Nico, Lil Riico",artist_not_found
"Mata, Pedro, francis",artist_not_found
"Quebonafide, Paluch",artist_not_found
"Julinho Ksd, Deezy, T-Rex",artist_not_found
"Juhn, Ozuna",artist_not_found
"Gigolo Y La Exce, Jay Wheeler",artist_not_found
"HGEMONA$, Negros Tou Moria, DJ.Silence",artist_not_found
"Lefa, Orelsan",artist_not_found
"Hornet La Frappe, Hooss",artist_not_found
"Eladio Carrion, Morad",artist_not_found
"Harun Kolçak, Tan Taşçı",artist_not_found
"Fuerza Regida, Natanael Cano",artist_not_found
"Static & Ben El, Miri Mesika",artist_not_found
"Natti Natasha, Justin Quiles, Miky Woodz",artist_not_found
"Izzamuzzic, Julien Marchal",artist_not_found
"OAFF, Savera, Shalmali Kholgade, Kausar Munir",artist_not_found
"Sigma, Saske",artist_not_found
"Mista Bombo, Yemil",artist_not_found
"Moreart, IHI",artist_not_found
"Jul, Wejdene",artist_not_found
"Mia Rose, Salvador Seixas",artist_not_found
"OG Version, 7th Block",artist_not_found
"DJ Nelson, Anuel AA, Farruko",artist_not_found
"KM, Frenna, Jonna Fraser",artist_not_found
"Yoon Mirae, BIBI",artist_not_found
"CYANIDE, Ninja",artist_not_found
"Úlfur Úlfur, Gísli Pálmi",artist_not_found
"Guru Randhawa, Dhvani Bhanushali",artist_not_found
"RAF Camora, Gentleman",artist_not_found
"Lasse Stefanz, N!NE",artist_not_found
"Lune, Juh-Dee",artist_not_found
"Omer Adam, Idan Rafael Haviv",artist_not_found
"WOS, Nicki Nicole",artist_not_found
"Jamaika, Dayzon",artist_not_found
"Becky Hill, WEISS",artist_not_found
"Jireel, estraden",artist_not_found
"Anandelight, unofficialboyy, BE'O, Geegooin, Mudd the student, MINO",artist_not_found
"Kwiish SA, Njelic, MalumNator, De Mthuda",artist_not_found
"Arttu Wiskari, Mira Luoti",artist_not_found
"Busta 929, Zuma",artist_not_found
"Skinz, Emil Stabil",artist_not_found
"T. Danny, Manuel",artist_not_found
"Lacrim, Ninho",artist_not_found
"Szpaku, VAE VISTIC",artist_not_found
"Separ, Dame, Kali",artist_not_found
"Lola Indigo, Lalo Ebratt",artist_not_found
"Years & Years, Galantis",artist_not_found
"Yung Adisz, Gottastral",artist_not_found
"Chau Dang Khoa, Hoaprox",artist_not_found
"Camila Cabello, Maria Becerra",artist_not_found
"Emma Muscat, Astol",artist_not_found
"Kain, Ekhoe, Pogány Induló",artist_not_found
"Alvaro Soler, David Bisbal",artist_not_found
"Ronnie Flex, BLØF",artist_not_found
"Sufle, Canozan",artist_not_found
"Úlfur Úlfur, Emmsjé Gauti",artist_not_found
"Sebastian Noto, NCO, ibe",artist_not_found
"Blue Ivy, SAINt JHN, Beyoncé, Wizkid",artist_not_found
"Costa Azul, Pedrin Superstra",artist_not_found
"El Alfa, Anuel AA",artist_not_found
"G-Eazy, Starrah",artist_not_found
"Guè, Mahmood, Marracash",artist_not_found
"Donnie, Mart Hoogkamer",artist_not_found
"Jefferson Moraes, Maraisa",artist_not_found
"MellemFingaMuzik, Benny Jamz",artist_not_found
"Ozuna, Ele A El Dominio",artist_not_found
"Secreto ""El Famoso Biberon"", Nino Freestyle, El Pecho",artist_not_found
"Spice, Shaggy, Sean Paul",artist_not_found
"Lazza, Low Kidd, Salmo, Nitro",artist_not_found
"SCH, Jul",artist_not_found
"Hayki, Hayko Cepkin",artist_not_found
"Arash, Sean Paul",artist_not_found
"Jonna Fraser, Broederliefde, Jayh",artist_not_found
"Ghali, Sick Luke",artist_not_found
"Diho, Josef Bratan",artist_not_found
"Hot Shade, Mike Perry, Karlyn",artist_not_found
"Teflon Brothers, STIG, Meiju Suvas",artist_not_found
"Artigeardit, KESI",artist_not_found
"Matoma, MAX",artist_not_found
"Yzomandias, Robin Zoot",artist_not_found
"Green Montana, SDM",artist_not_found
"Trei Degete, Squeezie, Myd, KronoMuzik",artist_not_found
"Hanna Ferm, Junie",artist_not_found
"India Martinez, David Bisbal",artist_not_found
"Tanishk Bagchi, Jubin Nautiyal",artist_not_found
"Mac Miller, Miguel",artist_not_found
"Netsky, Beth Ditto",artist_not_found
"Cris Mj, Tiago PZK",artist_not_found
"Robin Packalen, Kovee, Joznez",artist_not_found
"EREN CAN, BATU",artist_not_found
"Dyna, Frenna, Ronnie Flex",artist_not_found
"Naim Daniel, Tuju",artist_not_found
"Serdar Ortaç, Yıldız Tilbe",artist_not_found
"Lupe Fiasco, Ed Sheeran",artist_not_found
"Zouhair Bahaoui, Carmen Soliman",artist_not_found
"Sandy, ANAVITÓRIA",artist_not_found
"Alejandro Fernández, Christian Nodal",artist_not_found
"Lata Mangeshkar, Heartlock",artist_not_found
"Lord Siva, TopGunn",artist_not_found
"Felix Jaehn, Calum Scott",artist_not_found
"estraden, Eah Jé",artist_not_found
"Isaac Kasule, Gilli",artist_not_found
"iLLEOo, Night Grind, Lau Jr, TSE, GAB, Retro",artist_not_found
"Ty Dolla $ign, Future",artist_not_found
"Natiruts, Claudia Leitte",artist_not_found
"Michael Patrick Kelly, Rakim",artist_not_found
"Early B, Jack Parow, Justin Vega",artist_not_found
"Dimitri Vegas, David Guetta, Nicole Scherzinger, Azteck",artist_not_found
"Adam Mišík, Ben Cristovao",artist_not_found
"Will Pan, TIA RAY",artist_not_found
"Mikael Gabriel, JVG",artist_not_found
"J-AX, Mr.Rain",artist_not_found
"cakal, Gzuz",artist_not_found
"DVBBS, blackbear",artist_not_found
"Mc Paiva ZS, MC Ryan SP, Kotim",artist_not_found
"Kollegah, Karate Andi, SSIO",artist_not_found
"Reykon, J Alvarez, Kevin Roldan",artist_not_found
"Soch the Band, Butt Brothers",artist_not_found
"Tokischa, Paulus Music, Yomel El Meloso, Leo RD",artist_not_found
"Paulie Garand, Kenny Rough",artist_not_found
"Skinz, Jimilian",artist_not_found
"V:RGO, Secta",artist_not_found
"Raappana, BESS",artist_not_found
"DJ Matt D, Mc Lipi, MC Lemos, Menor MC, MC Vinny, Makalo, MC Julio D.E.R., MC Leozinho ZS",artist_not_found
"Canbay & Wolker, Sertan",artist_not_found
"Galin, Azis",artist_not_found
"Soolking, Tayc",artist_not_found
"Kreisais Krasts, MaDJooE",artist_not_found
"Nio Garcia, Pailita",artist_not_found
"Leaderbrain, Trannos, Gosei",artist_not_found
"THE TOYS, DJ ONO, Pimtha",artist_not_found
"Alberto, Swizzy, pukasz",artist_not_found
"Cami, WOS",artist_not_found
"Yung Bleu, Drake",artist_not_found
"Yuvan Shankar Raja, Sid Sriram",artist_not_found
"Yksi Totuus, HesaÄijä, Seksikäs-Suklaa, Slim Mill",artist_not_found
"Smokepurpp, Lil Pump",artist_not_found
"Veysel, Luciano",artist_not_found
"Natti Natasha, Prince Royce",artist_not_found
"Idan Raichel, TripL",artist_not_found
"Sueco, A Boogie Wit da Hoodie, Offset",artist_not_found
"Duki, Ronny J, Pablo Chill-E, Capo Plaza, C.R.O, Asan",artist_not_found
"JayKii, Sara Lưu",artist_not_found
"Josylvio, CHO, Henkie T",artist_not_found
"Hannes, waterbaby",artist_not_found
"Pyramids, 3robi",artist_not_found
"TopGunn, Branco",artist_not_found
"Radical, Thelonious B., Rosa Chemical",artist_not_found
"Даня Милохин, Nikolay Baskov",artist_not_found
"Sony no Beat, Felupe, Mc Danny",artist_not_found
"Dimitri Vegas & Like Mike, Dimitri Vegas, Wiz Khalifa",artist_not_found
"Julianno Sosa, Endo, El Jordan 23, Noiss",artist_not_found
"BACALL, Malo, Prince Osito",artist_not_found
"MC Kevin o Chris, Ferrugem",artist_not_found
"Ninho, Sofiane",artist_not_found
"Tyga, A Boogie Wit da Hoodie",artist_not_found
"Froukje, S10",artist_not_found
"MC Kevinho, Gusttavo Lima",artist_not_found
"Night Skinny, Rkomi, Luchè",artist_not_found
"Rim'K, Koba LaD, SCH",artist_not_found
"Elina Born, Jüri Pootsmann",artist_not_found
"Camila Cabello, Swae Lee",artist_not_found
"ATMO Music, Jakub Děkan",artist_not_found
"Trettmann, KitschKrieg, Alli Neumann, SFR",artist_not_found
"STUK, Wolter Kroes",artist_not_found
"Tussin, Napu",artist_not_found
"Kevin, Sevn Alias",artist_not_found
"Amr Diab, R3HAB",artist_not_found
"Jessie J, Big Sean, Dizzee Rascal",artist_not_found
"Lartiste, KAROL G",artist_not_found
"MERO, Murda",artist_not_found
"Gucci Mane, Chris Brown",artist_not_found
"Alok, Sevenn",artist_not_found
"David Guetta, RAYE",artist_not_found
"GMBeaTz, Lau Jr",artist_not_found
"Olamide, Bad Boy Timz",artist_not_found
"Mehdi Mouelhi, JenJoon",artist_not_found
"DJ Sumbody, Drip Gogo, The Lowkeys",artist_not_found
"Khalid, SAFE",artist_not_found
"El Zeta, Anyuri, At' Fat, Dubosky, wvltz",artist_not_found
"Karetta el Gucci, Omar Montes, Rvfv, Chimbala",artist_not_found
"Cheek, Sami Saari",artist_not_found
"Hamo Bika, Abo Lila, Shabah El Koun",artist_not_found
"Guilherme & Benuto, Xand Avião",artist_not_found
"Esko, Snelle",artist_not_found
"Young Stoner Life, Young Thug, Gunna, Drake",artist_not_found
"Kontra K, Bonez MC, RAF Camora",artist_not_found
"Xriz, Dynell",artist_not_found
"P!nk, Cash Cash",artist_not_found
"Eli Türkoğlu, Tuğçe Kandemir",artist_not_found
"DJ Tao, La Joaqui",artist_not_found
"Wilkinson, Issey Cross",artist_not_found
"Dof Twogee, HGEMONA$",artist_not_found
"Natanael Cano, Steve Aoki",artist_not_found
"Zinoleesky, Omah Lay",artist_not_found
"Lazza, Low Kidd, Fabri Fibra",artist_not_found
"Bugzy Malone, Aitch",artist_not_found
"Natti Natasha, Daddy Yankee, Wisin & Yandel",artist_not_found
"Bogdan DLP, YNY Sebi",artist_not_found
"MC WM, MC's Jhowzinho & Kadinho",artist_not_found
"YL, Ninho",artist_not_found
Nilüfer,artist_not_found
"Akram Hosny, Ayten Amer, Hanady Mehanna",artist_not_found
"Tinze, Teflon Brothers, F",artist_not_found
"Lumevärv, INGA",artist_not_found
"Cali Y El Dandee, Reik",artist_not_found
"GREY D, Orange",artist_not_found
"Sondre Justad, Musti",artist_not_found
"Ego, Laris Diam",artist_not_found
"Arif Murakami, Unge Ferrari",artist_not_found
"Muslim, Abdelbaset Hamouda",artist_not_found
"Wiz Khalifa, Ty Dolla $ign",artist_not_found
"Leon Machère, Kay One, Tilly",artist_not_found
"Alok, Luan Santana",artist_not_found
"Ingi Bauer, Séra Bjössi",artist_not_found
"Hayden James, Running Touch",artist_not_found
"Jovanotti, Sixpm",artist_not_found
"Valeria Gau, Marcos da costa",artist_not_found
"Luan Santana, Anitta",artist_not_found
"Da Beatfreakz, Deno, Cadet, AJ, Swarmz",artist_not_found
"Takagi & Ketra, thasup, Salmo",artist_not_found
"Grand Corps Malade, Louane",artist_not_found
"Central Cee, Rondodasosa, Freeze corleone, Baby Gang, A2 Anti, Morad, Beny Jr, ASHE 22",artist_not_found
"Jordan Sandhu, Mehar Vaani, Desi Crew",artist_not_found
"Shirin David, Xavier Naidoo",artist_not_found
"Shablo, Marracash, Carl Brave",artist_not_found
"Oliver Heldens, Nile Rodgers, House Gospel Choir",artist_not_found
"AJR, Rivers Cuomo",artist_not_found
"Justin Bieber, Nas",artist_not_found
"will.i.am, Miley Cyrus",artist_not_found
"Lidia, SIMONA",artist_not_found
"Raynor Bruges, Murda, SBMG, Jonna Fraser, Hans Grants, Dabutes",artist_not_found
"Citybois, ICEKIID",artist_not_found
"Luccas Carlos, IssoQueÉSomDeRap, Matuê",artist_not_found
"戴祖儀, 謝東閔",artist_not_found
"Anuel AA, Jowell & Randy, De La Ghetto, Yailin la Mas Viral",artist_not_found
"Trannos, Billy Sio, Skam, Skliros",artist_not_found
"Jul, Benjamin Mendy, Mehdi",artist_not_found
"Ozuna, Anitta",artist_not_found
"Susanu, Babi Minune",artist_not_found
"Ji Yeon, Soobin Ho&#224;ng S&#417;n",artist_not_found
"Fy, Lil Barty",artist_not_found
"Mau y Ricky, Carin Leon",artist_not_found
"Eladio Carrion, Bizarrap, Duki",artist_not_found
"Diplo, Niska",artist_not_found
"Karyendasoul, Zakes Bantwini, Nana Atta",artist_not_found
"Felix Jaehn, Hearts & Colors, Adam Trigger",artist_not_found
"Lily James, Jessica Keenan Wynn, Alexa Davies, Celia Imrie",artist_not_found
"Joey Christ, Sturla Atlas",artist_not_found
"cakal, Mavi",artist_not_found
"Vitaa, Jul",artist_not_found
"MC JottaPê, Lexa",artist_not_found
"Oat Pramote, URBOYTJ",artist_not_found
"OG Buda, Платина",artist_not_found
"Tomoya Nakamura, Haruka Kinoshita",artist_not_found
"Rochy RD, Jonatan Burlon",artist_not_found
"marp$, Clicherik",artist_not_found
"Reik, Wisin & Yandel",artist_not_found
"NOTD, Astrid S",artist_not_found
"Veigh, Toledo, Supernova Ent, Bvga Beatz",artist_not_found
"Nacho, Nicky Jam",artist_not_found
"Elastinen, Uniikki, Timo Pieni Huijaus, Tasis, Spekti",artist_not_found
"Nimo, Rina",artist_not_found
"Filius Dei, Ak26",artist_not_found
"Deeperise, Nilipek.",artist_not_found
"Madd, Lacrim",artist_not_found
"Justin Jesso, Seeb",artist_not_found
"Maroon 5, Gwen Stefani",artist_not_found
"Lupe Fiasco, Guy Sebastian",artist_not_found
"Steel Banglez, Yungen, MoStack, Mr Eazi, Not3s",artist_not_found
Declan McKenna,artist_not_found
"Benjamin, Vesta",artist_not_found
"Luis Jara, Maria Jose Quintanilla, Franco ""El Gorilla""",artist_not_found
"Mc Gw, MC Theuzyn, DJ Piu",artist_not_found
"İlyas Yalçıntaş, Aytac Kart",artist_not_found
"Nilo, Nuricko",artist_not_found
"LOVV66, OG Buda",artist_not_found
"Dane Amar, MEYOU",artist_not_found
"Kanye West, XXXTENTACION",artist_not_found
"Kris Kross Amsterdam, Kraantje Pappie, Pommelien Thijs",artist_not_found
"Yailin la Mas Viral, Haraca Kiko",artist_not_found
"Jaz, Kaka Azraff",artist_not_found
"Ude Af Kontrol, HEDEGAARD",artist_not_found
"Wiley, Kranium, Dappy, Tory Lanez",artist_not_found
"Bader AlShuaibi, Hadi Khamis",artist_not_found
"tinn, Earth Patravee",artist_not_found
"Mamun Alnattah, Aseel Hameem",artist_not_found
"V:RGO, Rizziatta",artist_not_found
"Gaullin, Julian Perretta",artist_not_found
"Amaal Mallik, Arijit Singh, Shreya Ghoshal",artist_not_found
"Lazyloxy, Maiyarap",artist_not_found
"Lil Baby, Lil Durk, Travis Scott",artist_not_found
"Duki, Obie Wanshot",artist_not_found
"Cash Cash, Busta Rhymes, B.o.B, Neon Hitch",artist_not_found
"Radikal Chef, Dokkeytino, Separ",artist_not_found
"Calum Scott, Lyodra",artist_not_found
"Sayian Jimmy, Standly, Yishark, Nysix Music, Tobal Mj, Benji La Maldita Escritura De Oro",artist_not_found
"Yura Yunita, SIVIA, Agatha Pricilla, Nadin Amizah",artist_not_found
"Fedez, Elio",artist_not_found
"257ers, Alligatoah",artist_not_found
"Kali, Major SPZ, Sir Mich",artist_not_found
"Sel, NEO",artist_not_found
"Sexmane, Fabe, YB026",artist_not_found
"ERNEST, Morgan Wallen",artist_not_found
"Yuval Dayan, Bar Tzabary",artist_not_found
"Guru Randhawa, Benny Dayal, Sachin-Jigar",artist_not_found
"OG-ANIC, Mona V",artist_not_found
"Dhurata Dora, Luciano",artist_not_found
"DJ Big Sky, LuuDeDeejay, Sbhanga",artist_not_found
"Ozuna, Akon",artist_not_found
"Smolasty, francis, Pedro, Tribbs",artist_not_found
"Milano, Eddin",artist_not_found
"OG Version, Mad Money, 7th Block",artist_not_found
"Rochy RD, Imperio Record",artist_not_found
CANN,artist_not_found
"Martine Lunde, Norges Nye Megahit",artist_not_found
"DG IMMORTALS, Raga, Harjas Harjaayi, VIRTUAL_AF, DARK HORSE",artist_not_found
"Bozza, Sido",artist_not_found
"Agsunta, Moira Dela Torre",artist_not_found
"Architrackz, Chivv",artist_not_found
"Musketeers, AzMo",artist_not_found
Saint clara,artist_not_found
"Tiwa Savage, Asake",artist_not_found
"Felo Le Tee, Madumane, Mpura, Kabza De Small, Visca",artist_not_found
"Diplo, Thomas Rhett, Young Thug",artist_not_found
"ANNA, Lazza",artist_not_found
"Cosculluela, Ñejo, Dalmata, Farruko, J Balvin",artist_not_found
"VARINZ, Z TRIP, KANOM",artist_not_found
"Fabri Fibra, Franco126",artist_not_found
"Liro Shaq, Crazy Design",artist_not_found
"MC Du Black, Jully",artist_not_found
"Joey Montana, Akon, Mohombi",artist_not_found
"P.A.T., Vladoboys",artist_not_found
"Dinos, Nekfeu",artist_not_found
"Immune, Raw",artist_not_found
"Moha K, DJ Mike One",artist_not_found
"GARD WUZGUT, Wuzgut, Gard",artist_not_found
"Mäkki, Kube",artist_not_found
"Dollypran, Smallx",artist_not_found
"FLY LO, Mad Clip",artist_not_found
"Bizarrap, Frijo, Hot Plug Beats",artist_not_found
"Omega, Ozuna",artist_not_found
"Charli XCX, Tove Lo, ALMA",artist_not_found
"Marso, Trap19 Connection",artist_not_found
"Normani, Cardi B",artist_not_found
"Kobik, Joda, Szpaku, Paluch",artist_not_found
"AMANDA, Sido",artist_not_found
"队长, 黃禮格",artist_not_found
"Diplo, Lil Xan",artist_not_found
"Hommie Dilliwala, Yo Yo Honey Singh",artist_not_found
"D-Block Europe, Lil Baby",artist_not_found
"Wellhello, VALMAR",artist_not_found
"2115, Blacha 2115, White 2115, flexxy2115, Kuqe 2115",artist_not_found
"Jorja Smith, Stormzy",artist_not_found
"Alvaro Diaz, Feid, Tainy",artist_not_found
"MC Kevin o Chris, Drake",artist_not_found
Justus Bennetts,artist_not_found
"Alexis y Fido, Nacho",artist_not_found
"Sexmane, Ege Zulu, Pessa",artist_not_found
"Z9, GLAR, 2T FLOW",artist_not_found
Loi,artist_not_found
"Joey Christ, Fevor, Aron Can, 1985!, Vala Crunk, Völli, Sturla Atlas, Alvia, Birnir, Logi Pedro",artist_not_found
"Dame 5, Agustín Casanova",artist_not_found
"MHD, Tiakola",artist_not_found
"Dessita, Lidia",artist_not_found
"DENNIS, Marília Mendonça, Maiara & Maraisa",artist_not_found
"Broiler, ODZ",artist_not_found
"Yo Yo Honey Singh, Simar Kaur, Ishers",artist_not_found
"MOGUAI, Cheat Codes",artist_not_found
"Maestro, Stormy",artist_not_found
"AVA, Capo Plaza, Shiva",artist_not_found
"FL EX, Wingii",artist_not_found
"Minz, BNXN fka Buju, Blaqbonez",artist_not_found
"21 Tach, Aiman JR",artist_not_found
"Alexio, Farruko, Ozuna, Cosculluela, Arcangel, Zion",artist_not_found
"Nicki Minaj, Lil Baby",artist_not_found
"Koba LaD, OBOY",artist_not_found
"Emms, Bokoesam",artist_not_found
"Brytiago, Jon Z",artist_not_found
"Micro TDH, Mau y Ricky",artist_not_found
"Misha, Tepki, RUBY, Aksan, GNG, Motive, Burry Soprano",artist_not_found
"HILLS 97, Ben Cristovao",artist_not_found
"DJ Nelson, De La Ghetto, Brytiago, Darell",artist_not_found
"Olvidate!, Marcos da costa",artist_not_found
"Jón Jónsson, GDRN",artist_not_found
"S1mba, KSI",artist_not_found
"INNA, Erik",artist_not_found
"Luchè, Marracash",artist_not_found
"Luan Santana, Marília Mendonça",artist_not_found
"Prince Royce, Maria Becerra",artist_not_found
"Internet Money, Lil Tecca, A Boogie Wit da Hoodie",artist_not_found
"Blaya, Carlão",artist_not_found
"Bedoes 2115, Lanek, Pressa",artist_not_found
"Big Zulu, Xowla",artist_not_found
"Mc Brunyn, Mc Moana",artist_not_found
"Baby Gang, Sacky",artist_not_found
"Elov & Beny, Sofie Svensson & Dom Där",artist_not_found
"Arthur Miguel, Trisha Macapagal",artist_not_found
"Pop Smoke, KAROL G",artist_not_found
"Mzux Maen, Yasmin Levy",artist_not_found
"Broiler, Sofiloud",artist_not_found
"Dj Henrique de Ferraz, Nando, Luanzinho",artist_not_found
"Aga B, Ezhel",artist_not_found
"NAVID, HEDEGAARD",artist_not_found
"Spekti, Setä Tamu",artist_not_found
"Thiaguinho, LUDMILLA",artist_not_found
"PAY, Xabski",artist_not_found
"Luis Alfonso Partida El Yaki, Grupo Firme",artist_not_found
"Mizzy Miles, Deejay Telio, Teto, Gson",artist_not_found
"Andy Rivera, Ñejo, Ryan Castro",artist_not_found
"Shevchenko e Elloco, MC Mari, MC 10G",artist_not_found
"Solar, Quebonafide",artist_not_found
"Dadju, Koba LaD",artist_not_found
"Omar, Jimilian",artist_not_found
"Malik Montana, Olek",artist_not_found
"Tony Effe, Lazza, Gazo",artist_not_found
"Pailita, Marcianeke, Tunechikidd",artist_not_found
"Kizo, Pusher",artist_not_found
"C2C, Derek Martin",artist_not_found
"Benjamin Ingrosso, Julie Bergan",artist_not_found
"Leo Ku, Edan 呂爵安",artist_not_found
"Ronald El Killa, Alex Rose, Lenny Tavárez",artist_not_found
"Kelmitt, Lary Over, Farruko",artist_not_found
"Young Thug, Young Stoner Life, Gunna, Lil Baby",artist_not_found
"Pablito Pesadilla, Harry Nach, Marcianeke, Pablo Chill-E",artist_not_found
"Lil Yachty, Migos",artist_not_found
"FTampa, Kamatos",artist_not_found
"T.I., Iggy Azalea",artist_not_found
"FMK, Maria Becerra, Beret",artist_not_found
"Josylvio, Antoon",artist_not_found
"Lil Silvio, El Vega",artist_not_found
"Joel Corry, Becky Hill",artist_not_found
"Il Pagante, The Kolors",artist_not_found
"Architrackz, Bryan Mg",artist_not_found
"Faustix, Cathrine Lassen",artist_not_found
"Butrint Imeri, Kida, Ledri Vula",artist_not_found
"DJ Lucas Beat, Paula Guilherme",artist_not_found
"Malik Montana, Kazior, SRNO",artist_not_found
"Cem Belevi, Derya Uluğ",artist_not_found
"Eddy Lover, Kemzo",artist_not_found
"KESI, Lord Siva",artist_not_found
"Josylvio, Hef",artist_not_found
"MC 2jhow, MC Fahah, Mc Rennan, Dj Nbeat",artist_not_found
"KG970, Elpatron970",artist_not_found
"DBN Gogo, TNK MusiQ, DJ Stopper, Eltonk SA",artist_not_found
MC Menor Mr,artist_not_found
"Lee Mujin, HEIZE",artist_not_found
"KSI, Craig David, Digital Farm Animals",artist_not_found
"Bryce Vine, YG",artist_not_found
"Killa Hakan, Ceza, Ezhel, Ben Fero",artist_not_found
"Sunidhi Chauhan, Devi Sri Prasad",artist_not_found
"Josylvio, Moeman",artist_not_found
"Aitch, Ed Sheeran",artist_not_found
"Wes Walker, Dyl",artist_not_found
"Linkin Park, Pusha T, Stormzy",artist_not_found
"Kizo, Wac Toja, BeMelo",artist_not_found
"Pritam, Arijit Singh, Tulsi Kumar",artist_not_found
"V:RGO, TRF, Krisko",artist_not_found
"DaniLeigh, Chris Brown",artist_not_found
"Chance the Rapper, TisaKorean, Murda Beatz",artist_not_found
"Tóc Tiên, Touliver",artist_not_found
"WIU, Matuê",artist_not_found
"Zefanio, F1rstman",artist_not_found
"Nicole Cherry, Carla's Dreams",artist_not_found
"Branco, Lukas Graham",artist_not_found
"Bizzey, Ronnie Flex, $hirak",artist_not_found
"Tiago PZK, NEUEN",artist_not_found
"Mom4eto, Gyoky",artist_not_found
"Karan Aujla, YG",artist_not_found
"pluuto, Heleza",artist_not_found
"Emma Muscat, Astol, Álvaro De Luna",artist_not_found
"Dj Guuga, Mc Pierre",artist_not_found
"Dopebwoy, Bryan Mg, SRNO",artist_not_found
"DENNIS, Luíza & Maurílio",artist_not_found
"Mila, MC JottaPê",artist_not_found
"El Villano, Kenny Dih",artist_not_found
"Ty Dolla $ign, Gucci Mane, Quavo",artist_not_found
"Rkomi, Sfera Ebbasta",artist_not_found
"Jayh, Pyramids",artist_not_found
"Gentle Bones, JJ Lin",artist_not_found
"NMW Yanni, NMW Umberto",artist_not_found
"Rosa Chemical, Thelonious B.",artist_not_found
"Lukas Leon, Nelli Matula",artist_not_found
"Haze, Jhayco, Lunay",artist_not_found
"jambo, VilleGalle",artist_not_found
"MiyaGi & Endspiel, KADI",artist_not_found
"James Bay, Julia Michaels",artist_not_found
"Mr Eazi, Joey B, DJ Tarico",artist_not_found
"Boulevard des Airs, Vianney",artist_not_found
"Carl Brave, Elodie",artist_not_found
"Eiby, Yemil, wvltz",artist_not_found
"Kizz Daniel, Philkeyz",artist_not_found
"lIlBOI, YUMDDA, GIRIBOY, Zion.T",artist_not_found
"Guzior, Vito Bambino, Favst",artist_not_found
"Noriel, Shelow Shaq, La Manta",artist_not_found
"Mc Livinho, Mc Pedrinho, Dj Lk",artist_not_found
"Tachi, Mariianna, Lanalizer",artist_not_found
"Topic, Bebe Rexha",artist_not_found
"3LOGY, Susanne Louise",artist_not_found
"Yohancito, Carlitos Junior, Forest, BlackRoy, Yordano, adan la Amenazza, Anonimus",artist_not_found
"Avi Aburomi, Mor",artist_not_found
"JENCARLOS, Ky-Mani Marley, Tito ""El Bambino""",artist_not_found
"De Fam, Brandon Beal",artist_not_found
"Drake, Kanye West, Lil Wayne, Eminem",artist_not_found
"dj nevykele, mdnght7",artist_not_found
You+Me,artist_not_found
"Internet Money, Trippie Redd, Diplo, Juice WRLD",artist_not_found
"Young Multi, Bedoes 2115",artist_not_found
"Anirudh Ravichander, Ramya Behra, Sahithi Chaganti",artist_not_found
"KIDD, Don Stefano",artist_not_found
"Naps, Heuss L'enfoiré",artist_not_found
"Tsvetelina Yaneva, DENIS TEOFIKOV",artist_not_found
"Yabel, Jere Klein, Marcianeke, Los Bandidos, Basty Corvalan",artist_not_found
"El Alfa, Kiko el Crazy, Bethoven Villaman, El Fother",artist_not_found
"Jokeren, Pauline",artist_not_found
"Valentino, SEAN PAGES",artist_not_found
"Marco Wagner, Die Obersteirer",artist_not_found
"Oğuzhan Koç, Arem Ozguc, Arman Aydin",artist_not_found
"JUDE, MC 張天賦",artist_not_found
"Takagi & Ketra, Giusy Ferreri",artist_not_found
"Naiara Azevedo, Marília Mendonça",artist_not_found
"MC Meno K, MC Cria, Dj Matheus Silva",artist_not_found
"YENTED, ARARYOZI, Chocolate - t",artist_not_found
"RASA, kavabanga Depo kolibri",artist_not_found
"Ego, Monika Bagarova",artist_not_found
"Genka, kohver, Taukar",artist_not_found
"Malik Montana, Trobi",artist_not_found
"#TocoParaVos, Lionel Ferro",artist_not_found
"Big Baby Tape, Aarne",artist_not_found
"MYA, Leslie Grace",artist_not_found
"Cris Cab, Tefa & Moox, Willy William",artist_not_found
"Guilherme & Benuto, Os Barões Da Pisadinha",artist_not_found
"Faizal Tahir, Elly Mazlein, Zizi Kirana",artist_not_found
"Bizarrap, Cazzu",artist_not_found
"Wang, Mateos Nps",artist_not_found
"SBMG, NAVI",artist_not_found
"Macklemore, Lil Yachty",artist_not_found
"Wegz, ElGrandeToto",artist_not_found
"Sean Paul, Major Lazer",artist_not_found
"M Zhayt, Jr Crown, Thome, Hans",artist_not_found
"BE'O, Coogie, Loco",artist_not_found
"Fredo, Dave",artist_not_found
"SICKOTOY, Minelli",artist_not_found
"Cleber & Cauan, Os Barões Da Pisadinha",artist_not_found
"Chico Rose, Afrojack",artist_not_found
"Hardwell, Jay Sean",artist_not_found
"Ben Cristovao, Mária Čírová",artist_not_found
"Badshah, Aastha Gill, Sahdev Dirdo, Rico",artist_not_found
"Capo, Bausa, YONII",artist_not_found
"David Puentez, Albert Neve",artist_not_found
"Seeb, Highasakite",artist_not_found
"Dosseh, Landy",artist_not_found
"Pritam, Arijit Singh, Antara Mitra, Nikhil D'Souza",artist_not_found
"Lil Uzi Vert, Nicki Minaj, Oh Wonder",artist_not_found
"Landy, Niska",artist_not_found
"TIA, fueled by boba",artist_not_found
"Abo El Anwar, Mousv, Arsenik, DizzyTooSkinny, Batistuta, Lil Baba",artist_not_found
"V:RGO, Mom4eto, Boro Purvi, FYRE, Dim4ou, EMIL TRF, Tr1ckmusic",artist_not_found
Sara James,artist_not_found
"Romeo Santos, Usher",artist_not_found
"Matoma, Sean Paul, KStewart",artist_not_found
"phonk.me, KIIXSHI",artist_not_found
"Sara Gold, SOFIA",artist_not_found
"Bedo, Sıla Şahin",artist_not_found
"Helena Paparizou, Anastasios Rammos",artist_not_found
"JóiPé, Króli, Sdóri",artist_not_found
"DJ Antoine, Mad Mark",artist_not_found
"Neima Ezza, 2nd Roof, Vale pain",artist_not_found
"Shakira, Wyclef Jean",artist_not_found
"Nathan Dawe, Anne-Marie, MoStack",artist_not_found
"Clicherik & Mäx, Karl Killing",artist_not_found
"Robin Packalen, Alex Mattson",artist_not_found
"Baby Gang, Bené",artist_not_found
Ezad Lazim,artist_not_found
"King Khalil, Lil Lano",artist_not_found
"Juno, Rosi",artist_not_found
"Bader AlShuaibi, Abdulaziz Louis",artist_not_found
"Furytto, Sftp, OG Version",artist_not_found
"Sean Paul, Sia",artist_not_found
"Anitta, Vitin",artist_not_found
"Jay Wheeler, Mora",artist_not_found
"Side Baby, Shiva",artist_not_found
"Maná, Pablo Alborán",artist_not_found
"Ed Sheeran, Ultimo",artist_not_found
"Jacky Cheung, Anita Mui",artist_not_found
"Dj Tk, Mc Denny",artist_not_found
"ซันนี่ สุวรรณเมธานนท์, สกาย วงศ์รวี",artist_not_found
"Tony Effe, Sfera Ebbasta",artist_not_found
"Jotape, Pekeño 77, The La Planta, CG, Franux BB, Gian, Yannick, Ronel Beats",artist_not_found
"Club16, Kris Floyd, Feid, Jota Rosa",artist_not_found
"Sam Feldt, Deepend, Teemu",artist_not_found
"Zkr, PLK",artist_not_found
"Gülben Ergen, Bora Duran",artist_not_found
"Pitbull, Shaggy, Gente De Zona",artist_not_found
"Eladio Carrion, Amenazzy",artist_not_found
"Anurag Kulkarni, Mickey J. Meyer",artist_not_found
"Hi_Tack, Steff da Campo, 71 Digits",artist_not_found
"Larry, NODE",artist_not_found
"Chris Brown, Kendrick Lamar",artist_not_found
"ILIRA, VIZE",artist_not_found
"Sin Boy, Rina",artist_not_found
"Khanyisa, Marcus MC, Lady Du, Tsiki XII",artist_not_found
"Kendrick Lamar, Travis Scott",artist_not_found
"Light, Finem",artist_not_found
"LOUTA, WOS",artist_not_found
"SACHI, NÏKA",artist_not_found
"Marcianeke, Jairo Vera",artist_not_found
"X-Tense, DJ HYPE MYKE",artist_not_found
Pony Pony Run Run,artist_not_found
"Yssi SB, D-Double, Henkie T, Jack, Sevn Alias, Josylvio",artist_not_found
"Light, Fy, Trannos",artist_not_found
"2115, Bedoes 2115, White 2115, Kuqe 2115, @atutowy",artist_not_found
"Demet Akalın, Haktan",artist_not_found
"Ameen Khattab, Za3balawy",artist_not_found
"Abo El Anwar, ARSENIK",artist_not_found
"Synapson, Victor Démé",artist_not_found
"Mäkki, Arttu Wiskari",artist_not_found
"KESI, ICEKIID",artist_not_found
Hideaki Tokunaga,artist_not_found
"Sadek, Gradur",artist_not_found
"Dj Chris No Beat, Luan Pereira",artist_not_found
"Miss Pru DJ, Blaq Diamond, Malome Vector",artist_not_found
"Maite Perroni, Alexis y Fido",artist_not_found
"Martin Garrix, John Martin",artist_not_found
"Felipe Amorim, Teto",artist_not_found
"Jayh, Zefanio, Jandro",artist_not_found
"Naira Marley, Zinoleesky",artist_not_found
RØNIN,artist_not_found
"Dillaz, VEECIOUS V",artist_not_found
"Don Joe, Emis Killa, Paky",artist_not_found
"Miriam Bryant, Thomas Stenström",artist_not_found
"Jeffrey Heesen, Brace",artist_not_found
"TAY, João Sousa",artist_not_found
"Anne-Marie, Little Mix",artist_not_found
"Ati242, Şehinşah",artist_not_found
"HAYES, Nico & Vinz",artist_not_found
"4Keus, Siboy",artist_not_found
"Gazzelle, Mara Sattei",artist_not_found
"LIT killah, De La Ghetto, L-Gante",artist_not_found
"B Praak, Sachet-Parampara",artist_not_found
"Beret, Omar Montes",artist_not_found
"Ryan Hurd, Maren Morris",artist_not_found
"H16, Majk Spirit, Gleb",artist_not_found
"Veigh, Nick Nash, Wylo, Nagalli, Supernova Ent, Kaash Paige",artist_not_found
"Ung Cezar, Jamaika",artist_not_found
"Gian Varela, Sech, Dalex",artist_not_found
"Fmg, LouiVos",artist_not_found
"Tymek, Qry, FLEXLIKEKEV",artist_not_found
"ADAAM, Philippe, takenoelz",artist_not_found
"Vald, Sofiane",artist_not_found
"Kaleb Di Masi, Sfera Ebbasta, Rvfv, Omar Varela",artist_not_found
"GIMS, Dry",artist_not_found
"PEDRO SAMPAIO, Anitta, Dadju, Mc Pedrinho, Nicky Jam",artist_not_found
"Robinho, Mr. Saik",artist_not_found
"Intars Busulis, Abonementa Orķestris",artist_not_found
"Dabs, Aya Nakamura",artist_not_found
"Mike WiLL Made-It, Pharrell Williams, Station Wagon P",artist_not_found
"Trippie Redd, 6ix9ine",artist_not_found
"Tiakola, SDM",artist_not_found
"Lipo, Kryštof",artist_not_found
"Thomas Gold, Jillian Edwards",artist_not_found
"Demarco Flamenco, Juan Magán, Maki",artist_not_found
"Đen, Thành Đồng",artist_not_found
"DJ DN, MC Gui Andrade, MC Fahah",artist_not_found
"Leo Ku, 黃子華",artist_not_found
"Le classico organisé, Elams, Naza, Tayc, Jul, Vegedream, Naps, Lynda, SAF, THABITI",artist_not_found
"Bispo, D'ay",artist_not_found
"Leonel García, María José",artist_not_found
"Marca MP, Becky G",artist_not_found
BODIEV,artist_not_found
"Kojo Funds, RAYE",artist_not_found
"Sezer Sarıgöz, Tekir",artist_not_found
"DJ Zigão, Mc Rodrigo do CN, MC Roger",artist_not_found
"LUDMILLA, Felipe Araújo",artist_not_found
"Redimi2, Natan El Profeta, Rubinsky Rbk, Philipe",artist_not_found
"AM La Scampia, Lacrim",artist_not_found
"Mellow & Sleazy, DBN Gogo, Dinho",artist_not_found
"Messiah, Zion & Lennox, J Balvin, Nicky Jam",artist_not_found
"Annalisa, Mr.Rain",artist_not_found
"Coleman Hell, smle",artist_not_found
"Abraham Mateo, Ana Mena",artist_not_found
"Jory Boy, Maluma",artist_not_found
"MAX BARSKIH, Zivert",artist_not_found
"Rihanna, SZA",artist_not_found
"Whethan, Flux Pavilion, MAX",artist_not_found
"Djämes Braun, Barbara Moleko",artist_not_found
"Josh Dylan, Lily James, Hugh Skinner",artist_not_found
"Jassa Dhillon, thiarajxtt",artist_not_found
"Costa Gold, Haikaiss",artist_not_found
"DA Uzi, Ninho, SCH, Hornet La Frappe, Leto, Sadek, Soprano",artist_not_found
"Love Harder, Amber Van Day",artist_not_found
"Fababy, Aya Nakamura",artist_not_found
"Fireboy DML, Chris Brown, Shenseea",artist_not_found
"Jorkan, BARBEL, Tachi",artist_not_found
"Jonna Fraser, Sevn Alias, Frenna",artist_not_found
"Kraantje Pappie, Bizzey, Jonna Fraser",artist_not_found
"Mc Talibã, MC 3L",artist_not_found
"Nik & Jay, Søren Huss",artist_not_found
"Ektor, Sergei Barracuda",artist_not_found
"Oge, Apon, Rack",artist_not_found
"Alesso, Liam Payne",artist_not_found
"Christian Nodal, TINI",artist_not_found
"Calvin Harris, Big Sean",artist_not_found
"El Reja, Lira, Rombai, Hernan y La Champion's Liga",artist_not_found
"El Alfa, Tyga",artist_not_found
"Hös Copperfield, Ninho",artist_not_found
"Rashid, Luccas Carlos",artist_not_found
"Joan Sebastian, Calibre 50",artist_not_found
"Beachbraaten, Katastrofe",artist_not_found
"RedOne, Daddy Yankee, French Montana, Dinah Jane",artist_not_found
"Ivri Lider, תומר מייזנר",artist_not_found
"Emmsjé Gauti, Dóri DNA",artist_not_found
"JiMBo, Demy, Chris Karr",artist_not_found
"Llane, Manuel Turizo",artist_not_found
"BORCREW, Szpaku",artist_not_found
"Plan B, Natti Natasha, Daddy Yankee, R.K.M & Ken-Y, Arcangel",artist_not_found
"Zedd, Jasmine Thompson",artist_not_found
"Heja, Şam",artist_not_found
"DJ Erise, Aya Nakamura",artist_not_found
"Vitaa, GIMS",artist_not_found
"Thiago Brava, Os Barões Da Pisadinha",artist_not_found
"Janusz Walczuk, Lucassi",artist_not_found
"Eden Muñoz, Michelle Maciel",artist_not_found
Κako,artist_not_found
"Morad, Trobi",artist_not_found
"Frenna, Boef, DJ Madam Julie, Kaeh",artist_not_found
"Phoenix Rdc, GSON",artist_not_found
"Jessica Shy, Radistai Dj's",artist_not_found
"Pablo Chill-E, Kevin Martes 13",artist_not_found
"Dipha Barus, Monica Karina",artist_not_found
"Naps, Rim'K",artist_not_found
"SDM, Booba",artist_not_found
"Chino & Nacho, Silvestre Dangond",artist_not_found
"Dayme y El High, Kevin Roldan, Ñengo Flow, Jory Boy",artist_not_found
"Johnny 500, Jhorrmountain",artist_not_found
"Lamix, Ant Wan",artist_not_found
"DNCE, Nicki Minaj",artist_not_found
"Jireel, Miriam Bryant",artist_not_found
"Timal, Maes",artist_not_found
"Ardian Bujupi, Xhensila, Master HP",artist_not_found
"Chivv, Sevn Alias, D-Double",artist_not_found
"Ivete Sangalo, Mc Livinho",artist_not_found
"FYRE, Milioni",artist_not_found
"Mark Les, Monique",artist_not_found
"Oathmademedoit, OCS",artist_not_found
"Sokół, Bob Air",artist_not_found
"Twista, Jeremih",artist_not_found
"Rak-Su, Wyclef Jean, Naughty Boy",artist_not_found
"Logic, Rag'n'Bone Man",artist_not_found
"Kotim, Love Funk, Mc Paiva ZS",artist_not_found
"Miksu / Macloud, Veysel, KC Rebell, Ramo",artist_not_found
"Dalyb, Saul",artist_not_found
"młody klakson, Maciej Maleńczuk, Sentino, Yugopolis",artist_not_found
"Fresh, Niska",artist_not_found
"Pablo Alborán, Ava Max",artist_not_found
"Marshmello, Wrabel",artist_not_found
"Xand Avião, Zé Vaqueiro",artist_not_found
"Regi, Milo Meskens",artist_not_found
"Armaan Malik, Neeti Mohan",artist_not_found
"Médine, Booba",artist_not_found
"Wise ""the Gold Pen"", DJ Luian, Cosculluela",artist_not_found
"Rochelle, Kalibwoy",artist_not_found
"CNCO, Meghan Trainor, Sean Paul",artist_not_found
"Majself, Grizzly, Ben Cristovao",artist_not_found
"Frenna, Young Ellens",artist_not_found
"Tymek, Holak, Favst",artist_not_found
"Studio Party, Quang Trung, Vũ Thảo My",artist_not_found
"Ghetto Kids, Mad Fuentes",artist_not_found
"Rocco Hunt, Elettra Lamborghini, Lola Indigo",artist_not_found
"Showtek, We Are Loud, Sonny Wilson",artist_not_found
"Filipe Ret, Caio Luccas, Dallass",artist_not_found
"Bryan Mg, Emms, Broederliefde",artist_not_found
"Takagi & Ketra, Marco Mengoni, Frah Quintale",artist_not_found
"Jota Quest, Anitta, Nile Rodgers",artist_not_found
"Cris Mj, El BAI",artist_not_found
"Lotfi Begi, Kollányi Zsuzsi, DR BRS",artist_not_found
"Manuel, Mxrci",artist_not_found
"Havana Brown, Hooligan Hefs, Teddy Cream",artist_not_found
"Marco Mengoni, Sondr",artist_not_found
"Faydee, Antonia",artist_not_found
"Guilherme & Benuto, Hugo & Guilherme",artist_not_found
"Little Mix, Ty Dolla $ign",artist_not_found
"HOSH, 1979, Jalja",artist_not_found
"Petre Stefan, KARLA",artist_not_found
"Dizzee Rascal, Calvin Harris, Chrom3",artist_not_found
"De Mthuda, Sino Msolo, Da Muziqal Chef",artist_not_found
"Vale pain, Rondodasosa, Nko",artist_not_found
"Gigolo, La Exce, Farruko, Messiah, Almighty",artist_not_found
"Karetus, Diogo Piçarra",artist_not_found
"Lukas Graham, My Little Pony",artist_not_found
DePol,artist_not_found
"Boohle, Busta 929, Reece Madlisa, Zuma",artist_not_found
Can Oflaz,artist_not_found
"La Insuperable, Cromo X",artist_not_found
"Alvaro Soler, Flo Rida, TINI",artist_not_found
"Ati242, Ceg",artist_not_found
"Dvicio, Lali",artist_not_found
"Kanye West, Syleena Johnson",artist_not_found
"Tayc, Tiakola",artist_not_found
"Hornet La Frappe, Lacrim",artist_not_found
"Trap19 Connection, FYRE",artist_not_found
"Benab, Timal, Kofs",artist_not_found
"Eason Chan, Faye Wong",artist_not_found
"Nessyou, Xcep",artist_not_found
"Gentleman, Sean Paul",artist_not_found
"Mari Fernandez, Zé Vaqueiro",artist_not_found
"DIVINE, Major C",artist_not_found
"Angela Hui, Phil Lam",artist_not_found
"Fuego, Arcangel",artist_not_found
"Jack Ü, Skrillex, Diplo, Aluna, AlunaGeorge",artist_not_found
"José de Rico, Adrian Rodriguez",artist_not_found
"Malik Montana, FRNKIE, Farid Bang",artist_not_found
"Djodje, Jimmy P",artist_not_found
"Vishal-Shekhar, Salim Merchant, Neeti Mohan, Shekhar Ravjiani",artist_not_found
"Maikel Delacalle, Justin Quiles",artist_not_found
"Kususa, Argento Dust, Zakes Bantwini",artist_not_found
"Lenin Ramírez, T3R Elemento",artist_not_found
"Rack, BretBeats, Beyond",artist_not_found
"Ed Sheeran, Nyla, Kranium, Major Lazer",artist_not_found
"Preston Pablo, Banx & Ranx",artist_not_found
"Oki, Taco Hemingway, PSR",artist_not_found
"villemdrillem, gameboy tetris",artist_not_found
"Antonio José, Juan Magán",artist_not_found
"Ayben, Ceza",artist_not_found
"Edicion Especial, Grupo Marca Registrada, La Ventaja, Código FN",artist_not_found
"Tourist LeMC, Raymond Van Het Groenewoud",artist_not_found
"Martin Jensen, RANI",artist_not_found
"BLANCO, Drast",artist_not_found
"Farhan Saeed, Aima Baig",artist_not_found
"MC Mari, MC WS",artist_not_found
"Flying Saucer Gang, Conkretus",artist_not_found
"Kafon, Didine Canon 16",artist_not_found
"Mr JazziQ, M.J, Mellow & Sleazy, Djy Ma'Ten",artist_not_found
"Trap19 Connection, Kotenceto",artist_not_found
"SPINALL, Fireboy DML",artist_not_found
"Pk, Belo",artist_not_found
"Eladio Carrion, Sech",artist_not_found
"Talitha., Darren Ashley",artist_not_found
"Paluch, Quebonafide",artist_not_found
"Dj Guuga, MC Luuh",artist_not_found
"Brytiago, Myke Towers",artist_not_found
"Idan Amedi, Malu",artist_not_found
"Tinashe, ScHoolboy Q",artist_not_found
"Aṣa, Wizkid",artist_not_found
"Dillom, Ill Quentin",artist_not_found
"GTK, KT Long Flowing",artist_not_found
"D-Block Europe, Ghost Killer Track",artist_not_found
"AG, Lauri Saatpalu",artist_not_found
"kouz1, Bachir Zairi",artist_not_found
"Thug Slime, Scar",artist_not_found
"Misshmusic, Burai",artist_not_found
"KOJO, STEIN27, Indigo",artist_not_found
"Sfera Ebbasta, 7ari, Steve Aoki",artist_not_found
"Tyson Yoshi, Gareth.T",artist_not_found
"Ghetto, Farruko, Nino Freestyle, El Alfa, Bryant Myers, Miky Woodz, Secreto ""El Famoso Biberon""",artist_not_found
"1.Cuz, Einár, Yei Gonzalez",artist_not_found
"SINI YASEMIN, Mouhous",artist_not_found
"El Royo RdK, Apache",artist_not_found
"Enzo Dong, Dark Polo Gang",artist_not_found
"Nusrat Fateh Ali Khan, Rahat Fateh Ali Khan",artist_not_found
"Crazy Design, Bulin 47, Ceky Viciny",artist_not_found
"Valsi, Matías Valdez",artist_not_found
"Camilo, Grupo Firme",artist_not_found
Egó,artist_not_found
"Ollie Flows, Asake",artist_not_found
"Brytiago, Revol, Lunay, Myke Towers, Rauw Alejandro",artist_not_found
"Gemitaiz, Priestess",artist_not_found
"Norlie & KKV, Junie",artist_not_found
"Isyana Sarasvati, Raisa",artist_not_found
"Myztro, Focalistic, Daliwonga, Shaunmusiq, Ftears",artist_not_found
"Letan, Mesita, Franux BB",artist_not_found
"Chris Holsten, Rat City",artist_not_found
"Smolasty, Białas",artist_not_found
"ADDA, Killa Fonic",artist_not_found
"Unlike Pluto, Mike Taylor",artist_not_found
"Kube, Mäkki",artist_not_found
"WATEVA, Alia",artist_not_found
"Broiler, Kamelen, Emma Steinbakken",artist_not_found
"El Alfa, Rauw Alejandro",artist_not_found
"Berk Coşkun, Kubilay Karça",artist_not_found
"Lyanno, Lary Over",artist_not_found
"Martin Garrix, Justin Mylo, Dewain Whitmore",artist_not_found
"YOASOBI, ミドリーズ",artist_not_found
"JUUN D, Rtee",artist_not_found
"Dollypran, ElGrandeToto",artist_not_found
"Emma, Alessandra Amoroso",artist_not_found
"Booba, Damso",artist_not_found
"Fonseca, Silvestre Dangond",artist_not_found
"2Point1, Ntate Stunna, Nthabi Sings",artist_not_found
"Jimilian, Gio",artist_not_found
"tlinh, RPT MCK",artist_not_found
"Yungen, Jess Glynne",artist_not_found
"JONY, Andro",artist_not_found
"Broederliefde, Royki",artist_not_found
"Rkomi, chiello",artist_not_found
"Mario Hart, Wolfine",artist_not_found
"MC Kevin o Chris, Dj Juninho 22",artist_not_found
"SpotemGottem, DaBaby",artist_not_found
"Gigis, Gilli",artist_not_found
"Białas, Kizo, SKUTE BOBO, White 2115",artist_not_found
"Toddla T, Andrea Martin",artist_not_found
"Мюслі UA, VASIA CHARISMA",artist_not_found
"Sam Feldt, LVNDSCAPE, Tessa Odden",artist_not_found
"Unga Scener, Aj B",artist_not_found
"Hogland, KIDDO",artist_not_found
"Chivas, White 2115, Szpaku",artist_not_found
"Officixl Rsa, Mid9t, Benzoo, De-papzo, Papiino SA",artist_not_found
"Yemil, VLA Music Entertainment",artist_not_found
"Smiley, Killa Fonic",artist_not_found
"Lucas & Steve, Deepend",artist_not_found
"Phuc Du, Hoàng Dũng",artist_not_found
"OneRepublic, Amir",artist_not_found
"Fuerza Regida, Alfredo Olivas",artist_not_found
"Rob Nunes, Jerry Smith",artist_not_found
"Mohelá, Den svenska björnstammen",artist_not_found
"Vegas Jones, MadMan, Gemitaiz",artist_not_found
"Sinds, Branco",artist_not_found
"שם טוב האבי, Tamir Bar",artist_not_found
"FIIXD, 1MILL, DIAMOND MQT, 19HUNNID, 1-Flow",artist_not_found
"Kreisais Krasts, Elfs, Misters Krūmiņš, RAYS, Pionieris, Deniss, Punkts Uz I",artist_not_found
"iLLEOo, Night Grind, Tase",artist_not_found
"Sigourney K, Ronnie Flex",artist_not_found
"Kali, Nerieš",artist_not_found
"Konke, Musa Keys, Nkulee501, Skroef28, Chley",artist_not_found
"Feid, Totoy El Frio",artist_not_found
"Tito ""El Bambino"", Pitbull, El Alfa",artist_not_found
"Deemz, ReTo, Żabson",artist_not_found
"Ayra Starr, Lojay",artist_not_found
"Thelonious B., THB Kirua, Beak On The Night",artist_not_found
"Tanishk Bagchi, Jubin Nautiyal, Hanita Bhambri",artist_not_found
Bad Geckos,artist_not_found
"Diogo Piçarra, Carolina Deslandes",artist_not_found
"Rasster, Erin Bloomer, Imanbek",artist_not_found
"Sivas, Stepz",artist_not_found
"Trouze, El Jova",artist_not_found
"Kabza De Small, Daliwonga",artist_not_found
"Tuna, Ravid Plotnik, Liron Amram",artist_not_found
"G.w.M., L.L. Junior",artist_not_found
"Da Beatfreakz, Deno, Swarmz, Dappy",artist_not_found
"CLMD, Broiler, Torine",artist_not_found
"Alekna, OTREYA",artist_not_found
"Cano, PMP",artist_not_found
"Kai Đinh, MIN, GREY D",artist_not_found
"william, Korelon",artist_not_found
"Adel, Aden",artist_not_found
"Xriz, Dasoul",artist_not_found
"Stromae, Lorde, Pusha T, Q-Tip, HAIM",artist_not_found
"Otsochodzi, Oskar83",artist_not_found
"Tuna, Margalit Tzan'ani",artist_not_found
"Burhan G, Tessa",artist_not_found
"J Balvin, G-Eazy, Sfera Ebbasta, Anitta, MC Fioti, Duki, Jeon",artist_not_found
"Cristi Mega, Marinica Namol",artist_not_found
"Bebe Rexha, Ty Dolla $ign",artist_not_found
"Mlodyskiny, schafter",artist_not_found
"ADAAM, GRIND GANG",artist_not_found
"Basketmouth, BNXN fka Buju",artist_not_found
"Ozan Doğulu, Ziynet Sali",artist_not_found
"El Alfa, Nicky Jam, Ozuna, Arcangel, Secreto ""El Famoso Biberon""",artist_not_found
"Rauw Alejandro, Nicky Jam, Brytiago, Myke Towers, Justin Quiles",artist_not_found
"MDBCrew, C.R.O",artist_not_found
"Pitbull, Akon, David Rush",artist_not_found
"Romeo Santos, Tomatito",artist_not_found
Orquesta Candela,artist_not_found
"Payy, Ardian Bujupi",artist_not_found
"Jovani, Youth Appeal",artist_not_found
"Janusz Walczuk, Pedro",artist_not_found
"Daria, Kush Kush",artist_not_found
"Jul, Julie Gonzalez",artist_not_found
"Rosa Chemical, MamboLosco, Radical",artist_not_found
"Maestro, kouz1",artist_not_found
"Lapiz Conciente, Shadow Blow",artist_not_found
"Čis T, Miso Biely, Kali",artist_not_found
"Frank Walker, Astrid S",artist_not_found
"Ice Beats Slide, Sbuda Maleather, 2woBunnies",artist_not_found
"Nathan Dawe, Little Mix",artist_not_found
"Steel Banglez, MØ, Yxng Bane",artist_not_found
"ECHO, Tomer Katz, D Fine Us",artist_not_found
"Guru Randhawa, Jay Sean",artist_not_found
"Faustix, Litening",artist_not_found
"Dinor rdt, Mister V",artist_not_found
"Koba LaD, SDM, Guy2bezbar",artist_not_found
Eternal Raijin,artist_not_found
"Danny Romero, Maluma, Madmusick",artist_not_found
"Matoma, Noah Cyrus",artist_not_found
"Dub Sharma, DIVINE",artist_not_found
"Abou Debeing, Dadju",artist_not_found
"Iacho, KHEA, Seven Kayne, Omar Varela",artist_not_found
"T-Rex, Slow J",artist_not_found
"Raggarligan, Bangården",artist_not_found
"Rvfv, Morad, Pablo Mas",artist_not_found
"Gill, tlinh, Kewtiie",artist_not_found
"Tăng Phúc, Truong Thao Nhi",artist_not_found
"Sidhu Moose Wala, Prem Dhillon, NseeB",artist_not_found
"Robin Thicke, Nicki Minaj",artist_not_found
"João Bosco & Vinicius, Matheus",artist_not_found
"24/7, Joey Christ, Birnir, Daniil",artist_not_found
"Turma do Pagode, Grupo Menos É Mais",artist_not_found
"Regard, Years & Years",artist_not_found
"DJ Kayz, Wassila, Scridge",artist_not_found
"Nik Makino, Flow G",artist_not_found
"Nicola Siciliano, Ketama126",artist_not_found
"Junior H, Gabito Ballesteros",artist_not_found
"Bolémvn, RK",artist_not_found
"Kukon, Julia Mikuła, Ka-Meal",artist_not_found
"Seeb, Greg Holden",artist_not_found
"Marso, Raus, Bobkata",artist_not_found
"Shakira Jasmine, Nuca",artist_not_found
"KAROL G, Camilo",artist_not_found
"2115, Bedoes 2115, Blacha 2115, White 2115, Kuqe 2115",artist_not_found
"Chucky73, Fetti031",artist_not_found
"Noga Erez, Reo Cragun, ROUSSO",artist_not_found
"ToTo H, Duli",artist_not_found
"Tiësto, Sevenn",artist_not_found
"Camilo & Grande, Klumben",artist_not_found
"Akhil Sachdeva, Antara Mitra, Arijit Singh, Benny Dayal, Dhvani Bhanushali, Karan Sehmbi, Nikhita Gandhi, Rahat Fateh Ali Khan, Sachet Tandon, Shreya Ghoshal, Tulsi Kumar, Rashmi Virag, DJ Yogii",artist_not_found
"BHZ, Ion Miles, Big Pat, Longus Mongus",artist_not_found
"Booba, Damso, Gato",artist_not_found
Roya,artist_not_found
"KESI, Gilli, Benny Jamz",artist_not_found
"Los Nota Lokos, Callejero Fino",artist_not_found
"Mole, BARBEL",artist_not_found
"Sido, Johannes Oerding",artist_not_found
"Madame, Rkomi, Carl Brave",artist_not_found
"Wellhello, LUCA",artist_not_found
"Meet Bros., Jonita Gandhi, Nakash Aziz",artist_not_found
"MC Hariel, DJ BOY",artist_not_found
"Danny Romero, Carlitos Rossy",artist_not_found
"Marcos & Belutti, Dilsinho",artist_not_found
"Wizkid, Damian Marley",artist_not_found
"Leslie Grace, Becky G, CNCO",artist_not_found
"Donkeyboy, Linnea Dale",artist_not_found
"Silvestre Dangond, Rolando Ochoa",artist_not_found
"Emanuela, Anelia",artist_not_found
"Dopebwoy, Bizzey",artist_not_found
"Naps, 13ème Art, Graya, Kalif, Raisse, YL",artist_not_found
"Chapo102, 102 Boyz",artist_not_found
"Super Sako, Mohamed Ramadan",artist_not_found
"Nestor En Bloque, L-Gante, John C, Perro Primo, Papichamp, El Pesa 9",artist_not_found
"Seif Magdy, Abdelsalam, Shalsha",artist_not_found
"Keizer, I am Aisha, Jonna Fraser, Kempi",artist_not_found
"Jay Park, Hoody, Loco",artist_not_found
"DJ Oku Luukkainen, Elli",artist_not_found
"Ekipa, Jacuś",artist_not_found
"Caza, Famke Louise",artist_not_found
"Khay Be, Light",artist_not_found
"Shooter Kahlon, Sidhu Moose Wala",artist_not_found
"ABREU, Cledos",artist_not_found
"Bilal Sonses, Reynmen",artist_not_found
"Tjuvjakt, Newkid",artist_not_found
"El Mayor Clasico, Messiah",artist_not_found
"TIA RAY, Xiao Yu",artist_not_found
"Kappa Jotta, MUN",artist_not_found
"Lorentz, Jaqe, Duvchi, JJ, JOY",artist_not_found
"Instinto 26, Trista, Yuran, Julinho Ksd, Kibow",artist_not_found
"Rytmus, James Cole, Separ",artist_not_found
"RAKEL, JóiPé, CeaseTone",artist_not_found
Ezra Vine,artist_not_found
"FL EX, Husayn",artist_not_found
"Devito, Relja",artist_not_found
"Eno, Luciano",artist_not_found
"villemdrillem, boipepperoni",artist_not_found
Ffion,artist_not_found
"Ryan Castro, COQE",artist_not_found
"THØR, Ingi Bauer",artist_not_found
"Josylvio, Lil Kleine",artist_not_found
"Konstantinos Argiros, George Theofanous",artist_not_found
"Veðurguðirnir, Ingó Veðurguð",artist_not_found
"Sech, Martin Machore",artist_not_found
"Jonas Blue, Moelogo",artist_not_found
"Alok, Jetlag Music, Cecilia Krull, HOT-Q, WADD",artist_not_found
"Alkilados, Mike Bahía",artist_not_found
"Ozuna, Pusho, Alexio, Juanka",artist_not_found
"Delivio Reavon, LA$$A, Mr.Ontspannen, Henkie T",artist_not_found
"Pavel Callta, Leos Mares",artist_not_found
"Eric Land, Wesley Safadão",artist_not_found
"Dosseh, Sadek",artist_not_found
"Sidhu Moose Wala, Bohemia",artist_not_found
"El Alfa, Chael Produciendo, Kiko el Crazy",artist_not_found
"Hugo & Guilherme, Henrique & Juliano",artist_not_found
"Bakermat, Alex Clare",artist_not_found
"Major Lazer, Amber Coffman",artist_not_found
"Damas Gratis, El Viejo Marquez",artist_not_found
"Thyro Alfaro, Yumi Lacsamana, Jeric Medina",artist_not_found
"DYSTINCT, kouz1",artist_not_found
"J Balvin, Feid",artist_not_found
"Fuego, Nicky Jam",artist_not_found
"Tribo da Periferia, Marília Mendonça",artist_not_found
"Benjamin Ingrosso, Cherrie",artist_not_found
"Omar Montes, Khaled, Kaydy Cain, Yung Beef",artist_not_found
"Feride Hilal Akın, Enbe Orkestrası",artist_not_found
"Romeo Santos, Chris Lebron",artist_not_found
"Hamo Bika, Ali Kadora, Nour el Tot",artist_not_found
"Senior Oat, Kemy Chienda",artist_not_found
"Mariah Angeliq, Arcangel, Darell",artist_not_found
"Always April, Bashaar Al Jawad",artist_not_found
"GAMMAL, Simon Ljungman",artist_not_found
"DJ Jeeh FDC, MC Meno Dani, DJ Cyclone",artist_not_found
"4Keus Gang, Ninho",artist_not_found
"Glades, Lijpe, 3robi",artist_not_found
"Big Zulu, Mduduzi Ncube, Siya Ntuli, Lwah Ndlunkulu, Xowla",artist_not_found
"Lee Walker, DJ Deeon, Katy B, MNEK",artist_not_found
"Aspa, Mad Clip",artist_not_found
"MC Paulin da Capital, Dj GM",artist_not_found
"Đen, Kimmese, Lynk Lee",artist_not_found
"Hayki, Eypio",artist_not_found
Benjamín Amadeo,artist_not_found
"SHADXWBXRN, ARCHEZ, KXNVRA",artist_not_found
"Anonimus, Marvel Boy, Pablo Chill-E, KEVVO, Juanka, Hits Master Music",artist_not_found
"220 KID, JC Stewart",artist_not_found
"Jhonny Rivera, Sebastián Ayala, Andy Rivera",artist_not_found
"E4an, 1.Cuz",artist_not_found
"MAGIC!, Sean Paul",artist_not_found
"Kali, Majk Spirit",artist_not_found
"DJ.Silence, Rack",artist_not_found
"ayokay, Quinn XCII",artist_not_found
"J Balvin, Jay Wheeler",artist_not_found
"MC Gontijo, Dj Sati Marconex",artist_not_found
"Toshi, Annural Khalid",artist_not_found
"Sunanda Sharma, Tanishk Bagchi",artist_not_found
"Liis Lemsalu, Ott Lepland",artist_not_found
"Margaret Island, JumoDaddy, Felcser Máté",artist_not_found
"Niska, GIMS",artist_not_found
"Sfera Ebbasta, Feid",artist_not_found
"Wani, W.A.R.I.S",artist_not_found
"KALEO, Vinyl on HBO",artist_not_found
"Lola Indigo, Luis Fonsi",artist_not_found
"Dai Verse, BNXN fka Buju",artist_not_found
"Landy, Hornet La Frappe",artist_not_found
"Juseph, Cruz Cafuné, Wiso Rivera",artist_not_found
"Púr Múdd, Grete Paia",artist_not_found
"Justin Quiles, Nicky Jam, Wisin",artist_not_found
"Dree Low, 1.Cuz, Aden x Asme",artist_not_found
"Machine Gun Kelly, Quavo, Ty Dolla $ign",artist_not_found
"Dawid, Artysta, Vłodarski",artist_not_found
"Kali, Tomáš Botló",artist_not_found
"Latto, Mariah Carey, DJ Khaled",artist_not_found
"Flo D, Giang Nguyễn",artist_not_found
"Future, Kendrick Lamar",artist_not_found
"Tiah, Giaj, T. Danny",artist_not_found
"BRÍET, Aron Can, Páll Óskar, Diddú",artist_not_found
"Maan, De Jeugd Van Tegenwoordig",artist_not_found
"Filipe Ret, Mc Poze do Rodo, Nagalli",artist_not_found
"Young Martino, Lunay, Myke Towers, Jhay Cortez, Arcangel, Darell, Ñengo Flow, Brray, Joyce Santana",artist_not_found
"El Alfa, Diplo",artist_not_found
"DJ JOAO DA INESTAN, Mc J Mito, Dj Tg Da Inestan, MC LORIN DA ZL",artist_not_found
"Anneth, MJN Squad",artist_not_found
"Abdullah Al Farwan, سلطان الفهادي",artist_not_found
"Dollypran, LFERDA",artist_not_found
"David Dallas, Ruby Frost",artist_not_found
"Flight Facilities, NÏKA",artist_not_found
"Sigala, Talia Mar",artist_not_found
"Maian, kohver",artist_not_found
"Kaleb Di Masi, Ecko, Cazzu, Brray, Alan Gomez, DJ Tao",artist_not_found
"BMYE, Naza, KeBlack, Youssoupha, Hiro, Jaymax, DJ Myst",artist_not_found
"Adi L Hasla, costee",artist_not_found
"OMI, AronChupa",artist_not_found
"O.S.T.R., Playground Zer0",artist_not_found
Terri,artist_not_found
"Diomedes Diaz, Juancho Rois",artist_not_found
"sanah, Kwiat Jabłoni",artist_not_found
"Jory Boy, Ozuna",artist_not_found
"Hook N Sling, Parson James, Betty Who",artist_not_found
"Zion & Lennox, Myke Towers",artist_not_found
"Ricardo Montaner, Mau y Ricky, Camilo, Evaluna Montaner",artist_not_found
"5MIINUST, Genka, Jalgpalluri Tütar, Kuera",artist_not_found
"Paulo Londra, A Boogie Wit da Hoodie",artist_not_found
"Bonez MC, Gzuz, Kontra K",artist_not_found
"Miranda!, Lali",artist_not_found
"A Boogie Wit da Hoodie, PnB Rock, YoungBoy Never Broke Again",artist_not_found
"Ati242, Zen-G",artist_not_found
"Eda Sakız, İrem Derici",artist_not_found
"Gery-Nikol, Бандата на ръба",artist_not_found
"Malik Montana, Dosseh",artist_not_found
"Mert Kıyak, Çağrı Kaymak",artist_not_found
"Ronnie Flex, Sarita Lorena",artist_not_found
"Jamaika, Branco, Dree Low",artist_not_found
"Prince Kaybee, Indlovukazi, Supta, Afro Brothers",artist_not_found
"KERZA, Cledos",artist_not_found
"Jami Faltin, Costi",artist_not_found
"Harry Nach, Cris Mj, Pablo Chill-E, Polimá Westcoast, Aqua VS, Tom fomt",artist_not_found
"Flight Facilities, Reggie Watts",artist_not_found
"GIMS, Dadju",artist_not_found
"Luu Nineleven, Daliwonga",artist_not_found
"Peppe Soks, Geolier, Janax",artist_not_found
"Kelvin Momo, Nanette, S.O.N, Jay Sax",artist_not_found
"MC WM, Jerry Smith",artist_not_found
"Hayley Kiyoko, Kehlani",artist_not_found
"PUN, DAVII",artist_not_found
"Marcos & Belutti, Israel & Rodolffo",artist_not_found
"Kizo, ReTo, BeMelo",artist_not_found
"Pailita, Big Cvyu",artist_not_found
"Nineb Youk, Ricky Rich, Tsino",artist_not_found
DiRTY RADiO,artist_not_found
"Yemil, El Skiz, Danny Yash, Kvn On The Beat, Three A",artist_not_found
"Maffio, Don Miguelo",artist_not_found
"Three Man Down, ออม Telex Telexs",artist_not_found
"Aitana, Natalia Lacunza",artist_not_found
"Diablo, Bossikan, Niku Bossi",artist_not_found
"Trippie Redd, Juice WRLD, YNW Melly",artist_not_found
"Ylona Garcia, Bailey May",artist_not_found
"Becky G, Daviles de Novelda",artist_not_found
"Kato, Specktors, Djämes Braun",artist_not_found
"Tumisho, DJ Manzo Sa",artist_not_found
"Light, Stan",artist_not_found
"Anys, 8ird",artist_not_found
"Fabio Rovazzi, Loredana Bertè, J-AX",artist_not_found
"BM, Phontana",artist_not_found
"Jamaika, Lamin, NODE",artist_not_found
"Stan Walker, Celina Sharma",artist_not_found
"Dayvi, Victor Cardenas, Rennan da Penha, Kelly Ruíz",artist_not_found
"F.HERO, P-Hot, YOUNGOHM & FYMME",artist_not_found
"Dj Abux, Soulking",artist_not_found
"Samey, Dalyb",artist_not_found
"Gente De Zona, Los Del Rio",artist_not_found
"Joe Flizzow, ALYPH",artist_not_found
"Neima Ezza, 2nd Roof, Baby Gang",artist_not_found
"Kay One, Mike Singer",artist_not_found
"Jorkan, Rike Music",artist_not_found
"Lil Zey, Khontkar",artist_not_found
"Wisin & Yandel, Bad Bunny",artist_not_found
"DJ Matt D, Leozinho ZS, MC Vinny, Menor MC, MC Julio D.E.R., MC Lemos, Drika, Mc Livinho, Mc Diouro",artist_not_found
"Gio, Boef, Bollebof, Justice Toch",artist_not_found
"Rémy, Leto",artist_not_found
"J Balvin, Anitta",artist_not_found
"Carlitos Junior, El Futuro Fuera De Orbita",artist_not_found
"2115, White 2115, Kuqe 2115, flexxy2115",artist_not_found
"RAVA, M.G.L.",artist_not_found
"Burak Bulut, Kurtuluş Kuş, Mustafa Ceceli, İrem Derici",artist_not_found
"Lucky Brown, Jairo Vera",artist_not_found
"Oskar Linnros, Jireel, Ana Diaz",artist_not_found
"Lynk Lee, Binz",artist_not_found
"Deejay Telio, Julinho Ksd",artist_not_found
"Dof Twogee, Bloody Hawk",artist_not_found
"Oki, Young Igi, Otsochodzi, OIO, @atutowy",artist_not_found
"MV Killa, Yung Snapp, Enzo Dong",artist_not_found
"Leellamarz, TOIL",artist_not_found
"Idan Raichel, Stav Beger",artist_not_found
"OG Version, Proflame, Furytto",artist_not_found
"JóiPé, Króli, Sdóri, Helgi A",artist_not_found
"Léo & Raphael, Jorge",artist_not_found
"Vitor Fernandes, Tarcísio do Acordeon",artist_not_found
"Alcemist, Coco",artist_not_found
"Amanda Seyfried, Dominic Cooper",artist_not_found
"ARIETE, Madame",artist_not_found
"Nek, J-AX",artist_not_found
"Wizkid, Justin Bieber, Tems",artist_not_found
"Adriel Favela, La Cotorrisa, Strecci",artist_not_found
"João Gustavo e Murilo, Atitude 67",artist_not_found
"Rusina, Young Igi",artist_not_found
"Byejack, Midnight",artist_not_found
"Alvaro Soler, Monika Lewczuk",artist_not_found
"Josylvio, Alrima",artist_not_found
"Gobs, NODE",artist_not_found
"Karim Medhat, Ärsenik",artist_not_found
"Pritt, dilushselva",artist_not_found
"Alessandra Amoroso, DB Boulevard",artist_not_found
"Shotas, Koba LaD",artist_not_found
"Emkal, Lynda",artist_not_found
"Alok, Liu, Stonefox",artist_not_found
"Hoda Bondok, بوده محمد",artist_not_found
"Hennedub, Gilli, Lukas Graham",artist_not_found
"PapiPike, Pete Parkkonen",artist_not_found
"Anitta, Justin Quiles",artist_not_found
"Kwan Gor, JW",artist_not_found
"Lo Blanquito, Soco Francis, Beto Pelaez, Sholivery, Lean, Miguel Duarte",artist_not_found
"Ozan Doğulu, Hera",artist_not_found
"Tawsen, Draganov",artist_not_found
"Jonna Fraser, Young Ellens, Sevn Alias, MocroManiac",artist_not_found
"Sky, Justin Quiles, Ñengo Flow, Farruko",artist_not_found
"Jerry Smith, MC Loma e As Gêmeas Lacração, Dj Kelvinho, DJ Cassula",artist_not_found
H8.HOOD,artist_not_found
"La Roux, GAMPER & DADONI",artist_not_found
"Anelia, Paloma",artist_not_found
"Martin Garrix, Firebeatz",artist_not_found
"Coldplay, Big Sean",artist_not_found
"Bengü, Hakan Altun",artist_not_found
"Kavita Seth, Kanishk Seth",artist_not_found
"Mark B., El Super Nuevo",artist_not_found
"Gleb, Natalia Hulejova",artist_not_found
"MACE, Geolier",artist_not_found
"Gobs, Branco",artist_not_found
"Daddy Yankee, Nicky Jam",artist_not_found
"Lewis Capaldi, Jessie Reyez",artist_not_found
"Piso 21, Nicky Jam, Sky ""Rompiendo El Bajo""",artist_not_found
"Octavian, Skepta, Michael Phantom",artist_not_found
"Sam Feldt, Kimberly Anne, EDX",artist_not_found
"88GLAM, NAV",artist_not_found
"Karo x Parana, Parana, Karo",artist_not_found
"GSPD, DEAD BLONDE",artist_not_found
"Rytmus, Laris Diam",artist_not_found
"L7NNON, DJ Biel do Furduncinho, Bianca",artist_not_found
"Delia, Grasu XXL",artist_not_found
"David Guetta, Showtek, MAGIC!, Sonny Wilson",artist_not_found
"YAKTAK, DOVI",artist_not_found
"Rvfv, Bandaga",artist_not_found
"MORTEN, Nik & Jay",artist_not_found
"Wesley Safadão, Alanzim Coreano",artist_not_found
"Francesca Michielin, Charlie Charles",artist_not_found
"Xcho, timmate, Пабло",artist_not_found
"MadeinTYO, A$AP Ferg",artist_not_found
"MD Chefe, L7NNON, Offlei Sounds, PL Quest",artist_not_found
"Juice, Einár",artist_not_found
"Julianno Sosa, Young Cister",artist_not_found
"iLLEOo, RealKofii, Night Grind",artist_not_found
"Alan Walker, ISÁK",artist_not_found
"Becky Hill, Galantis",artist_not_found
"Swarmz, Tion Wayne",artist_not_found
"Busta 929, Mgiftoz SA",artist_not_found
"Dani Martín, Carla Morrison",artist_not_found
Malu,artist_not_found
"Jimilian, HEDEGAARD",artist_not_found
"WILYWNKA, Brasstracks",artist_not_found
"Zuna, Miami Yacine",artist_not_found
"Alan Walker, Georgia Ku",artist_not_found
"Na, Rin Music",artist_not_found
"BCA, Boza",artist_not_found
"Roc Boyz, Ballinciaga",artist_not_found
"Şehinşah, Hidra",artist_not_found
"cakal, Reckol, Furkan Karakılıç, Yung Ouzo, TEMPZ72, J2LASTEU",artist_not_found
"Marcos & Belutti, Gaab",artist_not_found
"Alina Eremia, Mario Fresh",artist_not_found
"KKevin, G.w.M.",artist_not_found
"PARTYNEXTDOOR, Drake, Bad Bunny",artist_not_found
"Ahmed Abdo, Houda Bondok",artist_not_found
"Yssi SB, Henkie T, D-Double, Jack, Sevn Alias, Josylvio",artist_not_found
"Shallou, Riah",artist_not_found
"Jory Boy, Zion, Wisin",artist_not_found
"Fred De Palma, Justin Quiles",artist_not_found
Feridun Düzağaç,artist_not_found
"Ben Fero, Anıl Piyancı",artist_not_found
"Gery-Nikol, Krisko",artist_not_found
"Wesley Safadão, Jorge",artist_not_found
"2115, Bedoes 2115, White 2115, Kuqe 2115, flexxy2115",artist_not_found
"Fernando & Sorocaba, Nego do Borel",artist_not_found
"Tiësto, Don Diablo, Thomas Troelsen",artist_not_found
"Fazıl Say, Cem Adrian, Guvenc Dagustun, Burcu Uyar, Selva Erdener",artist_not_found
"Emmsjé Gauti, Gísli Pálmi",artist_not_found
"Dimitri Vegas & Like Mike, Frenna",artist_not_found
"Sol7, RPT MCK, DCOD",artist_not_found
"Jorge & Mateus, Marília Mendonça",artist_not_found
"Oscu, Flexo",artist_not_found
"Kojo Funds, Bugzy Malone",artist_not_found
"Sigma, Louis III",artist_not_found
"OG Version, Soliaris",artist_not_found
"Miyo, Bedoes 2115",artist_not_found
"Deemz, White 2115, Donguralesko",artist_not_found
"Vector, GoodGirl LA",artist_not_found
"Bokoesam, Bartofso, Yung Felix",artist_not_found
"Dallass, Anezzi, Tz da Coronel, Caio Luccas, PJ HOUDINI, MC Maneirinho, NADAMAL, Filipe Ret",artist_not_found
"18 Kilates, Lucas Sugo",artist_not_found
"Mc Lipi, Dj GM",artist_not_found
"Q' Lokura, Banda Mix",artist_not_found
"El Cherry Scom, Shadow Blow, El Panda 15, Yailin la Mas Viral, El Chuky De Lewa",artist_not_found
"The Plug, Roddy Ricch, Yxng Bane, Chip",artist_not_found
"Sam Feldt, Rita Ora",artist_not_found
"Harryson, Yomel El Meloso, Tivi Gunz",artist_not_found
"Faruk Sabanci, Norm Ender",artist_not_found
"Mc Paiva ZS, Kotim",artist_not_found
"Zack Tabudlo, Moira Dela Torre",artist_not_found
"Ben Cristovao, Calin",artist_not_found
"Jul, Marwa Loud",artist_not_found
"Namika, Black M, Beatgees",artist_not_found
"Glockenbach, ÁSDÍS",artist_not_found
"KANI, Kube, Reino Nordin, STIG, VilleGalle",artist_not_found
"Boomdabash, Eiffel 65",artist_not_found
"DJ Dever, La Toxi Costeña",artist_not_found
"Balti, Hamouda",artist_not_found
"Zedd, Aloe Blacc",artist_not_found
"OneRepublic, Vegas Jones",artist_not_found
"Dimitri Vegas & Like Mike, Steve Aoki, Ummet Ozcan",artist_not_found
"盧子杰 James Lu, 屁孩Ryan, 柯政宏",artist_not_found
"Gotay ""El Autentiko"", Ele A El Dominio",artist_not_found
"Vishal Dadlani, Sachin-Jigar",artist_not_found
"FLEMMING, Ronnie Flex",artist_not_found
"Teflon Brothers, Aku Hirviniemi",artist_not_found
"TYS Musica, Don Miguelo, Cromo X",artist_not_found
"Mc Laranjinha, GORDÃO DO PC",artist_not_found
"Freddy Moreira, Capital Candy, Patexx",artist_not_found
"Buba Corelli, Jala Brat, Coby",artist_not_found
"PNL, R.K.M & Ken-Y",artist_not_found
"Roc Boyz, Greekazo",artist_not_found
"LOBODA, PHARAOH",artist_not_found
"Dj Decks, Mata, WoLa",artist_not_found
"A$AP Mob, A$AP Rocky, Playboi Carti, Quavo, Lil Uzi Vert, Frank Ocean",artist_not_found
"Talal Qureshi, Hasan Raheem",artist_not_found
"Lil PoP, Thug Slime, Scar, Takinio Soul",artist_not_found
"Nico & Kim, 林京燁",artist_not_found
"Musicologo The Libro, Lapiz Conciente, Secreto ""El Famoso Biberon""",artist_not_found
"Jul, A-Deal",artist_not_found
"Louis Villain, Guzior",artist_not_found
"Shade, Emma Muscat",artist_not_found
"Jore & Zpoppa, william",artist_not_found
"ANDREZO, Gson",artist_not_found
"Gilli, Mr Eazi",artist_not_found
"LEX, JP THE WAVY",artist_not_found
"Fuerza Regida, Edgardo Nuñez",artist_not_found
"Semicenk, Ziynet Sali, Ilkan Gunuc",artist_not_found
"Ghetto Phénomène, RAF Camora",artist_not_found
"OneRepublic, Negramaro",artist_not_found
"Ty Dolla $ign, Future, Kiiara",artist_not_found
"Gibbs, Kiełas, Dopehouse",artist_not_found
"Sagi Abitbul, Guy Haliva",artist_not_found
"Mellow & Sleazy, Tman Xpress, SjavasDaDeejay, TitoM",artist_not_found
"Mesa, Intars Busulis",artist_not_found
"Idaly, Ronnie Flex, Zoë Tauran",artist_not_found
"PA Sports, RAF Camora, Bonez MC",artist_not_found
"Kevin Roldan, Jowell & Randy, Andy Rivera, Gotay ""El Autentiko"", Ronald El Killa, Kafu Banton",artist_not_found
"Gucci Mane, Offset",artist_not_found
"Kelvin Momo, Babalwa M, Sfarzo Rtee",artist_not_found
GELO,artist_not_found
"TopGunn, Medina",artist_not_found
"Shiva, Headie One",artist_not_found
"Emanuela, Aria",artist_not_found
"VovaZiLvova, Morphom",artist_not_found
"D.A.M.A, Buba Espinho",artist_not_found
"Felipe Araújo, Matheus & Kauan",artist_not_found
"Liamsi, kouz1, Kikimoteleba",artist_not_found
"Sunset Bros, Mark McCabe",artist_not_found
"R3HAB, Amy Shark",artist_not_found
"El Mayor Clasico, El Mega",artist_not_found
"Mallrat, Basenji",artist_not_found
"MamboLosco, Nashley",artist_not_found
"Darude, AI AM",artist_not_found
"DJ Cayoo, DJ ESCOBAR, Nilo, MC Myres",artist_not_found
"Immune, Bloody Hawk, Raw",artist_not_found
"Alan Walker, Gavin James, Kygo",artist_not_found
"Digga D, Still Brickin'",artist_not_found
"Dubdogz, Bhaskar",artist_not_found
"Cheat Codes, Nicky Romero",artist_not_found
"Escomar, Baby Gang, Simba La Rue",artist_not_found
"Ed Sheeran, Martin Jensen",artist_not_found
"Danser Med Piger, KIDD",artist_not_found
"Jairzinho, BKO, Young Ellens, D-Rashid",artist_not_found
"Cali Y El Dandee, Bonka, Kevin Florez",artist_not_found
"Felipe Araújo, Gusttavo Lima",artist_not_found
Georgia Box,artist_not_found
"Cromo, Vegas Jones",artist_not_found
"Bilal Sonses, Rozz Kalliope",artist_not_found
"Rauw Alejandro, Dalex, Lenny Tavárez, Farruko, Anuel AA, Sech, Dímelo Flow, Justin Quiles",artist_not_found
"Mc Gabzin, DJ Swat",artist_not_found
"Maejor, Greeicy",artist_not_found
"Ex Battalion, Flow G",artist_not_found
"Dremo, Simi",artist_not_found
"Lirico En La Casa, El Mayor Clasico",artist_not_found
"Masterkraft, Bella Shmurda, Zlatan",artist_not_found
"KTIZO, Victony",artist_not_found
"KG, Jitano",artist_not_found
"Oge, Elena Tsagrinou",artist_not_found
"DJ Luian, Mambo Kingz, Ozuna, De La Ghetto, Arcangel, Anuel AA, Daddy Yankee, Nicky Jam, Farruko, J Balvin, Zion",artist_not_found
"Todiefor, SHOEBA, Roméo Elvis",artist_not_found
"Syamel, Ernie Zakri",artist_not_found
"Geeno, Luchè, CoCo",artist_not_found
"Justin Quiles, Los De La Nazza",artist_not_found
"MC G15, MC Bruninho",artist_not_found
"Seven Binks, Koba LaD, ElGrandeToto, Bolémvn",artist_not_found
"The La Planta, El Reja, 18 Kilates",artist_not_found
"MASNY BEN, mgng",artist_not_found
"A.R. Rahman, Thalapathy Vijay",artist_not_found
"Carmon, ICEKIID",artist_not_found
"SDP, Montez",artist_not_found
"Chivv, Broederliefde",artist_not_found
"CHROMANCE, Marcus Layton",artist_not_found
"Ily, Mayor Bone",artist_not_found
"MK, Sonny Fodera, Raphaella",artist_not_found
"Dj Juninho 22, Nega",artist_not_found
"#TocoParaVos, Gustas Mio",artist_not_found
"Q Twins, Xowla, Mduduzi Ncube, Big Zulu",artist_not_found
"Melendi, ChocQuibTown",artist_not_found
"Steindi Jr., Egill Ólafsson",artist_not_found
"Tyron Hapi, Laurell",artist_not_found
"Mister V, Hayce Lemsi, Volts Face",artist_not_found
"El Alfa, Farruko, Play-N-Skillz",artist_not_found
"Benab, Timal",artist_not_found
"Alina Eremia, Connect-R",artist_not_found
"Wonderframe, เด็กเลี้ยงควาย",artist_not_found
Declan J Donovan,artist_not_found
"Marouane, ElGrandeToto",artist_not_found
"Eclat Story, Kaleb J",artist_not_found
"Los 4, Mayco D' Alma",artist_not_found
"Landon Austin, Kaya May",artist_not_found
El negro tecla,artist_not_found
"Tymek, 2K, Michał Graczyk, Oki, PlanBe",artist_not_found
"Mrozu, Vito Bambino",artist_not_found
"DJ Matt D, Menor MC",artist_not_found
"Balken, ZK",artist_not_found
"Faustix, Skinz",artist_not_found
"Ajda Pekkan, Bahadır Tatlıöz",artist_not_found
"Diego & Arnaldo, Vitor Fernandes",artist_not_found
"Bad Boy Timz, Olamide",artist_not_found
"Pepe : Vizio, Delaossa, KIDDO",artist_not_found
"Dalyb, Porsche Boy",artist_not_found
"BAKV, ATC Nico, ATC Coco",artist_not_found
"Huginn, Þórdís Björk",artist_not_found
"Ina Wroldsen, Alan Walker",artist_not_found
"FLY LO, Mike G, Nuki",artist_not_found
"K2, Buka",artist_not_found
"El Alfa, Rochy RD, Chael Produciendo",artist_not_found
"DYSTINCT, SRNO",artist_not_found
"Miriam Bryant, Jireel",artist_not_found
"Killer Kau, Mr JazziQ, Reece Madlisa, Zuma, ThackzinDJ",artist_not_found
Mikael,artist_not_found
"Jorja Smith, Preditah",artist_not_found
"Clasifica2, Jo-Well, Randy",artist_not_found
"El Kid, Italian Somali, Tobe Love, El Zeta",artist_not_found
"Kiddtetoon, Polimá Westcoast, Julianno Sosa",artist_not_found
"Fred & Fabrício, Hugo & Guilherme",artist_not_found
"Sam Deep, Playgal, De Mthuda, Babalwa M, Sipho Magudulela",artist_not_found
"Lenny Tavárez, Beéle",artist_not_found
Anthony,artist_not_found
"Otsochodzi, Young Igi",artist_not_found
"Equalz, Hef",artist_not_found
"Quebonafide, Young Igi",artist_not_found
"Flow 28, Ceky Viciny, B One El Productor De Oro",artist_not_found
"Wesley Safadão, Tarcísio do Acordeon",artist_not_found
"Kunto Aji, Nadin Amizah",artist_not_found
"The Partysquad, Equalz",artist_not_found
"Chucky73, Dowba Montana",artist_not_found
"Vibe Chemistry, Songer, Mr Traumatik, Devilman, OneDa",artist_not_found
"ITHAN NY, Gino Mella, King Savagge, Best",artist_not_found
"Orange, Thuan Nguyen",artist_not_found
"Blaq Diamond, Big Zulu, Siya Ntuli",artist_not_found
"Vegas Jones, Guè",artist_not_found
"Josef Og Elias, ICEKIID",artist_not_found
"Young Cister, Taiko",artist_not_found
"El Alfa, Farina",artist_not_found
"Dimitri Vegas & Like Mike, Regard, Dimitri Vegas",artist_not_found
"Ermal Meta, Elisa",artist_not_found
"Nura, SAM",artist_not_found
"Berry Sakharof, Balkan Beat Box",artist_not_found
"Ernia, Guè",artist_not_found
"Christian Nodal, David Bisbal",artist_not_found
"Hilltop Hoods, Adrian Eagle",artist_not_found
"Mc Pikachu, DJ Arana",artist_not_found
"Balbi El Chamako, Agus Padilla, Bayriton, Franco ""El Gorilla"", Jere Klein, La Cebolla, Marcianeke",artist_not_found
"Calvin Harris, Justin Timberlake, Halsey, Pharrell Williams",artist_not_found
"Dyamante DJ, Mc Gw",artist_not_found
Vibe2Vibe,artist_not_found
"Chantel Jeffries, Offset, Vory",artist_not_found
"R3HAB, ZAYN, Jungleboi",artist_not_found
"Migrantes, Luck Ra, MYA, Nico Valdi",artist_not_found
"MELO, ibe",artist_not_found
"Milbo, Ealay",artist_not_found
"AKA, Nasty C",artist_not_found
"marp$, Clicherik, Siimi",artist_not_found
"Young Stunna, Nkulee501, Skroef 28",artist_not_found
"Severina, Azis",artist_not_found
"Sıla, Yalın",artist_not_found
"Dj Chris No Beat, Luan Pereira, Ana Castela",artist_not_found
Triple One,artist_not_found
"MR.BLACK, Offer Nissim",artist_not_found
Virginia To Vegas,artist_not_found
"Keung To, Jhen F",artist_not_found
"Dara Ekimova, Iskrata",artist_not_found
"Marina Maximilian, Itay Galo",artist_not_found
"JoeyAK, Lil Kleine, Kevin",artist_not_found
"Uncle Waffles, Tony Duardo, Sino Msolo, BoiBizza",artist_not_found
"Hardwell, Austin Mahone",artist_not_found
"Tungevaag, Sick Individuals, MARF",artist_not_found
"Yung Snapp, ANNA",artist_not_found
"Takako Matsu, AURORA",artist_not_found
"A1 x J1, Aitch",artist_not_found
"Agustín Casanova, Chyno Miranda",artist_not_found
"iLL BLU, Krept & Konan, Loski, ZieZie",artist_not_found
"Mikael Gabriel, Heikki Kuula",artist_not_found
"FELIX SANDMAN, Astrid S",artist_not_found
"Clandistino, Numidia",artist_not_found
"Langesjaak, Joyba",artist_not_found
"Mc Jajau, DJ LG",artist_not_found
"Callejero Fino, El Pesa 9",artist_not_found
"CLMD, Skinny Days",artist_not_found
"Flo Rida, Sam Martin",artist_not_found
"Slim Mill, Jedidi, Mahku",artist_not_found
"Frenna, Jonna Fraser, Dopebwoy",artist_not_found
"Szpaku, Rolex, The Returners",artist_not_found
"Rondodasosa, Nko, Central Cee",artist_not_found
Isolate.exe,artist_not_found
"Temple Boys Cpt, Young King The Vocalist",artist_not_found
"FIESTA!, DJ Alex",artist_not_found
"Rack, Oge, MENJU",artist_not_found
"Stormzy, Aden x Asme",artist_not_found
"SB Maffija, Bedoes 2115, White 2115, Kuqe 2115, flexxy2115, Blacha 2115, Kubi Producent",artist_not_found
Cookiee Kawaii,artist_not_found
"GLK, Koba LaD, RK",artist_not_found
"Ariana Grande, Doja Cat",artist_not_found
"Huginn, Friðrik Dór",artist_not_found
"Luan Santana, Luísa Sonza",artist_not_found
"Kabza De Small, Young Stunna, Nobuhle, Ze2",artist_not_found
"Vlins, Laura Yasmin",artist_not_found
"Quevedo, Juseph",artist_not_found
"Rombai, Abraham Mateo, Reykon",artist_not_found
"Zion & Lennox, Maria Becerra",artist_not_found
"Wesley Safadão, Fernando & Sorocaba",artist_not_found
"Bakermat, Marie Plassard",artist_not_found
"Lwah Ndlunkulu, Siya Ntuli",artist_not_found
"Eelke Kleijn, Joris Voorn",artist_not_found
"Felix Jaehn, The Stickmen Project, Calum Scott",artist_not_found
"ElGrandeToto, Tagne, Draganov, Stormy, Khtek, Abduh, 7liwa, Vargas, OUENZA, Figoshin, Dollypran, Smallx",artist_not_found
"WOS, CA7RIEL",artist_not_found
"Hayden James, Nat Dunn",artist_not_found
"Sayedar, Önder Şahin, Ceza",artist_not_found
"Mac Júlia, Pejota",artist_not_found
"167 Gang, Simba La Rue",artist_not_found
"Jul, Elai, Rhove, Morad",artist_not_found
"Leo Santana, Luísa Sonza",artist_not_found
"So!YoON!, Phum Viphurit",artist_not_found
"Malik Montana, Żabson",artist_not_found
"Mata, GOMBAO 33, Deemz",artist_not_found
"Ismo, Madina",artist_not_found
"Madonna, Maluma",artist_not_found
"MASKETEER, Sleep Flowz, JKR",artist_not_found
"Hodak, 2K, Deemz",artist_not_found
"Trap Capos, Noriel, Yandel",artist_not_found
"KęKę, Grizzlee",artist_not_found
"Maffio, Darell, Don Miguelo",artist_not_found
"BKO, Sevn Alias, Jairzinho",artist_not_found
"Jul, Houari",artist_not_found
"Young Lex, gamaliél",artist_not_found
"Nil Moliner, Yera",artist_not_found
"Iggy Azalea, Tyga",artist_not_found
"Topic, Robin Schulz, Nico Santos, Paul van Dyk",artist_not_found
"Omy de Oro, Bad Bunny, Shootter Ledo",artist_not_found
"Narcisa, Lele",artist_not_found
"Orochi, Kizzy",artist_not_found
"Mc Livinho, Gerex, Maejor",artist_not_found
"Husayn, FL EX",artist_not_found
"James Hype, Miggy Dela Rosa, Lazza",artist_not_found
"Sun-El Musician, Msaki",artist_not_found
"Tita, Krisko",artist_not_found
"Rauw Alejandro, Wisin",artist_not_found
"MC 3L, DJ J2, DJ PBeats, Mc Ygor Yanks",artist_not_found
"KKevin, L.L. Junior",artist_not_found
"Pritam, Tanishk Bagchi, Neeraj Shridhar",artist_not_found
"Zara Larsson, Alex Adair",artist_not_found
"ACRU, WOS",artist_not_found
"Flow 28, Kiko el Crazy, Leo RD",artist_not_found
"Dani Faiv, thasup",artist_not_found
"Mayday, Jam Hsiao",artist_not_found
"Bosx1ne, John Roa, Skusta Clee, Emcee Rhenn, Flow G, Bullet-D, Kent Mnl",artist_not_found
"Lefa, Lomepal",artist_not_found
"Mc Livinho, Mc Davi",artist_not_found
"Avicii, Aluna",artist_not_found
"Tony Dize, Plan B",artist_not_found
"Soolking, Boro Boro",artist_not_found
"Rose Villain, Tony Effe",artist_not_found
"Messiah, Nicky Jam, Ozuna",artist_not_found
"Ilkay Sencan, Dynoro",artist_not_found
"Meet Bros., Amit Gupta",artist_not_found
"Marpo, SpecialBeatz, Separ",artist_not_found
"Aymane Serhani, Ahmed Chawki",artist_not_found
"Smiley, Juno",artist_not_found
"Suni Hạ Linh, Hoàng Dũng, GREY D, Orange, tlinh",artist_not_found
"Wale, Major Lazer, Wizkid, Dua Lipa",artist_not_found
"Seven Kayne, KHEA, Bhavi, Omar Varela, MYKKA",artist_not_found
"Burak Bulut, Mustafa Ceceli, Kurtuluş Kuş",artist_not_found
"Cliff, Yden",artist_not_found
"Lil J, Alan D, MK",artist_not_found
"Andi Bernadee, Ismail Izzani",artist_not_found
"BIG Naughty, Kim MinSeok",artist_not_found
"Pavell & Venci Venc', Mihaela Fileva",artist_not_found
"Jovani, Beissoul, Einius",artist_not_found
"Vale pain, Nko",artist_not_found
"ONIMXRU, SMITHMANE",artist_not_found
"Justin Quiles, Arcangel, Dalex, KEVVO",artist_not_found
"Villosoul, Khanyisa, Focalistic, Acutedose",artist_not_found
"Nuha Bahrin, Naufal Azrin",artist_not_found
"Morgan Sulele, Nico D",artist_not_found
"Josimar y Su Yambú, Son Tentación",artist_not_found
"MC MENOR HR, DJ Cayoo",artist_not_found
"KHEA, LIT killah, Rusherking",artist_not_found
"Kianush, Moe Phoenix",artist_not_found
"DJ Tunez, Wande Coal, Victony",artist_not_found
"Mark B., El Alfa, El Batallon, Don Miguelo, Nfasis, Arcangel, Farruko, J Alvarez, El Mayor Clasico",artist_not_found
"Azahriah, DESH, Young Fly",artist_not_found
"Aliyah, SBMG",artist_not_found
"Pedro Calderon, D' La Crem",artist_not_found
"Mc Jacaré, Dj Tk",artist_not_found
"Emmsjé Gauti, Bent",artist_not_found
"David Guetta, Afrojack, Nicki Minaj",artist_not_found
"Mrs. GREEN APPLE, asmi",artist_not_found
"Daddy Yankee, Myke Towers, Jhayco",artist_not_found
L'Omy,artist_not_found
"Bresh, SHUNE, PSICOLOGI",artist_not_found
"El Alfa, Light GM",artist_not_found
"Luis Ángel Gómez Jaramillo, Gael Garcia Bernal",artist_not_found
"Kail BRL, Standly, Benji La Maldita Escritura De Oro, Tobal Mj",artist_not_found
"PEDRO SAMPAIO, Mc Jefinho",artist_not_found
"Charlie Puth, Tyga",artist_not_found
"Aden, Asme",artist_not_found
"10cm, BIG Naughty",artist_not_found
"DELLAFUENTE, Pepe : Vizio",artist_not_found
"Kanishk Seth, Kavita Seth",artist_not_found
"Abel de Jong, Mr. Polska, Malik Montana",artist_not_found
"BIN, Major RD, Mainstreet",artist_not_found
"Alan Walker, Conor Maynard",artist_not_found
"Josylvio, Boef",artist_not_found
"Hassa1, Flack",artist_not_found
"Troniq Music, Oxlade",artist_not_found
"Raaban, Tungevaag, A7S",artist_not_found
"Bow Maylada, Lipta",artist_not_found
"Piruka, Vate, Savage",artist_not_found
"Auður, gugusar",artist_not_found
"Die Zipfelbuben, DJ Cashi",artist_not_found
"bryska, Skytech",artist_not_found
"Alexandra Joner, Mohombi",artist_not_found
"Vilma Alina, Jon-Jon",artist_not_found
"Guilherme & Benuto, Dilsinho",artist_not_found
"Leslie Shaw, Thalia, Farina",artist_not_found
"Tyson Yoshi, MADBOII",artist_not_found
"Portion Boys, Teflon Brothers",artist_not_found
"YSY A, Duki, Neo Pistea",artist_not_found
"MOBBERS, ProfJam, T-Rex",artist_not_found
"Mellow & Sleazy, Chley, Boontle RSA, 2woshort, TNK MusiQ",artist_not_found
"OLAS, Mazais Zaļais, Peteris Upelnieks",artist_not_found
"V:RGO, EMIL TRF, FYRE, 2bona",artist_not_found
"Matoma, Ayme",artist_not_found
"JXO, ODE, Jere",artist_not_found
"BARBEL, Kevin, Anyuri, Vyron, VITALI",artist_not_found
"Fulo El Yeyo, Yemil, Tobe Love",artist_not_found
Bustamante,artist_not_found
"Aste, Aleksanteri Hakaniemi",artist_not_found
"Giorgia, Marco Mengoni",artist_not_found
"Nessyou, DJ Sim-H, ElGrandeToto",artist_not_found
"Diego & Victor Hugo, Maiara & Maraisa",artist_not_found
"MOTi, Alida",artist_not_found
"Mad Dogz, Felipe Amorim",artist_not_found
"Da LAB, Phuong Ly",artist_not_found
"Pushkin RSA, Springle, Mankay & Choco Dynasty",artist_not_found
"Rhove, Paky",artist_not_found
"The Shin Sekaï, Gradur",artist_not_found
"OIK, BIN, IssoQueÉSomDeRap",artist_not_found
"Osmani Garcia ""La Voz"", Justin Quiles, Fuego",artist_not_found
"Kabliz, T.O.T",artist_not_found
"Rose Villain, Geolier",artist_not_found
"RAN, Yura Yunita",artist_not_found
"Tagne, 7liwa",artist_not_found
"Fedez, Boomdabash",artist_not_found
"Epik High, LeeHi",artist_not_found
"Roddy Ricch, Meek Mill",artist_not_found
"J SOUL BROTHERS III, Yellow Claw",artist_not_found
"Mc Frog, Mc Mika, Mc Gebe, Mc Vh Diniz",artist_not_found
"Macky, Thrife, HAVAL, Abidaz",artist_not_found
"Spanker, Jandro, Frenna",artist_not_found
"Dree Low, K27, Lani Mo, 1.Cuz, 24K, Blizzy",artist_not_found
"Pailita, Cris Mj, Young Cister",artist_not_found
"Trueno, NATHY PELUSO",artist_not_found
"Nickoog Clk, Standly, Izahn",artist_not_found
"Dagny, BØRNS",artist_not_found
"Rauw Alejandro, Lyanno, Mathew",artist_not_found
"Sofiane, Bakyl",artist_not_found
"Tungevaag, Raaban, Venior",artist_not_found
"Rennan da Penha, MC 2jhow",artist_not_found
"Nerone, Gemitaiz, Salmo",artist_not_found
"SDM, Tiakola",artist_not_found
"Parov Stelar, Graham Candy",artist_not_found
"Artem Pivovarov, DOROFEEVA",artist_not_found
"ALIZADE, BEGE",artist_not_found
"Flow 28, Zunna",artist_not_found
"Oki, Bodhi",artist_not_found
"Sech, Yemil, Dubosky",artist_not_found
"joel music, Puch Flow",artist_not_found
"ODT, MamboLosco",artist_not_found
"Still Fresh, Abou Debeing",artist_not_found
"Da LAB, Tóc Tiên",artist_not_found
"ItsOnlySkillz, iLLEOo, Night Grind",artist_not_found
"Mila, Petter Ferraz, Menor Nico",artist_not_found
"Young Stunners, Talha Anjum, Talhah Yunus, Bilal Ali",artist_not_found
"King Perryy, Bella Shmurda, BackRoad Gee",artist_not_found
"Nasty C, Rowlene",artist_not_found
"Jessie Ware, Alexander Adair",artist_not_found
"Luis Fonsi, Rauw Alejandro",artist_not_found
"Jador, Manele Mentolate",artist_not_found
"Jocelyn Alice, Galloway",artist_not_found
"Pabllo Vittar, POCAH, Mc Mayara",artist_not_found
"Gavin James, Philippine",artist_not_found
"Kevin, Hef, Quesswho",artist_not_found
"Chris Brown, Gunna",artist_not_found
"Duki, Aleman",artist_not_found
"Fouzi Torino, Nassi",artist_not_found
"Yellow Claw, Jonna Fraser, Moksi",artist_not_found
"Fabe, JVG",artist_not_found
"Hidra, Şehinşah",artist_not_found
"Chani Nattan, Inderpal Moga",artist_not_found
"Netsky, A.CHAL",artist_not_found
"Benal, Suspekt",artist_not_found
"SB19, Ben&Ben",artist_not_found
Jessica Lovelace,artist_not_found
"T.Y.E, BNXN fka Buju",artist_not_found
"Jere Klein, Lucky Brown",artist_not_found
"MC Cabelinho, Dallass",artist_not_found
"Azteca, Amuly, Rava",artist_not_found
"Ekhoe, ibbigang, Szalai",artist_not_found
"Aya Nakamura, Loredana",artist_not_found
"NCT, NCT U",artist_not_found
"Nunu, Sagi Kariv, Forever Tel Aviv",artist_not_found
"Tunechikidd, Marcianeke, Youngvaras, Vishoko",artist_not_found
"Mavi Gri, Ahmet Hatipoğlu",artist_not_found
"Hoà Minzy, Văn Mai Hương",artist_not_found
"Essam Sasa, Mostafa Elgen",artist_not_found
"Sinan Ceceli, Ece Seçkin",artist_not_found
"Axel Rulay, Farruko, El Alfa",artist_not_found
"V:RGO, Atanas Kolev",artist_not_found
"Oki, @atutowy",artist_not_found
"J-King y Maximan, Tito ""El Bambino""",artist_not_found
Palisades,artist_not_found
"LVNDSCAPE, Rat City",artist_not_found
"Xabski, Sivas",artist_not_found
"Neffa, Coez, TY1",artist_not_found
"Ukendt Kunstner, Lord Siva",artist_not_found
"Daniel Cosmic, Astol",artist_not_found
"Summer Walker, Bryson Tiller",artist_not_found
"Dengaz, Matay, Di Noise",artist_not_found
"Farruko, Anuel AA",artist_not_found
"A Boogie Wit da Hoodie, DJ SpinKing",artist_not_found
Yashua,artist_not_found
"Pijama Party, Chule",artist_not_found
"Alan Walker, Jamie Miller",artist_not_found
"Soolking, Reynmen",artist_not_found
"Olivia Lobato, Björn Holmgren",artist_not_found
"Pil C, Calin, SpecialBeatz",artist_not_found
"Amindi, Tessellated, Valleyz",artist_not_found
"Tefo, Seda Tripkolic",artist_not_found
"Bartofso, 3robi, Mula B",artist_not_found
"No Limit, Bosh, Heuss L'enfoiré",artist_not_found
"Zeamsone, Young Igi",artist_not_found
"Netsky, Bazzi, Lil Wayne",artist_not_found
"V:RGO, Alex & Vladi",artist_not_found
"Boom Boom Cash, THAITANIUM",artist_not_found
"Tiago PZK, Rvssian",artist_not_found
"DAVI, Ardian Bujupi",artist_not_found
"Tion Wayne, La Roux",artist_not_found
"The Weeknd, Labrinth",artist_not_found
"MC Joãozinho VT, DJ BOY, Mc Kako, MC Marks, MC Ryan SP, MC GP, MC Erik, Dj GM",artist_not_found
"Casper Magico, Rauw Alejandro",artist_not_found
"Boef, Numidia, Cristian D, Diquenza",artist_not_found
"Daniil, Gvdjon, Þorri",artist_not_found
"Nando Reis, ANAVITÓRIA",artist_not_found
"Stay Flee Get Lizzy, Fredo, Young T & Bugsey",artist_not_found
"DJ Antoine, Sido, Moe Phoenix",artist_not_found
"พัด Vorapat, First Anuwat",artist_not_found
"Samson, EME",artist_not_found
"Miway, Valeria Gau",artist_not_found
"Robi Guid, Lh Da Produzza",artist_not_found
"Martin Garrix, John & Michel",artist_not_found
"Vanessa Mai, Olexesh",artist_not_found
"Diego & Victor Hugo, Matheus & Kauan",artist_not_found
"Fababy, KeBlack, Naza",artist_not_found
"V:RGO, Boro Purvi",artist_not_found
"Yandel, Myke Towers, Natti Natasha, Darell",artist_not_found
"Jarryd James, Julia Stone",artist_not_found
"Leo Santana, MC Rogerinho, MC Kevinho",artist_not_found
"Olamide, Bella Shmurda",artist_not_found
"Felix Jaehn, Zoe Wees",artist_not_found
"Princesa Alba, Gianluca",artist_not_found
"Rvfv, Keen Levy",artist_not_found
"SBMG, Diquenza",artist_not_found
"Calema, Dj Youcef",artist_not_found
"SNIK, Strat",artist_not_found
"Sir Mich, TEDE",artist_not_found
"El Alfa, El Lodre",artist_not_found
"Young Igi, 2K",artist_not_found
"Jidenna, Kendrick Lamar",artist_not_found
"Poco Lee, Black Sherif, Bella Shmurda, Alpha P",artist_not_found
"Gruby AK47, Zeju POG, Japczan",artist_not_found
"Portion Boys, Pasi ja Anssi",artist_not_found
"Carlos Vives, Fanny Lu, Fonseca, Maluma, Andrea Echeverri, Cholo Valderrama, Coral Group, Herencia de Timbiqui",artist_not_found
"Galantis, Lucas & Steve, ILIRA",artist_not_found
"Onad, Kidd",artist_not_found
"Saske, Sigma, Esaw",artist_not_found
"Dedublüman, Mavzer Tabancas",artist_not_found
"Lali, A.CHAL",artist_not_found
"Broiler, Papito MIERDA",artist_not_found
"Nico Santos, Broiler",artist_not_found
"Gradur, Jul",artist_not_found
"Djadja & Dinaz, DJ Babs",artist_not_found
"Keta, Manny Troublez, Baby Gang",artist_not_found
"Perera DJ, Mc Livinho, Mc Davi, Mc Brinquedo, Mc Pedrinho",artist_not_found
"DJ Maphorisa, Kabza De Small, Mhaw Keys",artist_not_found
"KayGee DaKing, Bizizi, Killer Kau",artist_not_found
"Kevin, Emms",artist_not_found
"Mike Lowrey, Gobs, Thomas Helmig",artist_not_found
"1MILL, FIIXD, SUNNYBONE",artist_not_found
"Mc Livinho, Theus Costa, MC Bruna Alves, Faixa Rosa",artist_not_found
"The Motans, RAVA",artist_not_found
"FRANKIE, Lost Kings",artist_not_found
"Żabson, Waima, Pedro, francis",artist_not_found
"Eric Saade, Gustaf Norén, Filatov & Karas",artist_not_found
"Justin Quiles, Bad Bunny, Almighty",artist_not_found
"PLK, Timal",artist_not_found
"Jay Music, Mellow & Sleazy, DJ SOL K",artist_not_found
"Timran, Zell, Batrai, Aslai",artist_not_found
"K-Fly, McN",artist_not_found
MIYEON,artist_not_found
"Guè, ANNA, Sfera Ebbasta",artist_not_found
"Amenazzy, Beny Jr",artist_not_found
"Bloody Hawk, Dani Gambino",artist_not_found
"Shaka Loveless, Simon Kvamm",artist_not_found
"Pabi Cooper, Focalistic, Ch'cco, LuuDadeejay, Nobantu Vilakazi",artist_not_found
"Outsiders, Django Wagner",artist_not_found
"Emma, Loredana Bertè",artist_not_found
"King Savagge, L-Gante, El Jordan 23, Cris Mj, Marcianeke, Drakomafia",artist_not_found
"Nicki Minaj, Labrinth, Eminem",artist_not_found
"ELIF, Samra",artist_not_found
"DJ 2L da Rocinha, MC Meno K",artist_not_found
"Iyanya, Davido, Kizz Daniel",artist_not_found
"Lunay, Chris Jedi, Chencho Corleone",artist_not_found
"Lil Yachty, Trippie Redd",artist_not_found
"jautì, Justinas Jarutis",artist_not_found
"Jairzinho, Kevin, Josylvio, BKO, Vic9",artist_not_found
"Renno, Tarcísio do Acordeon",artist_not_found
"Dímelo Flow, Arcangel, Chencho Corleone, Wisin & Yandel, Myke Towers",artist_not_found
"Medina, D1MA",artist_not_found
"R3HAB, GATTÜSO",artist_not_found
"Papillon, Plutonio",artist_not_found
"Ngơ, nân",artist_not_found
"Marmi, Aitana",artist_not_found
"Dj W-Beatz, Ventura, Mc Rennan, MC Bruna Alves, MC BN, MC Rick",artist_not_found
"Mc Th, DJ Tacinho, Dj Terrorista, Medellin",artist_not_found
"Cosculluela, Anuel AA",artist_not_found
"Miriam Bryant, Joakim Berg",artist_not_found
"Bryant Myers, Anonimus, Almighty, Anuel AA",artist_not_found
"Felp 22, Rauw Alejandro, Duki, Fuego, MC Davo",artist_not_found
"Joeboy, Kwesi Arthur",artist_not_found
Ryan Adams,artist_not_found
"machineheart, Vanic",artist_not_found
"GIMS, Jul, DJ Last One",artist_not_found
"Américo, Silvestre Dangond",artist_not_found
"Galin, Lidia, Dessita, SIMONA, Adam, Costi",artist_not_found
"Qlas & Blacka, Blacka",artist_not_found
"Jaap Reesema, Beste Zangers",artist_not_found
"Jake La Furia, Brancar",artist_not_found
"Helena Paparizou, Marseaux",artist_not_found
"167 Gang, Baby Gang",artist_not_found
"Hooligan Hefs, Hooligan Skinny",artist_not_found
"Aymane Serhani, Cheikh Mokhtar El Berkani",artist_not_found
"Smolasty, Young Leosia",artist_not_found
"Baco Exu do Blues, Luísa Sonza",artist_not_found
"Murilo Huff, Zé Vaqueiro",artist_not_found
"Citybois, Few Wolves, Bastiaan",artist_not_found
"Dani Ribba, Tiago PZK",artist_not_found
"Dio, Jayh, Bokoesam, Ronnie Flex",artist_not_found
"Malacates Trebol Shop, Gaby Moreno",artist_not_found
"Balbi El Chamako, Malito Malozo, El BAI, Anonimus Kiing, Yohancito, Adan La Amenaza, Fusok, Carlitos Junior 24, BlackRoy",artist_not_found
"EL YALA, Hansel El De La H",artist_not_found
"Blxckie, Nasty C",artist_not_found
"H.E.R., Bryson Tiller",artist_not_found
"Lucio101, Brasco",artist_not_found
"Madonna, Anitta",artist_not_found
"VITUN ISO ROTSI, Sairas T, Käsipuoli, Roman Schatz",artist_not_found
"Abbot, somynem.grin",artist_not_found
"Rytmus, Sergei Barracuda",artist_not_found
"Migos, Travis Scott",artist_not_found
"YARMAK, ALISA",artist_not_found
"Galena, DJ Damyan, Costi",artist_not_found
"The La Planta, Pablito HC, Pushi",artist_not_found
OsTEKKe,artist_not_found
T DOLLAR,artist_not_found
"Fouli, Jimilian",artist_not_found
"Julianno Sosa, Pablo Chill-E",artist_not_found
"Jaycob Duque, Dr Velasquez",artist_not_found
"Sfera Ebbasta, SCH",artist_not_found
Kayo & Kuma,artist_not_found
Nona,artist_not_found
"Keizer, Supergaande",artist_not_found
"Mc Poze do Rodo, Orochi, Filipe Ret, Mainstreet, Bielzin",artist_not_found
"Hjalmer, Medina",artist_not_found
"Gino Mella, Balbi El Chamako, El Futuro Fuera De Orbita, Lleflight, Best",artist_not_found
"M Can, Yung Nigo Drippin'",artist_not_found
"Beach, Please!, Berechet",artist_not_found
"SimonC, WUY",artist_not_found
"Pusho, Myke Towers",artist_not_found
Lyn,artist_not_found
"Sturla Atlas, Auður",artist_not_found
"Jowell & Randy, Kiko el Crazy",artist_not_found
"Efecto Pasillo, Juan Magán",artist_not_found
"alyona alyona, Jerry Heil, ela.",artist_not_found
"DJ Khaled, Rick Ross, Lil Wayne, JAY-Z, John Legend, Fridayy",artist_not_found
"Krabba Mane, Birgir Hákon, Herra Hnetusmjör",artist_not_found
"Felipe & Murillo, Ana Castela",artist_not_found
"Numa, LIT killah",artist_not_found
"King Savagge, Ak4:20, Paloma Mami",artist_not_found
"Katie Keller, Bai-D",artist_not_found
"Tiwa Savage, Zinoleesky",artist_not_found
remme,artist_not_found
"Julio Melgar, Lowsan Melgar",artist_not_found
"Cavalier, Ben Cristovao",artist_not_found
"DJ Patrick Muniz, MC DOM LP, Mc L3, Dj Mizzontti",artist_not_found
"YB, Heiakim",artist_not_found
"Citybois, Emil Stabil, Young Bong, Lil Producer",artist_not_found
"Alejo Isakk, Omar Varela",artist_not_found
"Alex Sensation, Myke Towers, Jhay Cortez, Arcangel, De La Ghetto, Darell",artist_not_found
"Bvcovia, Marko Glass, IDK",artist_not_found
"Pritam, Yo Yo Honey Singh, Armaan Malik, Shashwat Singh, Amitabh Bhattacharya",artist_not_found
"Dizzee Rascal, Calvin Harris",artist_not_found
"Trannos, Eleni Foureira",artist_not_found
"فلاح المسردي, عناد المسردي",artist_not_found
"Dayme y El High, Kenai, Kevin Roldan, Mackie",artist_not_found
"GLOWINTHEDARK, SFB, Philly Moré, Ronnie Flex",artist_not_found
D'Cinnamons,artist_not_found
"Ankit Tiwari, Manoj Muntashir",artist_not_found
"Limoblaze, Lecrae, Happi",artist_not_found
"Tyla Yaweh, DaBaby",artist_not_found
"GREY D, tlinh",artist_not_found
"The Ironix, Nullzweizwei",artist_not_found
"Mahmood, Massimo Pericolo",artist_not_found
"Ude Af Kontrol, Englando",artist_not_found
"Gilli, Yo Johnny",artist_not_found
"Markul, Тося Чайкина",artist_not_found
"RAN, Hindia",artist_not_found
"Blasterjaxx, Prezioso, LIZOT, Shibui",artist_not_found
"Bryant Myers, Miky Woodz",artist_not_found
"Jairzinho, BKO, Lil Saint",artist_not_found
"V:RGO, Sami Issa, Trey Stellar",artist_not_found
"LEA, 01099, Zachi, Gustav",artist_not_found
"La K'onga, Matías Valdez",artist_not_found
"Ceky Viciny, Bulin 47, El Mayor Clasico",artist_not_found
"Ceky Viciny, El Mayor Clasico",artist_not_found
"DJ Adel, Faycel Sghir, Maya",artist_not_found
"Angelica Vale, Marco Antonio Solís",artist_not_found
"MEAN, MILLI, Pae Sax Mild, ว่าน วันวาน",artist_not_found
"Ballinciaga, ADAAM",artist_not_found
"Callejero Fino, Alejo Isakk, Locura Mix",artist_not_found
"Gente De Zona, Jay Maly, Darian Alvarez",artist_not_found
"Męskie Granie Orkiestra 2022, Bedoes 2115, Krzysztof Zalewski, Kwiat Jabłoni",artist_not_found
"Dengaz, António Zambujo",artist_not_found
"Broederliefde, Frenna, Ronnie Flex",artist_not_found
"5MIINUST, Reket",artist_not_found
"Tourist LeMC, Flip Kowlier",artist_not_found
"Beach, Please!, Ian",artist_not_found
"Gibbs, Dopehouse",artist_not_found
"Pets Tseng, WeiBird",artist_not_found
"Rytmus, Ego",artist_not_found
"Zom Marie, The Parkinson",artist_not_found
"Birgir Hákon, Þorri",artist_not_found
"Øneheart, reidenshi",artist_not_found
"Cris Mj, Gotay ""El Autentiko""",artist_not_found
"Beéle, Myke Towers, Feid",artist_not_found
"MamboLosco, Shiva",artist_not_found
"Lola Indigo, Rvfv",artist_not_found
"Bryan Mg, 3robi, SRNO",artist_not_found
"Juseph, Quevedo",artist_not_found
"Vic9, Chivv",artist_not_found
"Galantis, NGHTMRE, Liam O'Donnell",artist_not_found
"91 All Stars, Ninho",artist_not_found
"Ca$partuu, klvs, Splaesh, Korhone",artist_not_found
"Beton.Hofi, DOÓR",artist_not_found
"Eric Bellinger, Fetty Wap, 2 Chainz",artist_not_found
"Tungevaag, Kid Ink",artist_not_found
"El Alfa, Nicky Jam",artist_not_found
"Mueva Records, Bhavi, Ecko",artist_not_found
"Cláudio Ismael, Mimae",artist_not_found
"Stevy, Floris Keijzer, Berra PK, ¥ami",artist_not_found
"Genka, Paul Oja, Suur Papa",artist_not_found
"Fresquito, Mango",artist_not_found
"Aitana, Amaia",artist_not_found
Carmouflage Rose,artist_not_found
"Sebastian Noto, ibe",artist_not_found
"ZieZie, Aitch",artist_not_found
"Skinny Days, CLMD, Slopes",artist_not_found
"Qlas & Blacka, Boef",artist_not_found
"Lartiste, Lyna Mahyem",artist_not_found
"Samuel, Francesca Michielin",artist_not_found
"Guè, Willy William",artist_not_found
"Gabry Ponte, R3HAB, Timmy Trumpet",artist_not_found
"Bozza, badmómzjay, Kool Savas, Sido",artist_not_found
"Martin Jensen, Georgia Ku",artist_not_found
"Frijo, Rodridi, Paulo Londra",artist_not_found
"Logos Timis, Koraki, Eleuthero Pneuma, Tokesick",artist_not_found
"Shadow Blow, Bryant Myers, Tivi Gunz",artist_not_found
"French Montana, The Weeknd, Max B",artist_not_found
"Yvonne Catterfeld, Bengio",artist_not_found
"Hornet La Frappe, Vald",artist_not_found
"Nil Moliner, Ana Mena",artist_not_found
"Annet X, Ben Cristovao",artist_not_found
"El Alfa, Doble T & El Crok",artist_not_found
"Fymme Bongkot, Ruj Supharuj, LOWFAT",artist_not_found
"Emmsjé Gauti, Úlfur Úlfur",artist_not_found
"Gli Autogol, DJ Matrix, Arisa, Ludwig",artist_not_found
"El Experimento (Macgyver), Ceky Viciny, La Insuperable, Rochy RD, Quimico Ultra Mega, Bulin 47, Onguito Wa, La Sabiduria, Gatillero 23, Jc La Nevula, El Bloonel, Yofrangel",artist_not_found
"Cazzu, Maikel Delacalle",artist_not_found
"Rebecca, DJ Will22, Anitta",artist_not_found
"Lucky Rose, Tep No",artist_not_found
"Yksi Totuus, Kari Vepsä",artist_not_found
"Manuel Riva, Eneli",artist_not_found
"Manuel2Santos, Pilson, AX 13",artist_not_found
"The Sheep, T.R.I",artist_not_found
"Smolasty, 730 Huncho, Nearr",artist_not_found
"G4OUR, MAYOT",artist_not_found
"Dastic, CADE",artist_not_found
"RAVA, NOSFE, YNY Sebi",artist_not_found
"Mas Music, Riky Rick, Sha Sha, DJ Maphorisa, Kabza De Small",artist_not_found
"Misha Omar, Hafiz Suip",artist_not_found
"ChildsPlay, MocroManiac, Hef, Boef, Lijpe",artist_not_found
"T-Pain, Akon",artist_not_found
"Mad Dogz, Marcynho Sensação",artist_not_found
"Gregory Porter, Troy Miller",artist_not_found
"Médine, Lartiste, Lino, Sofiane, Alivor, Seth Gueko, Ninho, Youssoupha",artist_not_found
"Albatraoz, Kåren",artist_not_found
"Leka el Poeta, Mishelle Master Boys, DJ Yayo",artist_not_found
"Kim Seungmin, Punch",artist_not_found
"Mac Miller, Anderson .Paak",artist_not_found
"Yzomandias, NobodyListen, Luca Brassi10x, Saul, Blako, Nik Tendo",artist_not_found
"Amenazzy, Rochy RD",artist_not_found
"Gino Mella, Jairo Vera, Big Cvyu",artist_not_found
"AVA, Medy, VillaBanks",artist_not_found
"Medi, Azis",artist_not_found
"Omega, Bad Bunny",artist_not_found
"Bogdan DLP, Gheboasă, LilCagula, Beach, Please!",artist_not_found
"Ghetto Phénomène, Jul",artist_not_found
"Jake Paul, Team 10",artist_not_found
"Juanka, Jay Wheeler",artist_not_found
"Anet Sai, NILETTO",artist_not_found
"MC Torugo, MC Fahah",artist_not_found
"Jay Santos, Fuego",artist_not_found
"Mithoon, Arijit Singh, Manoj Muntashir",artist_not_found
"Metejoor, Snelle",artist_not_found
"Sima Martausová, For You",artist_not_found
"Nakash Aziz, Sunidhi Chauhan, B. Ajaneesh Loknath",artist_not_found
"Tutto Durán, DCS",artist_not_found
"Alex Sensation, Gente De Zona",artist_not_found
"Faustix, De Danske Hyrder",artist_not_found
"El Alfa, Quimico",artist_not_found
"Beach, Please!, Gheboasă",artist_not_found
"TIX, Hver gang vi møtes",artist_not_found
"El Alfa, La Manta Rd, Anonimus, Paramba, Neno Man, La Kikada",artist_not_found
"El Fecho RD, Ceky Viciny, Musicologo The Libro, Yomel El Meloso, Nino Freestyle",artist_not_found
"Byejack, Gigi Cheung",artist_not_found
"Troye Sivan, Gryffin",artist_not_found
"Mark B., Farruko, Justin Quiles, Kevin Roldan, DJ Luian, Mambo Kingz",artist_not_found
"Lucas & Steve, Tungevaag",artist_not_found
"Theo Rose, Ian",artist_not_found
"Kelemen Kabátban, Eckü",artist_not_found
"Rochy RD, Tokischa",artist_not_found
"Mahalia, Burna Boy",artist_not_found
"Jayh, Mula B, Bizzey, Dopebwoy",artist_not_found
"Bryant Myers, Nicky Jam",artist_not_found
"Taty pink, Romeu",artist_not_found
"The Rudeboyz, Greeicy",artist_not_found
"Mithoon, Arijit Singh, Neeti Mohan, Karan Malhotra",artist_not_found
"Henkie T, Bryan Mg, Yssi SB, FRNKIE",artist_not_found
"Brytiago, Polimá Westcoast",artist_not_found
"Henkie T, Qlas & Blacka",artist_not_found
"Giorgos Mazonakis, Arash",artist_not_found
"Zwette, Molly",artist_not_found
"Coscu, Bizarrap, FMK, Ale Zurita, Renzo Luca",artist_not_found
"Golden Features, Julia Stone",artist_not_found
"aLee DJ, Dj Lauuh ELOY",artist_not_found
"NOËP, Liis Lemsalu",artist_not_found
"ARY, Liaze",artist_not_found
"Mensa, Broski",artist_not_found
"Ricky Martin, Paloma Mami",artist_not_found
"VAX, Ellise",artist_not_found
"Violatorz, Darryl, Keizer, Sjaak, Svenchy",artist_not_found
"CantoParaBailar, Sin Limite",artist_not_found
"C4 Pedro, Agir",artist_not_found
"Rasel, Bebe, Xantos",artist_not_found
"YOUNGTAK, 고은아",artist_not_found
"Diego & Victor Hugo, Jorge & Mateus",artist_not_found
"KęKę, Białas",artist_not_found
"Davai, Call Me Loop, Lisa Ajax",artist_not_found
"Zé Felipe, LUDMILLA",artist_not_found
"Lamin, KESI, Benny Jamz",artist_not_found
"MC Kevinho, 2 Chainz, French Montana, Nacho",artist_not_found
"Trippie Redd, Polo G, Lil Durk",artist_not_found
"Winati, Moonshine, BELLMAN, Louise CS",artist_not_found
"Thaman S, Sri Krishna, Prudhvi Chandra, Ram Miriyala",artist_not_found
"El Mayor Clasico, Rochy RD",artist_not_found
"João Gomes, Tarcísio do Acordeon",artist_not_found
"Beton.Hofi, gyuris, Beatrick",artist_not_found
"Beach, Please!, Gheboasă, LilCagula",artist_not_found
"Quimico Ultra Mega, Black Jonas Point",artist_not_found
"Opetaia Foa'i, Lin-Manuel Miranda",artist_not_found
"Dani Martín, Juanes",artist_not_found
"Nino, Nagita",artist_not_found
"DIBSET, Shooter Gang",artist_not_found
"Hugo & Guilherme, Gusttavo Lima",artist_not_found
"Jairzinho, BKO, Johnny Sellah",artist_not_found
"Duki, C.R.O, KAKTOV, Neo Pistea, YSY A",artist_not_found
"Vargas, Abduh",artist_not_found
"Glades, Mula B, Ali B, Lijpe",artist_not_found
"Madihu, Vũ.",artist_not_found
"V:RGO, Molec",artist_not_found
"King Savagge, Noriel",artist_not_found
"Disco Misr, Aziz Maraka",artist_not_found
"Hoang Thuy Linh, Thanh Bui",artist_not_found
"Standly, Yilberking",artist_not_found
"Kodaline, filous",artist_not_found
"Alex Rose, Almighty",artist_not_found
"Jon Z, Darkiel, Boy Wonder CF",artist_not_found
"Alvaro Soler, Topic",artist_not_found
"V:RGO, SHIZO",artist_not_found
"Tokischa, Eladio Carrion",artist_not_found
"Phạm Nguyên Ngọc, VAnh, Ân Nhi, BMZ",artist_not_found
"Omer Adam, Gal Adam",artist_not_found
"Devi Sri Prasad, Silambarasan TR, Haripriya",artist_not_found
"Anitta, Arcangel, De La Ghetto",artist_not_found
"Feid, Greeicy",artist_not_found
"Văn Mai Hương, Hứa Kim Tuyền",artist_not_found
"Steve Aoki, Boehm, WALK THE MOON",artist_not_found
"Gypso Ariigantha, พุฒ พุฒิชัย",artist_not_found
"Ali B, Adje, Josylvio, Sevn Alias",artist_not_found
"Carlos Vives, Wisin",artist_not_found
"Musicologo The Libro, Secreto ""El Famoso Biberon"", Gailen La Moyeta",artist_not_found
"Master KG, Burna Boy, Nomcebo Zikode",artist_not_found
"Ozuna, Nicky Jam",artist_not_found
"Byejack, Trickie Bonnie",artist_not_found
"Marcus Layton, Tin Sparrow",artist_not_found
"Tirri La Roca, DJ Tao",artist_not_found
"Gio Melody, Thug Slime",artist_not_found
"Johnny Deluxe, Anna Nordell",artist_not_found
"Lyanno, Rauw Alejandro",artist_not_found
"HEDEGAARD, Nabiha, Patrick Dorgan",artist_not_found
"Farruko, Daddy Yankee, Akon, Sean Paul",artist_not_found
"estraden, Newkid",artist_not_found
"Arcangel, De La Ghetto, Mambo Kingz, DJ Luian, BF",artist_not_found
"Café Quijano, Taburete",artist_not_found
"The Partysquad, DJ Moortje, Kempi, Adje, MC Pester",artist_not_found
"D1MA, VC Barre",artist_not_found
"Frenna, Yemi Alade",artist_not_found
"DMS, Pil C",artist_not_found
"Borixon, Kękę",artist_not_found
"Hứa Kim Tuyền, AMEE",artist_not_found
"TIPPA, Pete Parkkonen",artist_not_found
"Brytiago, Cosculluela, Justin Quiles",artist_not_found
"Lele Pons, Fuego",artist_not_found
"Diplo, Bausa",artist_not_found
"Gino Mella, King Savagge, Best",artist_not_found
"milet, Tom Lord-Alge",artist_not_found
"Tommy Torres, Daddy Yankee",artist_not_found
"Naps, Gazo",artist_not_found
Stacy,artist_not_found
"Dj GM, Mc Lipi, Oldilla, Mc Piedro, MC Paulin da Capital, MC Lemos, Mc Lele JP, MC Ryan SP, Gabb MC, Mc Paiva ZS, Love Funk",artist_not_found
"Alisia, Toni Storaro",artist_not_found
"BNXN fka Buju, Blaq Diamond",artist_not_found
"Jinho 9, KATNUF, Jeriel Thunder, Bizzey",artist_not_found
"Zé Felipe, MC Mari",artist_not_found
"Miu Lê, Karik, Chau Dang Khoa",artist_not_found
"Tanishk Bagchi, Gippy Grewal, Zahrah S Khan, Romy, Abrar Ul Haq",artist_not_found
"Nivaldo Marques, NATTAN",artist_not_found
"Lamin, ICEKIID",artist_not_found
"Bossikan, FLY LO, Mike G",artist_not_found
"Chris Brown, Usher, ZAYN",artist_not_found
